"Data Source","World Development Indicators",

"Last Updated Date","2024-06-28",

"Country Name","Country Code","Indicator Name","Indicator Code","1960","1961","1962","1963","1964","1965","1966","1967","1968","1969","1970","1971","1972","1973","1974","1975","1976","1977","1978","1979","1980","1981","1982","1983","1984","1985","1986","1987","1988","1989","1990","1991","1992","1993","1994","1995","1996","1997","1998","1999","2000","2001","2002","2003","2004","2005","2006","2007","2008","2009","2010","2011","2012","2013","2014","2015","2016","2017","2018","2019","2020","2021","2022","2023",
"Aruba","ABW","Annual freshwater withdrawals, total (% of internal resources)","ER.H2O.FWTL.ZS","","","","","","","","","","","","","","","","","","","","","","","","","","","","","","","","","","","","","","","","","","","","","","","","","","","","","","","","","","","","","","","","",
"Africa Eastern and Southern","AFE","Annual freshwater withdrawals, total (% of internal resources)","ER.H2O.FWTL.ZS","","","","","","","","","","","","","","","","","","","","","","","","","","","","","","","","","","","","2.36802136017224","2.40834620465969","2.44942936548704","2.4905125263144","2.53081155843892","2.58259252744609","2.65699739554066","2.84594224472094","2.9157646418005","2.97622251034485","3.03452472258519","3.06317633447398","3.08964648634674","3.13109894920578","3.1563597359922","3.18876925599428","3.21099831384719","4.57792192635851","4.54311753086277","4.66819427529352","4.79242732745486","4.86812886110105","4.88181288522108","4.9175377607198","4.93752806981843","4.9546753019285","","","",
"Afghanistan","AFG","Annual freshwater withdrawals, total (% of internal resources)","ER.H2O.FWTL.ZS","","","","","","","","","","","","","","","","22.6935312831389","25.4173029338282","28.1410745847296","30.8648462354189","33.5886178861082","36.3123895370095","39.0361611876988","41.7599328383881","44.4837044892895","47.2074761399788","49.9312477906681","52.6550194415695","55.3787910922588","54.254892509438","53.1309939266172","52.0070953435843","50.8811737573701","49.7567694235419","48.6323650899258","47.5079607560976","46.3835564222694","45.2591520886532","44.134747754825","43.0159066808059","43.0159066808059","43.0159066808059","43.0159066808059","43.0159066808059","43.0159066808059","43.0159066808059","43.0159066808059","43.0159066808059","43.0159066808059","43.0159066808059","43.0159066808059","43.0159066808059","43.0159066808059","43.0159066808059","43.0159066808059","43.0159066808059","43.0159066808059","43.0159066808059","43.0159066808059","43.0159066808059","43.0159066808059","43.0159066808059","","","",
"Africa Western and Central","AFW","Annual freshwater withdrawals, total (% of internal resources)","ER.H2O.FWTL.ZS","","","","","","","","","","","","","","","","","","","","","","","","","","","","0.736781916918622","0.805783106862401","0.851124843438852","0.896188663972924","0.92933061726743","0.970821279605298","1.01935064534755","1.06788001108454","1.11579096729957","1.16370394979296","1.20922826462748","1.25934384870452","1.30562121742337","1.35180919165077","1.4020307399075","1.44047175477761","1.46228844132551","1.48410512786288","1.509503702698","1.52450868947136","1.53836912307474","1.55229989647816","1.56623623863804","1.58017258079792","1.58477494347991","1.58951016379238","1.59367737387012","1.59790779374644","1.61523141997113","1.61929679205032","1.61262867552833","1.68772839805314","1.69761002718021","1.69761002718021","","","",
"Angola","AGO","Annual freshwater withdrawals, total (% of internal resources)","ER.H2O.FWTL.ZS","","","","","","","","","","","","","","","","","","","","","","","","","","","","0.324324324324324","0.332661122635135","0.340997921013514","0.349334719324324","0.357671517702703","0.366008316013513","0.374345114324324","0.382681912702703","0.391018711013514","0.399355509324324","0.407692307702703","0.416029106013514","0.424365904391892","0.432702702702703","0.441527027027027","0.450351351351351","0.459175675675676","0.468","0.476824324324324","0.476824324324324","0.476824324324324","0.476824324324324","0.476824324324324","0.476824324324324","0.476824324324324","0.476824324324324","0.476824324324324","0.476824324324324","0.476824324324324","0.476824324324324","0.476824324324324","0.476824324324324","0.476824324324324","0.476824324324324","","","",
"Albania","ALB","Annual freshwater withdrawals, total (% of internal resources)","ER.H2O.FWTL.ZS","","","","","","","","","","","","","","","","","","","","","","","","","","","","","","","4.46096654275093","4.43040892193309","4.39985130111524","4.3692936802974","4.33873605947955","4.30817843866171","4.81293680297398","5.31769516728625","5.82245353159851","6.32721189591078","6.83197026022305","6.50728624535316","6.18260223048327","5.85791821561338","5.53323420074349","5.20855018587361","4.73018587360595","4.63843866171004","4.54669144981413","4.45494423791822","4.3631970260223","4.27144981412639","4.17970260223048","4.08795539033457","3.99620817843866","3.42007434944238","4.05947955390335","4.05576208178439","3.56133828996283","4.20446096654275","2.92193308550186","","","",
"Andorra","AND","Annual freshwater withdrawals, total (% of internal resources)","ER.H2O.FWTL.ZS","","","","","","","","","","","","","","","","","","","","","","","","","","","","","","","","","","","","","","","","","","","","","","","","","","","","","","","","","","","","","","","","",
"Arab World","ARB","Annual freshwater withdrawals, total (% of internal resources)","ER.H2O.FWTL.ZS","","","","","","","","","","","","","","","","","","","","","","","","","","","","","","","","","","","","","","","","","","","","","","","","","","","","","","","183.812733194772","181.016550616698","183.913263225097","203.725549309262","195.9904591321","216.43152033198","216.459717320754","","","",
"United Arab Emirates","ARE","Annual freshwater withdrawals, total (% of internal resources)","ER.H2O.FWTL.ZS","","","","","","","","","","","","","","","","","","","","","600","653.688888866667","707.3777778","761.066666666667","814.755555533333","868.444444466667","922.133333333333","975.8222222","1029.51111113333","1083.2","1028.2222222","1052.31111113333","1076.4","1100.48888886667","1124.5777778","1148.66666666667","1254.81333333333","1360.96","1467.10666666667","1573.25333333333","1555.86666666667","1527.92888886667","1499.99111113333","1472.05333333333","1669.36","1866.66666666667","1849.63636366667","1832.6060606","1815.5757576","1798.54545453333","1781.51515153333","1764.48484846667","1747.45454546667","1730.4242424","1713.3939394","1696.36363633333","1679.33333333333","1630","1667.33333333333","1628.66666666667","1587.33333333333","","","",
"Argentina","ARG","Annual freshwater withdrawals, total (% of internal resources)","ER.H2O.FWTL.ZS","","","","","","","","","","","","","","","","","9.45205479452055","9.46970620044521","9.48735760633562","9.50500901226027","9.52266041818493","9.54031182407534","9.55796323","9.57561463589041","9.59336697907534","9.61091744773973","9.62869502523973","9.6462202595548","9.66387166547945","9.68168709445206","9.69911139150685","9.71682588318493","9.73447728910959","9.75212869503425","9.76978010092466","9.78743150684931","9.90985787671233","10.0322842465753","10.1547106164384","10.2771369863014","10.3995633561644","10.6275077833219","10.8554522104452","11.0833966376027","11.3113410647603","11.5392854919178","11.7672299190411","11.9951743461986","12.2231187733562","12.4510632005137","12.679007627637","12.9075342465753","12.9075342465753","12.9075342465753","12.9075342465753","12.9075342465753","12.9075342465753","12.9075342465753","12.9075342465753","12.9075342465753","12.9075342465753","","","",
"Armenia","ARM","Annual freshwater withdrawals, total (% of internal resources)","ER.H2O.FWTL.ZS","","","","","","","","","","","","","","","","","","","","","","","","","","","","","","","","","","46.6248724303834","43.4903047091413","36.9004228021577","33.197259075667","26.9718617874326","29.0712931914273","28.6630704184283","27.2780288671818","25.1640180784371","25.2514943869369","28.808864265928","36.4922000291588","40.399475142149","41.215920688147","43.9131068668902","41.8865723866453","35.9236040239102","30.9957719784225","35.5445400204111","42.8779705496428","43.0820819361423","41.6970403848958","47.7037469018807","46.391602274384","41.7699373086456","39.5684502114011","41.7699373086456","41.2596588423969","","","",
"American Samoa","ASM","Annual freshwater withdrawals, total (% of internal resources)","ER.H2O.FWTL.ZS","","","","","","","","","","","","","","","","","","","","","","","","","","","","","","","","","","","","","","","","","","","","","","","","","","","","","","","","","","","","","","","","",
"Antigua and Barbuda","ATG","Annual freshwater withdrawals, total (% of internal resources)","ER.H2O.FWTL.ZS","","","","","","","","","","","","","","","","","","","","","","","","","","","","","","","3.26923076923077","3.70512826923077","4.14102557692308","4.57692307692308","5.01282057692308","5.44871788461539","5.88461538461539","6.32051288461539","6.75641019230769","7.19230769230769","7.62820519230769","8.0641025","8.5","8.9358975","9.37179480769231","9.80769230769231","9.61538461538462","9.42307692307692","9.23076923076923","9.03846153846154","8.84615384615385","8.65384615384615","8.46153846153846","8.46153846153846","8.46153846153846","8.46153846153846","8.46153846153846","8.46153846153846","8.46153846153846","8.46153846153846","8.46153846153846","","","",
"Australia","AUS","Annual freshwater withdrawals, total (% of internal resources)","ER.H2O.FWTL.ZS","","","","","","","","","","","","","","","","","","","","","","","","","","","","","","","","","","3.77036585365854","4.29069105691057","4.03459349593496","4.50410569105691","4.4569512195122","4.43540650406504","4.41386178861789","4.40228455284553","4.37682926829268","4.23451219512195","4.09219512195122","3.94987804878049","3.80756097560976","3.56842479674797","3.32928861788618","3.09015243902439","2.8510162601626","2.67784552845528","2.6859756097561","3.22520325203252","3.89186991869919","3.75264227642276","1.8739837398374","2.15914634146341","2.45094336788618","2.50609756097561","2.14024390243902","1.75609756097561","","","",
"Austria","AUT","Annual freshwater withdrawals, total (% of internal resources)","ER.H2O.FWTL.ZS","","","","","","","","","","","","","","","","","","","","","6.07272727272727","6.15890909090909","6.24509090909091","6.33127272727273","6.41745454545455","6.50363636363636","6.58654545454545","6.66945454545455","6.75236363636364","6.83527272727273","6.91818181818182","6.788","6.65781818181818","6.52763636363636","6.39745454545455","6.26727272727273","6.44454545454546","6.62181818181818","6.64363636363636","6.66545454545455","6.61090909090909","6.55818181818182","6.50363636363636","6.48386363636364","6.46409090909091","6.44431818181818","6.42454545454545","6.40477272727273","6.385","6.36522727272727","6.34545454545455","6.34545454545455","6.34545454545455","6.34545454545455","6.34545454545455","6.34545454545455","6.34545454545455","6.34545454545455","6.34545454545455","6.34545454545455","6.34545454545455","","","",
"Azerbaijan","AZE","Annual freshwater withdrawals, total (% of internal resources)","ER.H2O.FWTL.ZS","","","","","","","","","","","","","","","","","","","","","","","","","","","","","","","","","199.654959950709","201.330868761553","180.320394331485","172.15033887862","165.828712261245","154.257547751078","126.124460874923","147.479975354282","135.428219346888","122.279728897104","122.230437461491","129.611829944547","137.707948243993","145.409735058534","149.648798521257","148.921749845964","142.082563154652","137.276648182378","135.181762168823","139.199014171288","147.566235366605","147.800369685767","142.846580406654","144.041897720271","146.370918052988","149.353049907579","149.932224276032","155.144793592113","155.144793592113","","","",
"Burundi","BDI","Annual freshwater withdrawals, total (% of internal resources)","ER.H2O.FWTL.ZS","","","","","","","","","","","","","","","","","","","","","","","","","","","","0.99403578528827","1.13778865308151","1.28154151988072","1.42529438767396","1.56904725447316","1.7128001222664","1.85655299005964","2.00030585685885","2.14405872465209","2.28781159244533","2.43156445924453","2.57531732703777","2.71907019383698","2.86282306163022","2.84711729622266","2.83141153081511","2.81570576540755","2.8","2.78429423459245","2.78429423459245","2.78429423459245","2.78429423459245","2.78429423459245","2.78429423459245","2.78429423459245","2.78429423459245","2.78429423459245","2.78429423459245","2.78429423459245","2.78429423459245","2.78429423459245","2.78429423459245","2.78429423459245","2.78429423459245","","","",
"Belgium","BEL","Annual freshwater withdrawals, total (% of internal resources)","ER.H2O.FWTL.ZS","","","","","","","","","","","","","","","","","","","","","75.2541666666667","74.8211666666667","74.3881666666667","73.9551666666667","73.5221666666667","73.0891666666667","72.6561666666667","72.2231666666667","71.7901666666667","71.3571666666667","70.9241666666667","70.4911666666667","70.0581666666667","69.6251666666667","69.1921666666667","68.7591666666667","66.42125","64.0833333333333","63.6544444441667","63.2255555558333","62.7758333333333","59.4533333333333","56.1308333333333","55.1597222225","54.1886111108333","53.2175","52.5004166666667","51.7833333333333","51.075","50.0166666666667","49.6083333333333","42.35","44.1666666666667","40.2416666666667","37.9666666666667","33.2833333333333","34.9420027083333","36.6006720833333","34.7916666666667","34.9916666666667","34.9916666666667","","","",
"Benin","BEN","Annual freshwater withdrawals, total (% of internal resources)","ER.H2O.FWTL.ZS","","","","","","","","","","","","","","","","","","","","","","","","","","1.06796116504854","1.11473300970874","1.16150485436893","1.20827669902913","1.25504854368932","1.30182038834951","1.34878640776699","1.39575242718447","1.44271844660194","1.48968446601942","1.45717753106796","1.4246705961165","1.39216366116505","1.35965672718447","1.32714979223301","1.29464285728155","1.2621359223301","1.2621359223301","1.2621359223301","1.2621359223301","1.2621359223301","1.2621359223301","1.2621359223301","1.2621359223301","1.2621359223301","1.2621359223301","1.2621359223301","1.2621359223301","1.2621359223301","1.2621359223301","1.2621359223301","1.2621359223301","1.2621359223301","1.2621359223301","1.2621359223301","1.2621359223301","","","",
"Burkina Faso","BFA","Annual freshwater withdrawals, total (% of internal resources)","ER.H2O.FWTL.ZS","","","","","","","","","","","","","","","","","","","","","","","","","","2.32","2.41824","2.51648","2.61472","2.71296","2.8112","2.9096","3.008","3.1619555552","3.3159111112","3.4698666664","3.6238222224","3.7777777776","4.64","4.912","5.184","5.456","5.728","6","6.272","6.544","6.544","6.544","6.544","6.544","6.544","6.544","6.544","6.544","6.544","6.544","6.544","6.544","6.544","6.544","6.544","","","",
"Bangladesh","BGD","Annual freshwater withdrawals, total (% of internal resources)","ER.H2O.FWTL.ZS","","","","","","","","","","","","","","","","","","","","","","","","","","","","","","","","","","","","","","","","","","","","","","","","","34.1619047619048","34.1619047619048","34.1619047619048","34.1619047619048","34.1619047619048","34.1619047619048","34.1619047619048","34.1619047619048","34.1619047619048","34.1619047619048","34.1619047619048","34.1619047619048","34.1619047619048","","","",
"Bulgaria","BGR","Annual freshwater withdrawals, total (% of internal resources)","ER.H2O.FWTL.ZS","","","","","","","","","","","","","","","","","","","","","67.5238095238095","67.4380952380952","67.352380952381","67.2666666666667","67.1809523809524","67.0952380952381","64.5691111109524","62.0429841271429","59.5168571428571","56.9907301585714","36.3031746033333","35.5933333333333","34.8834920633333","34.1736507938095","33.4638095238095","32.7539682538095","32.0441269842857","31.3342857142857","30.6244444442857","29.9146031747619","29.2033333333333","27.7780952380952","31.3747619047619","31.0062857142857","30.6378095238095","30.2693333333333","29.9008571428571","29.532380952381","30.5952380952381","29.1442857142857","28.3809523809524","30.4047619047619","27.212380952381","26.0380952380952","25.6","26.8066666666667","27.0904761904762","26.9428571428571","25.8333333333333","25.8190476190476","24.1714285714286","","","",
"Bahrain","BHR","Annual freshwater withdrawals, total (% of internal resources)","ER.H2O.FWTL.ZS","","","","","","","","","","","","","","","","","","","","","","","","","","","","","","","4872.5","4956.73077","5194.1826925","5447.2115375","5700.240385","5953.26923","6206.2980775","6459.3269225","6712.35577","6965.384615","7218.4134625","6808.108975","6397.8044875","5967.5","5832.045455","5696.59091","5561.1363625","5425.6818175","5290.2272725","5154.7727275","5019.3181825","4883.8636375","4748.40909","4612.954545","4477.5","3977.5","3877.5","3877.5","3877.5","3877.5","3877.5","","","",
"Bahamas, The","BHS","Annual freshwater withdrawals, total (% of internal resources)","ER.H2O.FWTL.ZS","","","","","","","","","","","","","","","","","","","","","","","","","","","","","","","","","","","","","","","","","","","","","","","","","","","","","","","","","","","","","","","","",
"Bosnia and Herzegovina","BIH","Annual freshwater withdrawals, total (% of internal resources)","ER.H2O.FWTL.ZS","","","","","","","","","","","","","","","","","","","","","","","","","","","","","","","","","","","","","","","","","1.04732394366197","1.05239436619718","1.05774647887324","1.0630985915493","1.06760563380282","1.06676056338028","1.07154929577465","1.09746478873239","1.10394366197183","1.21098591549296","1.22647887323944","1.19323943661972","1.23295774647887","1.22760563380282","1.16169014084507","1.17887323943662","1.18197183098592","1.12929577464789","0.87887323943662","0.86056338028169","0.848676056338028","","","",
"Belarus","BLR","Annual freshwater withdrawals, total (% of internal resources)","ER.H2O.FWTL.ZS","","","","","","","","","","","","","","","","","","","","","","","","","","","","","","","","","","","","5.82352941176471","5.73941176470588","5.65529411764706","5.57117647058824","5.48705882352941","5.40294117647059","5.32588235294118","5.24882352941176","5.17176470588235","5.09470588235294","5.01764705882353","4.92470588235294","4.83176470588235","4.73882352941177","4.64588235294118","4.55294117647059","4.51960784323529","4.48627450970588","4.45294117647059","4.62058823529412","4.25882352941176","4.27058823529412","4.10882352941177","4.08823529411765","3.99411764705882","3.90588235294118","","","",
"Belize","BLZ","Annual freshwater withdrawals, total (% of internal resources)","ER.H2O.FWTL.ZS","","","","","","","","","","","","","","","","","","","","","","","","","","","","0.131061598951507","0.15130473525557","0.171547870904325","0.191791007208388","0.212034143512451","0.232277279161206","0.252520415465269","0.315889058322412","0.379257701834862","0.435778376146789","0.492299051114024","0.54881972542595","0.605340400393185","0.661861074705111","0.661861074705111","0.661861074705111","0.661861074705111","0.661861074705111","0.661861074705111","0.661861074705111","0.661861074705111","0.661861074705111","0.661861074705111","0.661861074705111","0.661861074705111","0.661861074705111","0.661861074705111","0.661861074705111","0.661861074705111","0.661861074705111","0.661861074705111","0.661861074705111","0.661861074705111","0.661861074705111","","","",
"Bermuda","BMU","Annual freshwater withdrawals, total (% of internal resources)","ER.H2O.FWTL.ZS","","","","","","","","","","","","","","","","","","","","","","","","","","","","","","","","","","","","","","","","","","","","","","","","","","","","","","","","","","","","","","","","",
"Bolivia","BOL","Annual freshwater withdrawals, total (% of internal resources)","ER.H2O.FWTL.ZS","","","","","","","","","","","","","","","","","","","","","","","","","","","","0.408566721581549","0.428148869258649","0.44773101693575","0.467313164579901","0.486895312257002","0.506477459934102","0.526059607611203","0.545641755288303","0.565223902965404","0.584806050609555","0.604388198286656","0.623970345963756","0.643552493640857","0.648518130247117","0.653483766820428","0.658449403426689","0.663415040032949","0.66838067660626","0.673346313212521","0.678311949818781","0.683277586392092","0.687973640856672","0.687973640856672","0.687973640856672","0.687973640856672","0.687973640856672","0.687973640856672","0.687973640856672","0.687973640856672","0.687973640856672","0.687973640856672","0.687973640856672","0.687973640856672","0.687973640856672","","","",
"Brazil","BRA","Annual freshwater withdrawals, total (% of internal resources)","ER.H2O.FWTL.ZS","","","","","","","","","","","","","","","","","","","","","","","","","","","","0.61897191308956","0.657893187304363","0.696814461520933","0.735735735735736","0.774657009950539","0.813578284167108","0.852499558381911","0.891420832596714","0.930342106813284","0.968556792086204","0.974209503621268","0.979862215156333","0.985514926691397","0.991167638226462","0.996820349761526","1.00247306129659","1.00812577283166","1.01377848436672","1.01943119590178","1.02508390743685","1.0990990990991","1.17295530824943","1.2468799682035","1.32080462815757","1.27743552375905","1.23406641936054","1.19069731496202","1.14859565447801","1.1280692457163","1.17134781840664","1.16021904257198","1.17470411588059","1.19130895601484","1.18689277512807","","","",
"Barbados","BRB","Annual freshwater withdrawals, total (% of internal resources)","ER.H2O.FWTL.ZS","","","37.5","39.375","41.25","43.125","45","46.875","48.75","50.625","52.5","54.375","56.25","58.125","60","61.875","63.75","65.625","67.5","69.375","71.25","73.125","75","76.875","78.75","80.625","82.5","84.375","86.25","88.125","90","91.875","93.75","95.625","97.5","99.375","101.25","101.25","101.25","101.25","101.25","101.25","101.25","101.25","101.25","87.5","87.5","87.5","87.5","87.5","87.5","87.5","87.5","87.5","87.5","87.5","87.5","87.5","87.5","87.5","87.5","","","",
"Brunei Darussalam","BRN","Annual freshwater withdrawals, total (% of internal resources)","ER.H2O.FWTL.ZS","","","","","","","","","","","","","","","","","","","","","","","","","","","","","","","","0.894117647058824","0.956862744705882","1.01960784352941","1.08235294117647","1.08235294117647","1.08235294117647","1.08235294117647","1.08235294117647","1.08235294117647","1.08235294117647","1.08235294117647","1.08235294117647","1.08235294117647","1.08235294117647","1.08235294117647","1.08235294117647","1.08235294117647","1.08235294117647","1.08235294117647","1.08235294117647","1.08235294117647","1.08235294117647","1.08235294117647","1.08235294117647","1.08235294117647","1.08235294117647","1.08235294117647","1.08235294117647","1.08235294117647","1.08235294117647","","","",
"Bhutan","BTN","Annual freshwater withdrawals, total (% of internal resources)","ER.H2O.FWTL.ZS","","","","","","","","","","","","","","","","","","","","","","","","","","","","","","","","","","","","","","","","","","","","","","","","","0.433205128205128","0.433205128205128","0.433205128205128","0.433205128205128","0.433205128205128","0.433205128205128","0.433205128205128","0.433205128205128","0.433205128205128","0.433205128205128","0.433205128205128","0.433205128205128","0.433205128205128","","","",
"Botswana","BWA","Annual freshwater withdrawals, total (% of internal resources)","ER.H2O.FWTL.ZS","","","","","","","","","","","","","","","","","","","","","","","","","","3.75","3.88666666666667","4.02333333333333","4.16","4.29666666666667","4.43333333333333","4.57083333333333","4.70833333333333","5.13055555416667","5.55277777916667","5.975","6.39666666666667","6.81833333333333","7.24","7.66166666666667","8.08333333333333","8.09545454583333","8.10757575833333","8.11969697083333","8.13181818333333","8.14393939583333","8.15606060416667","8.16818181666667","8.18030302916667","8.19242424166667","8.20454545416667","8.21666666666667","8.1","7.96458333333333","7.82916666666667","7.82916666666667","8.3875","8.04166666666667","8.5","8.41666666666667","9.18448333333333","","","",
"Central African Republic","CAF","Annual freshwater withdrawals, total (% of internal resources)","ER.H2O.FWTL.ZS","","","","","","","","","","","","","","","","","","","","","","","","","","","","0.013758865248227","0.0163120567375887","0.0188652482269504","0.0214184397163121","0.0239716312056738","0.0265248226950355","0.0290780141843972","0.0316312056737589","0.0341843971631206","0.0367375886524823","0.039290780141844","0.0418439716312057","0.0443971631205674","0.0469503546099291","0.0478439716312057","0.0487375886524823","0.0496312056737589","0.0505248226950355","0.0514184397163121","0.0514184397163121","0.0514184397163121","0.0514184397163121","0.0514184397163121","0.0514184397163121","0.0514184397163121","0.0514184397163121","0.0514184397163121","0.0514184397163121","0.0514184397163121","0.0514184397163121","0.0514184397163121","0.0514184397163121","0.0514184397163121","0.0514184397163121","","","",
"Canada","CAN","Annual freshwater withdrawals, total (% of internal resources)","ER.H2O.FWTL.ZS","","","","","","","","","","","","","","","","","","","","","","","","","","","1.48070175438597","1.50100350877193","1.52130526315789","1.54160701754386","1.56181403508772","1.58214035087719","1.5619298245614","1.54171929824561","1.52150877192982","1.50129824561404","1.48108771929825","1.47823700159649","1.47538628389123","1.47253556618947","1.46968484848421","1.46683413078246","1.46398341307719","1.46113269537544","1.45828197767018","1.45543125996842","1.45258054226316","1.4497298245614","1.40551929824561","1.36130877192982","1.30521578947368","1.24912280701754","1.27859649122807","1.3080701754386","1.28087719298246","1.25368421052632","1.26285964912281","1.2720350877193","1.2720350877193","1.2720350877193","1.2720350877193","","","",
"Central Europe and the Baltics","CEB","Annual freshwater withdrawals, total (% of internal resources)","ER.H2O.FWTL.ZS","","","","","","","","","","","","","","","","","","","","","","","","","","","","","","","","","","","","","","","","","","","","","","","","","","","","","","","12.924783182127","12.9892261060709","12.9089396375045","13.294087990488","12.8628913704488","12.1510423244475","11.873687422565","","","",
"Switzerland","CHE","Annual freshwater withdrawals, total (% of internal resources)","ER.H2O.FWTL.ZS","","","","","","","","","","","","","","","","6.43069306930693","6.42623762376238","6.42178217821782","6.41732673267327","6.41287128712871","6.40841584158416","6.43663366336634","6.46485148514851","6.49306930693069","6.52128712871287","6.54950495049505","6.56683168316832","6.58415841584158","6.60148514851485","6.61881188118812","6.63613861386139","6.65346534653465","6.67079207920792","6.6030198019802","6.53524752475248","6.46747524752475","6.39970297029703","6.33193069306931","6.31207920792079","6.29222772277228","6.27237623762376","6.25252475247525","6.23267326732673","6.10556930693069","5.97846534653465","5.85136138613861","5.72425742574258","5.59715346534654","5.4700495049505","5.34294554455446","5.21584158415842","5.08873762376238","4.95049504950495","4.25742574257426","4.21782178217822","4.22256683168317","4.21782178217822","4.21782178217822","4.21782178217822","4.21782178217822","4.21782178217822","","","",
"Channel Islands","CHI","Annual freshwater withdrawals, total (% of internal resources)","ER.H2O.FWTL.ZS","","","","","","","","","","","","","","","","","","","","","","","","","","","","","","","","","","","","","","","","","","","","","","","","","","","","","","","","","","","","","","","","",
"Chile","CHL","Annual freshwater withdrawals, total (% of internal resources)","ER.H2O.FWTL.ZS","","","","","","","","","","","","","","","","","","","","","","","","","","","","","","","","","2.29211299435028","2.41430831315254","2.5365036319661","2.65869895076836","2.78089426957062","2.90308958837288","3.02528490718644","3.1474802259887","3.26967554479096","3.39130871671186","3.51294188862147","3.63058918482486","3.75221953187571","3.87384987893785","3.9954802259887","3.99638418079096","3.99638418079096","3.99638418079096","3.99638418079096","3.99638418079096","3.99638418079096","3.99638418079096","3.99638418079096","3.99638418079096","3.99638418079096","3.99638418079096","3.99638418079096","3.99638418079096","3.99638418079096","","","",
"China","CHN","Annual freshwater withdrawals, total (% of internal resources)","ER.H2O.FWTL.ZS","","","","","","","","","","","","","","","","","","","","","15.7737566212805","16.0717586832095","16.3697607451385","16.6677628070674","16.9657648689964","17.1019232820221","17.2365885740695","17.3712538661168","17.5059191581642","17.6405844502115","17.7752497422589","18.076243971229","18.3772382001955","18.6782324291656","18.8077378201465","18.9372432111238","19.0667486021046","19.1962539930819","19.3257593840627","19.45526477504","19.5847701660208","19.6075224856909","19.630274805361","19.6530271250311","19.6757794447012","19.6985317643713","20.1926837072061","20.2175690568452","20.4806427530307","20.7330512993708","20.8620996124996","21.1525471932881","21.2876390913292","21.4298410892673","21.0956663941128","21.0387855949376","21.4732126986384","21.1959188026592","21.0782466493654","21.4056667496178","20.2097479469587","","","",
"Cote d'Ivoire","CIV","Annual freshwater withdrawals, total (% of internal resources)","ER.H2O.FWTL.ZS","","","","","","","","","","","","","","","","","","","","","","","","","","","","0.922696512233212","1.09231303136387","1.26192955062467","1.43154606975534","1.474492451848","1.51743883394066","1.56038521603332","1.60333159812598","1.64167968076523","1.68002776327434","1.71837584591359","1.75672392855284","1.79507201106195","1.8334200937012","1.8699635606455","1.9065070275898","1.9430504945341","1.9795939614784","2.0161374284227","1.96014807105674","1.90279946785528","1.84613048763665","1.79048094169703","1.73483139562728","1.67918184968766","1.62421192660073","1.56822256923477","1.51223321186882","1.51223321186882","1.51223321186882","1.51223321186882","1.51223321186882","1.51223321186882","1.51223321186882","","","",
"Cameroon","CMR","Annual freshwater withdrawals, total (% of internal resources)","ER.H2O.FWTL.ZS","","","","","","","","","","","","","","","","","","","","","","","","","","","","0.145054945054945","0.145347985347985","0.145641025641026","0.145934065934066","0.146227106227106","0.146520146520147","0.172454212454212","0.198388278388278","0.224322344322344","0.25025641025641","0.276190476190476","0.302124542124542","0.328058608058608","0.353992673992674","0.362930402930403","0.371868131868132","0.380805860805861","0.38974358974359","0.398681318681319","0.398681318681319","0.398681318681319","0.398681318681319","0.398681318681319","0.398681318681319","0.398681318681319","0.398681318681319","0.398681318681319","0.398681318681319","0.398681318681319","0.398681318681319","0.398681318681319","0.398681318681319","0.398681318681319","0.398681318681319","","","",
"Congo, Dem. Rep.","COD","Annual freshwater withdrawals, total (% of internal resources)","ER.H2O.FWTL.ZS","","","","","","","","","","","","","","","","","","","","","","","","","","","","","","","","","","","","0.0529","0.0553","0.0577","0.0601","0.0625","0.0649","0.0671111111111111","0.0693222222222222","0.0715333333333333","0.0737444444444444","0.0759555555555556","0.0759555555555556","0.0759555555555556","0.0759555555555556","0.0759555555555556","0.0759555555555556","0.0759555555555556","0.0759555555555556","0.0759555555555556","0.0759555555555556","0.0759555555555556","0.0759555555555556","0.0759555555555556","0.0759555555555556","0.0759555555555556","0.0759555555555556","","","",
"Congo, Rep.","COG","Annual freshwater withdrawals, total (% of internal resources)","ER.H2O.FWTL.ZS","","","","","","","","","","","","","","","","","","","","","","","","","","","","0.018018018018018","0.0181981981981982","0.0183783783783784","0.0185585585585586","0.0187387387387387","0.0189189189189189","0.0190990990990991","0.0192792792792793","0.0194594594594595","0.0196396396396396","0.0198198198198198","0.02","0.0201801801801802","0.0203603603603604","0.0205405405405405","0.0207207207207207","0.0207207207207207","0.0207207207207207","0.0207207207207207","0.0207207207207207","0.0207207207207207","0.0207207207207207","0.0207207207207207","0.0207207207207207","0.0207207207207207","0.0207207207207207","0.0207207207207207","0.0207207207207207","0.0207207207207207","0.0207207207207207","0.0207207207207207","0.0207207207207207","0.0207207207207207","0.0207207207207207","","","",
"Colombia","COL","Annual freshwater withdrawals, total (% of internal resources)","ER.H2O.FWTL.ZS","","","","","","","","","","","","","","","","","","","","","","","","","","","","","","","","","","","","","","","","","0.361118881118881","0.384568764568765","0.407983682983683","0.431416083916084","0.454848484848485","0.478280885780886","0.501713286713287","0.525145687645688","0.548717948717949","0.642915777934732","0.737439947477856","0.831964117020979","0.926488286564102","1.02101245610723","1.11553662565035","1.21006079519347","1.3045849647366","1.28501790425641","1.26545084382284","1.31631112027972","1.35737388158508","","","",
"Comoros","COM","Annual freshwater withdrawals, total (% of internal resources)","ER.H2O.FWTL.ZS","","","","","","","","","","","","","","","","","","","","","","","","","","","","","","","","","","","","","","","","0.833333333333333","0.833333333333333","0.833333333333333","0.833333333333333","0.833333333333333","0.833333333333333","0.833333333333333","0.833333333333333","0.833333333333333","0.833333333333333","0.833333333333333","0.833333333333333","0.833333333333333","0.833333333333333","0.833333333333333","0.833333333333333","0.833333333333333","0.833333333333333","0.833333333333333","0.833333333333333","0.833333333333333","0.833333333333333","","","",
"Cabo Verde","CPV","Annual freshwater withdrawals, total (% of internal resources)","ER.H2O.FWTL.ZS","","","","","","","","","","","","","","","","","","","","","","","","","","","","","","","","","","","","","","","","","","7.18333333333333","7.6","8.01666666666667","8.43333333333333","8.43333333333333","8.43333333333333","8.43333333333333","8.43333333333333","8.43333333333333","8.43333333333333","8.43333333333333","8.43333333333333","8.43333333333333","8.43333333333333","8.43333333333333","8.43333333333333","8.43333333333333","8.43333333333333","8.43333333333333","8.43333333333333","","","",
"Costa Rica","CRI","Annual freshwater withdrawals, total (% of internal resources)","ER.H2O.FWTL.ZS","","","","","","","","","","","","","","","","","","","","","","","","","","","","","","","","","","","","","","","","","","","","","","","","","","","","","2.06931061946903","2.18240796460177","2.42804424778761","2.82656460176991","2.58646902654867","2.15929203539823","2.70235398230088","2.77710619469027","2.77529203539823","","","",
"Caribbean small states","CSS","Annual freshwater withdrawals, total (% of internal resources)","ER.H2O.FWTL.ZS","","","","","","","","","","","","","","","","","","","","","","","","","","","","","","","","","","","","","","","","","","","","","","","","","","","","","","","1.13764866708549","0.943515270479051","1.0837227235837","1.0837227235837","1.0837227235837","1.0837227235837","1.0837227235837","","","",
"Cuba","CUB","Annual freshwater withdrawals, total (% of internal resources)","ER.H2O.FWTL.ZS","","","","","","","","","","","","","","","","","","","","","","","","","","","","","","","","","","","","13.6699895068206","13.6832788801154","13.6965682534103","13.7098576267051","13.723147","13.7364363732949","13.7486764283841","13.7619658016789","13.7752551749738","13.7885445482686","13.8018339215635","13.8151232948583","12.949370409234","15.0520724029381","15.887722980063","15.789480587618","16.6111402589192","17.432799929958","18.2528856243442","18.2528856243442","18.2528856243442","18.2528856243442","18.2528856243442","18.2528856243442","18.2528856243442","18.2528856243442","","","",
"Curacao","CUW","Annual freshwater withdrawals, total (% of internal resources)","ER.H2O.FWTL.ZS","","","","","","","","","","","","","","","","","","","","","","","","","","","","","","","","","","","","","","","","","","","","","","","","","","","","","","","","","","","","","","","","",
"Cayman Islands","CYM","Annual freshwater withdrawals, total (% of internal resources)","ER.H2O.FWTL.ZS","","","","","","","","","","","","","","","","","","","","","","","","","","","","","","","","","","","","","","","","","","","","","","","","","","","","","","","","","","","","","","","","",
"Cyprus","CYP","Annual freshwater withdrawals, total (% of internal resources)","ER.H2O.FWTL.ZS","","","","","","","","","","","","","","","","19.8717948717949","20.4358974358974","21","21.5641025641026","22.1282051282051","22.6923076923077","23.2820512820513","23.8717948717949","24.4615384615385","25.051282051282","25.6410256410256","26.2307692307692","26.974358974359","27.6410256410256","28.3076923076923","28.5897435897436","27.9487179487179","27.3076923076923","26.6666666666667","25.8058608076923","24.9450549487179","24.0842490897436","23.2234432179487","22.3626373589744","21.5018315","20.6410256410256","19.2234432179487","21.8846153846154","21.7153846153846","21.5461538461538","21.3769230769231","21.2076923076923","21.0384615384615","20.5769230769231","23.6282051282051","25.7564102564103","28.3076923076923","32.7307692307692","26.5128205128205","27.8205128205128","29.7435897435897","27.9487179487179","27.6923076923077","26.5384615384615","29.6153846153846","35.2564102564103","","","",
"Czechia","CZE","Annual freshwater withdrawals, total (% of internal resources)","ER.H2O.FWTL.ZS","","","","","","","","","","","","","","","","","","","","","","","","","","","","","","","","","","23.0600760456274","21.9604562737643","20.8608365019011","19.9076045627376","18.9543726235741","18.0655513307985","17.1767300380228","16.2879087452471","15.3990874524715","14.5102661596958","14.6038022813688","14.6973384030418","14.7908745247148","14.8844106463878","14.9779467680608","15.1178707224335","14.8060836501901","14.8365019011407","14.3498098859316","13.9954372623574","12.5498098859316","12.5475285171103","12.1673003802281","12.4319391634981","12.3954372623574","12.0912547528517","11.4524714828897","10.3878326996198","","","",
"Germany","DEU","Annual freshwater withdrawals, total (% of internal resources)","ER.H2O.FWTL.ZS","","","","","","","","","","","","","","","","","","","","","","","","","","","","","","","","43.2448598130841","46.6808292523364","46.2986345607477","45.9812364672897","45.6363421962617","44.6403324112149","44.2829372336449","42.8100334299065","42.4024335046729","41.9507275514019","41.0273021401869","39.9798539283178","38.9324057165421","37.8849575046729","35.3049249408411","32.7248923769159","30.1495327102804","30.3741433021495","30.6034267913084","30.8317757009346","28.4448598130841","26.0566978193458","23.6691588785047","23.3940809969159","23.1190031152336","22.8439252336449","22.8439252336449","22.8439252336449","22.8439252336449","22.8439252336449","","","",
"Djibouti","DJI","Annual freshwater withdrawals, total (% of internal resources)","ER.H2O.FWTL.ZS","","","","","","","","","","","","","","","","","","","","","","","","","","2.66666666666667","2.9111111","3.15555556666667","3.4","3.64444443333333","3.8888889","4.13333333333333","4.37777776666667","4.62222223333333","4.83333333333333","5.1111111","5.35555556666667","5.6","5.8111111","6.0888889","6.33333333333333","6.33333333333333","6.33333333333333","6.33333333333333","6.33333333333333","6.33333333333333","6.33333333333333","6.33333333333333","6.33333333333333","6.33333333333333","6.33333333333333","6.33333333333333","6.33333333333333","6.33333333333333","6.33333333333333","6.33333333333333","6.33333333333333","6.33333333333333","6.33333333333333","6.33333333333333","6.33333333333333","","","",
"Dominica","DMA","Annual freshwater withdrawals, total (% of internal resources)","ER.H2O.FWTL.ZS","","","","","","","","","","","","","","","","","","","","","","","","","","","","","","","","","","","","","8.3","8.3","8.3","8.3","8.3","8.3","8.3","8.3","8.3","8.58333335","8.86666665","9.15","9.43333335","9.71666665","10","10","10","10","10","10","10","10","10","10","10","","","",
"Denmark","DNK","Annual freshwater withdrawals, total (% of internal resources)","ER.H2O.FWTL.ZS","","","","","","","","","","","12","13.6166666666667","15.2333333333333","16.85","18.4666666666667","20.0833333333333","20.0833333333333","20.0833333333333","20.0833333333333","20.0833333333333","20.0833333333333","21.75","23.4166666666667","25.0833333333333","26.75","28.4166666666667","25.3611111116667","22.305555555","19.25","20.4425272783333","21.6350545566667","20.7288562866667","19.8226580166667","18.9164597466667","18.0102614766667","17.1040632066667","16.1978649366667","15.2916666666667","14.4113333333333","13.531","12.6506666666667","11.7703333333333","10.89","10.755555555","10.6211111116667","10.4866666666667","9.87166666666667","9.25666666666667","11.6","10.995","13.4816666666667","14.4283333333333","12.1416666666667","16.8166666666667","16.4866666666667","13.53","14.78325","14.9299666666667","18.4302833333333","15.7599","16.2738333333333","","","",
"Dominican Republic","DOM","Annual freshwater withdrawals, total (% of internal resources)","ER.H2O.FWTL.ZS","","","","","","","","","","","","","","","","","","","","","","","","","","","","","","","","","","","","","","","","","20.7021276595745","21.2008510638298","21.6995744680851","22.1982978723404","22.6970212765957","23.1957446808511","24.6306382978723","26.0655319148936","27.5004255319149","28.9353191489362","30.3702127659574","30.3702127659574","30.3702127659574","30.3702127659574","30.3702127659574","30.3702127659574","30.3702127659574","30.3702127659574","30.3702127659574","30.3702127659574","30.3702127659574","","","",
"Algeria","DZA","Annual freshwater withdrawals, total (% of internal resources)","ER.H2O.FWTL.ZS","","","","","","","","","","","17.7825197830533","18.6716457722059","19.5607717613586","20.4498977505112","21.3390237396639","22.2281497288166","23.1172757179692","24.0064017071219","24.8955276962746","25.7846536854272","26.6737796745799","27.5629056637326","28.4520316528852","29.3411576420379","30.2302836311905","31.1194096203432","32.8976615986485","34.6759135769539","36.4541655552592","38.2324175335645","39.4416288788121","40.5059935173824","41.5703581559527","42.634722794523","43.6990874330933","44.7634520716636","45.827816711123","46.8921813496933","47.9565459882635","49.0209106268338","50.0852752654041","51.6330280670401","53.7352721668","55.3058189250467","56.8763656841825","58.4469124424291","60.0174592015649","61.5880059598115","63.1585527180581","64.7290994771939","66.2996462354406","67.8701929945763","69.3518271539077","72.7719984591447","76.1921697634925","79.6123410687294","82.0663287987908","87.152129456744","87.152129456744","87.152129456744","87.152129456744","","","",
"East Asia & Pacific (excluding high income)","EAP","Annual freshwater withdrawals, total (% of internal resources)","ER.H2O.FWTL.ZS","","","","","","","","","","","","","","","","","","","","","","","","","","","","","","","","","","","","","","","","","","","","","","","","","","","","","","","12.4416477936742","12.5276035917022","12.7559990123621","12.7181465863189","12.6844217396062","12.7182138080259","12.3327829567152","","","",
"Early-demographic dividend","EAR","Annual freshwater withdrawals, total (% of internal resources)","ER.H2O.FWTL.ZS","","","","","","","","","","","","","","","","","","","","","","","","","","","","","","","","","","","","","","","","","","","","","","","","","","","","","","","15.0796319404299","15.2863497025222","15.4313754902377","15.6809888819969","15.6785373076643","15.5321950693334","15.6292885911731","","","",
"East Asia & Pacific","EAS","Annual freshwater withdrawals, total (% of internal resources)","ER.H2O.FWTL.ZS","","","","","","","","","","","","","","","","","","","","","","","","","","","","","","","","","","","","","","","","","","","","","","","","","","","","","","","12.181133490215","12.1602215144239","12.3703728392986","12.3477023212476","12.3190170656298","12.323534459441","11.9700885551414","","","",
"Europe & Central Asia (excluding high income)","ECA","Annual freshwater withdrawals, total (% of internal resources)","ER.H2O.FWTL.ZS","","","","","","","","","","","","","","","","","","","","","","","","","","","","","","","","","","","","","","","","","","","","","","","","","","","","","","","5.67586638914361","5.59938978905463","5.7337542616742","5.85697156641404","5.93112345620677","5.98030119434996","5.93030956352928","","","",
"Europe & Central Asia","ECS","Annual freshwater withdrawals, total (% of internal resources)","ER.H2O.FWTL.ZS","","","","","","","","","","","","","","","","","","","","","","","","","","","","","","","","","","","","","","","","","","","","","","","","","","","","","","","6.86999796449837","6.78194353262648","6.8381053818329","6.89924214872388","6.93848196049957","6.94575297577039","6.90007550908649","","","",
"Ecuador","ECU","Annual freshwater withdrawals, total (% of internal resources)","ER.H2O.FWTL.ZS","","","","","","","","","","","","","","","","","","","","","","","","","","","","","","","","","","","","","","","","","2.11715641952984","2.14199819168174","2.16683996383363","2.19168173598553","2.21652350813743","2.24136528028933","2.24136528028933","2.24136528028933","2.24136528028933","2.24136528028933","2.24136528028933","2.24136528028933","2.24136528028933","2.24136528028933","2.24136528028933","2.24136528028933","2.24136528028933","2.24136528028933","2.24136528028933","2.24136528028933","2.24136528028933","","","",
"Egypt, Arab Rep.","EGY","Annual freshwater withdrawals, total (% of internal resources)","ER.H2O.FWTL.ZS","","","","","","","","","","","","","","","","4820","4858.33333333","4896.66666667","4935","4973.33333333","5011.66666667","5050","5088.33333333","5126.66666667","5165","5203.33333333","5241.66666667","5280","5318.33333333","5356.66666667","5392.5","5430.83333333","5469.16666667","5487.5","5667.82857143","5848.15714286","6028.72571429","6209.29428571","6389.86285714","6570.43142857","5703","5870.7","6038.4","6206.1","6373.8","6541.5","6709.2","6876.9","7044.6","7212.3","7380","7165","7230","7300","6070","6090","6065","7750","7750","7750","7750","","","",
"Euro area","EMU","Annual freshwater withdrawals, total (% of internal resources)","ER.H2O.FWTL.ZS","","","","","","","","","","","","","","","","","","","","","","","","","","","","","","","","","","","","","","","","","","","","","","","","","","","","","","","16.2220368737663","15.921300295497","15.6531843423376","15.3657167134449","15.3194329850368","15.255117592274","15.2023496850811","","","",
"Eritrea","ERI","Annual freshwater withdrawals, total (% of internal resources)","ER.H2O.FWTL.ZS","","","","","","","","","","","","","","","","","","","","","","","","","","","","","","","","","","","","","","","","","14.7642857142857","16.2696428571429","17.775","19.2803571428571","20.7857142857143","20.7857142857143","20.7857142857143","20.7857142857143","20.7857142857143","20.7857142857143","20.7857142857143","20.7857142857143","20.7857142857143","20.7857142857143","20.7857142857143","20.7857142857143","20.7857142857143","20.7857142857143","20.7857142857143","20.7857142857143","20.7857142857143","","","",
"Spain","ESP","Annual freshwater withdrawals, total (% of internal resources)","ER.H2O.FWTL.ZS","","","","","","","","","","","","","","","","32.4460431654676","33.136690647482","33.8273381294964","34.5179856115108","35.2086330935252","35.8992805755396","36.8579136690647","37.8165467625899","38.7751798561151","39.7338129496403","40.6924460431655","41.2338129496403","39.6057553956835","37.9776978417266","36.3496402877698","34.721582733813","33.0935251798561","32.7488009592626","32.4040767385791","32.0593525179856","31.7146282973921","31.3699040767086","31.0251798561151","31.5062949640288","31.9874100719424","32.4685251798561","32.1996402877698","31.9307553956835","32.5092925659173","33.087829736241","33.6663669064748","32.5598021582734","31.4532374100719","31.2769784172662","32.4820143884892","31.4838129496403","31.5377697841727","33.0485611510791","29.091726618705","29.5494604316547","28.3363309352518","28.0764388489209","27.0629496402878","26.4469424460432","26.2720323741007","26.0971223021583","","","",
"Estonia","EST","Annual freshwater withdrawals, total (% of internal resources)","ER.H2O.FWTL.ZS","","","","","","","","","","","","","","","","","","","","","","","","","","","","","","","","","20.6923682140047","17.3564122738002","14.0204563335956","10.684500393391","10.7467685735641","10.8090367537372","10.8713049339103","10.9335731148702","10.9958412950433","11.0581094752164","11.1203776553895","11.7820613690008","12.4437450826121","13.1054287962234","13.7671125098348","14.4287962234461","12.6199842643588","10.8418568056648","14.492525570417","14.7442958300551","12.8324154209284","13.7529504327301","13.5326514555468","12.7092261211644","13.7797010228167","14.0432730133753","12.6557041699449","7.91856805664831","6.7108756884343","","","",
"Ethiopia","ETH","Annual freshwater withdrawals, total (% of internal resources)","ER.H2O.FWTL.ZS","","","","","","","","","","","","","","","","","","","","","","","","","","","","","","","","","","","","","","","","","","","4.55573770491803","5.185","5.81426229508197","6.44352459016393","6.64374813713115","6.84425484352459","7.04461997016393","7.24441877795082","7.44464232491803","7.64486587180328","7.84508941877049","8.04531296573771","8.24553651270492","8.44576005959016","8.64754098360656","8.64598360655738","8.64598360655738","8.64598360655738","8.64598360655738","","","",
"European Union","EUU","Annual freshwater withdrawals, total (% of internal resources)","ER.H2O.FWTL.ZS","","","","","","","","","","","","","","","","","","","","","","","","","","","","","","","","","","","","","","","","","","","","","","","","","","","","","","","14.3884979033352","14.1699368679391","13.9601575016851","13.8181327482854","13.7324325063863","13.5892496528418","13.5099404790473","","","",
"Fragile and conflict affected situations","FCS","Annual freshwater withdrawals, total (% of internal resources)","ER.H2O.FWTL.ZS","","","","","","","","","","","","","","","","","","","","","","","","","","","","","","","","","","","","","","","","","","","","","","","","","","","","","","","4.56038012774868","4.43243027816124","4.51536974748339","4.6311444924159","4.46477584012689","4.93364046841657","4.91104756009973","","","",
"Finland","FIN","Annual freshwater withdrawals, total (% of internal resources)","ER.H2O.FWTL.ZS","","","","","","","","","","","3.08411214953271","3.13084112149533","3.17757009345794","3.22429906542056","3.27102803738318","3.31775700934579","3.34579439252336","3.37383177570093","3.4018691588785","3.42990654205608","3.45794392523364","3.51401869158878","3.57009345794392","3.62616822429907","3.68224299065421","3.73831775700935","3.42560747663551","3.11289719626168","2.80018691588785","2.48747663551402","2.17476635514019","2.22317757009346","2.27158878504673","2.32","2.36841121495327","2.41682242990654","2.35647196261682","2.2961214953271","2.23577102803738","2.17542056074766","2.74351134850467","3.31160213616822","3.87969292392523","4.44294726299066","5.00620160214953","5.56945594121495","6.13271028037383","5.73439252336449","5.33607476635514","4.93775700934579","4.53943925233645","4.1411214953271","3.74280373831776","3.34448598130841","2.94616822429907","2.54785046728972","2.14953271028037","2.14953271028037","2.61682242990654","2.80373831775701","2.80373831775701","","","",
"Fiji","FJI","Annual freshwater withdrawals, total (% of internal resources)","ER.H2O.FWTL.ZS","","","","","","","","","","","","","","","","","","","","","","","","","","","","0.10507880910683","0.119008487215412","0.132938165323993","0.146867843082312","0.160797521190893","0.174727199299475","0.188656877408056","0.202586555166375","0.216516233274956","0.230445911383538","0.244375589492119","0.258305267250438","0.272234945359019","0.286164623467601","0.288406304728546","0.290647985989492","0.292889667250438","0.295131348511384","0.297373029772329","0.297373029772329","0.297373029772329","0.297373029772329","0.297373029772329","0.297373029772329","0.297373029772329","0.297373029772329","0.297373029772329","0.297373029772329","0.297373029772329","0.297373029772329","0.297373029772329","0.297373029772329","0.297373029772329","0.297373029772329","","","",
"France","FRA","Annual freshwater withdrawals, total (% of internal resources)","ER.H2O.FWTL.ZS","","","","","","","","","","","","","","","","","","","","","15.482","15.8739","16.2658","16.6577","17.0496","17.4415","17.7213","18.0011","18.2809","18.5607","18.8405","19.225","19.6095","18.7207","17.8319","16.9431","16.0543","15.1655","15.56016666665","15.95483333335","16.3495","16.26325","16.177","16.35933333335","16.54166666665","16.724","16.11","15.496","14.33","14.23515","14.289","15.073","14.0315","13.5785","13.6485","14.058","13.218","13.473","13.461462155","13.136039825","13.136039825","","","",
"Faroe Islands","FRO","Annual freshwater withdrawals, total (% of internal resources)","ER.H2O.FWTL.ZS","","","","","","","","","","","","","","","","","","","","","","","","","","","","","","","","","","","","","","","","","","","","","","","","","","","","","","","","","","","","","","","","",
"Micronesia, Fed. Sts.","FSM","Annual freshwater withdrawals, total (% of internal resources)","ER.H2O.FWTL.ZS","","","","","","","","","","","","","","","","","","","","","","","","","","","","","","","","","","","","","","","","","","","","","","","","","","","","","","","","","","","","","","","","",
"Gabon","GAB","Annual freshwater withdrawals, total (% of internal resources)","ER.H2O.FWTL.ZS","","","","","","","","","","","","","","","","","","","","","","","","","","","","0.0365853658536585","0.0394136960365854","0.0422420262804878","0.0450703564634146","0.0478986867073171","0.0507270168902439","0.0535553470731707","0.0563836773170732","0.0592120075","0.0620403376829268","0.0648686679268293","0.0676969981097561","0.0705253283536585","0.0733536585365854","0.0756463414634146","0.0779390243902439","0.0802317073170732","0.0825243902439024","0.0848170731707317","0.0848170731707317","0.0848170731707317","0.0848170731707317","0.0848170731707317","0.0848170731707317","0.0848170731707317","0.0848170731707317","0.0848170731707317","0.0848170731707317","0.0848170731707317","0.0848170731707317","0.0848170731707317","0.0848170731707317","0.0848170731707317","0.0848170731707317","","","",
"United Kingdom","GBR","Annual freshwater withdrawals, total (% of internal resources)","ER.H2O.FWTL.ZS","","","","","","","","","","","","","","","","","","","","","9.29655172413793","9.02344827586207","8.75034482758621","8.47724137931034","8.20413793103448","7.93103448275862","8.00275862068965","8.07448275862069","8.14620689655172","8.21793103448276","8.28965517241379","8.29931034482759","8.30896551724138","8.31862068965517","8.32827586206897","8.33793103448276","8.39226959248276","8.44660815048276","8.50094670848276","8.55528526648276","8.60962382448276","8.66396238241379","8.71830094041379","8.77263949841379","8.82697805641379","8.88131661441379","8.93565517241379","5.87103448275862","5.75655172413793","5.71103448275862","5.69931034482759","5.3","5.52896551724138","5.27655172413793","5.02413793103448","5.62758620689655","5.80620689655172","5.80620689655172","5.80620689655172","5.80620689655172","5.80620689655172","","","",
"Georgia","GEO","Annual freshwater withdrawals, total (% of internal resources)","ER.H2O.FWTL.ZS","","","","","","","","","","","","","","","","","","","","","","","","","","","","","","","","","5.4318022822983","5.16473421641149","4.89766615052469","4.63059808480991","4.3635300189231","4.0964619530363","3.82939388732152","3.56232582143471","3.29525775554791","3.25998050352658","3.22470325133322","3.18942599913986","3.15414874711853","3.11887149492517","3.12460576862205","3.13034004249097","3.13607431618785","3.08557328401858","3.0350722518493","2.98457121968003","2.93407018751075","2.88356915534148","2.8330681231722","2.78256709100292","2.73206605883365","2.36457939102013","2.22109065886805","2.70452434199209","2.84486495785309","","","",
"Ghana","GHA","Annual freshwater withdrawals, total (% of internal resources)","ER.H2O.FWTL.ZS","","","","","","","","","","","0.99009900990099","1.06512651254125","1.14015401551155","1.21518151815182","1.29020902079208","1.36523652376238","1.44026402640264","1.5152915290429","1.5903190320132","1.66534653465347","1.74037403729373","1.81540154026403","1.89042904290429","1.96545654554455","2.04048404851485","2.11551155115512","2.19053905379538","2.26556655676568","2.34059405940594","2.4156215620462","2.4906490650165","2.56567656765677","2.64070407029703","2.71573157326733","2.79075907590759","2.86578657854785","2.94081408151815","3.01584158415842","3.09086908679868","3.16589658976898","3.24092409240924","3.33044554455446","3.41996699669967","3.50948844884488","3.5990099009901","3.68853135313531","3.77805280528053","3.86757425742574","3.95709570957096","4.04661716171617","4.13613861386139","4.23556105610561","4.34158415841584","4.41460396039604","4.49158415841584","4.74744224422442","4.78085808580858","4.78085808580858","4.78085808580858","4.78085808580858","4.78085808580858","","","",
"Gibraltar","GIB","Annual freshwater withdrawals, total (% of internal resources)","ER.H2O.FWTL.ZS","","","","","","","","","","","","","","","","","","","","","","","","","","","","","","","","","","","","","","","","","","","","","","","","","","","","","","","","","","","","","","","","",
"Guinea","GIN","Annual freshwater withdrawals, total (% of internal resources)","ER.H2O.FWTL.ZS","","","","","","","","","","","","","","","","","","","","","","","","","","","","0.327433628318584","0.321919673230089","0.316405718185841","0.310891763097345","0.305377808053097","0.299863852964602","0.294349897876106","0.288835942831858","0.283321987743363","0.277808032654867","0.272294077610619","0.266780122522124","0.261266167477876","0.255752212389381","0.24646017699115","0.248340707964602","0.250221238938053","0.252101769911504","0.253982300884956","0.264737916946903","0.27549353300885","0.286249149070796","0.297004765132743","0.30776038119469","0.318515997256637","0.329271613362832","0.340027229424779","0.350782845486726","0.361538461548673","0.372294077610619","0.383049693672566","0.393805309734513","0.393805309734513","0.393805309734513","","","",
"Gambia, The","GMB","Annual freshwater withdrawals, total (% of internal resources)","ER.H2O.FWTL.ZS","","","","","","","","","","","","","","","","","","","","","","","0.666666666666667","0.799509803333333","0.93235294","1.06519608","1.19803921666667","1.33088235333333","1.46372549","1.59656862666667","1.72941176333333","1.86225490333333","1.99509804","2.12794117666667","2.26078431333333","2.39362745","2.52647058666667","2.65931372666667","2.79215686333333","2.925","3.01666666666667","3.09066666666667","3.16466666666667","3.23866666666667","3.31266666666667","3.38666666666667","3.38666666666667","3.38666666666667","3.38666666666667","3.38666666666667","3.38666666666667","3.38666666666667","3.38666666666667","3.38666666666667","3.38666666666667","3.38666666666667","3.38666666666667","3.38666666666667","3.38666666666667","3.38666666666667","3.38666666666667","","","",
"Guinea-Bissau","GNB","Annual freshwater withdrawals, total (% of internal resources)","ER.H2O.FWTL.ZS","","","","","","","","","","","","","","","","","","","","","","","","","","","","","","","","0.10375","0.30175","0.49975","0.69775","0.89575","1.09375","1.09375","1.09375","1.09375","1.09375","1.09375","1.09375","1.09375","1.09375","1.09375","1.09375","1.09375","1.09375","1.09375","1.09375","1.09375","1.09375","1.09375","1.09375","1.09375","1.09375","1.09375","1.09375","1.09375","1.09375","","","",
"Equatorial Guinea","GNQ","Annual freshwater withdrawals, total (% of internal resources)","ER.H2O.FWTL.ZS","","","","","","","","","","","","","","","","","","","","","","","","","","","","0.0384615384615385","0.0406508876923077","0.0428402365384615","0.0450295857692308","0.047218935","0.0494082838461538","0.0515976330769231","0.0537869823076923","0.0559763315384615","0.0581656803846154","0.0603550296153846","0.0625443788461538","0.0647337276923077","0.0669230769230769","0.0687692307692308","0.0706153846153846","0.0724615384615385","0.0743076923076923","0.0761538461538462","0.0761538461538462","0.0761538461538462","0.0761538461538462","0.0761538461538462","0.0761538461538462","0.0761538461538462","0.0761538461538462","0.0761538461538462","0.0761538461538462","0.0761538461538462","0.0761538461538462","0.0761538461538462","0.0761538461538462","0.0761538461538462","0.0761538461538462","","","",
"Greece","GRC","Annual freshwater withdrawals, total (% of internal resources)","ER.H2O.FWTL.ZS","","","","","","","","","","","7.33448275862069","7.342","7.34951724137931","7.35703448275862","7.36455172413793","7.37206896551724","7.63213793103448","7.89220689655173","8.15227586206897","8.41234482758621","8.67241379310345","8.82965517241379","8.98689655172414","9.14413793103448","9.30137931034483","9.45862068965517","10.2744827586207","11.0903448275862","11.9062068965517","12.7220689655172","13.5379310344828","13.698275862069","13.8586206896552","13.7143678160345","13.5701149425862","13.4258620689655","14.2","14.9741379310345","15.1641379310345","15.3541379310345","15.5441379310345","15.7341379310345","15.9241379310345","16.1583333332759","16.3925287356897","16.626724137931","16.6062068965517","16.5856896551724","16.7211637931035","16.8575","16.9921120689655","17.1293103448276","17.1293103448276","17.1120689655172","17.0965517241379","17.0827586206897","17.4758620689655","17.4724137931034","17.451724137931","17.4396551724138","17.451724137931","","","",
"Grenada","GRD","Annual freshwater withdrawals, total (% of internal resources)","ER.H2O.FWTL.ZS","","","","","","","","","","","","","","","","","","","","","","","","","","","","","","","","","","","","","","","","","","","","","","5","5.2277778","5.45555555","5.68333335","5.9111111","6.1388889","6.36666665","6.59444445","6.8222222","7.05","7.05","7.05","7.05","7.05","7.05","7.05","","","",
"Greenland","GRL","Annual freshwater withdrawals, total (% of internal resources)","ER.H2O.FWTL.ZS","","","","","","","","","","","","","","","","","","","","","","","","","","","","","","","","","","","","","","","","","","","","","","","","","","","","","","","","","","","","","","","","",
"Guatemala","GTM","Annual freshwater withdrawals, total (% of internal resources)","ER.H2O.FWTL.ZS","","","","","","","","","","","","","","","","","","","","","","","","","","","","","","","","","","","","","","","","","","2.22289159249084","2.3871227978022","2.55135400311355","2.71558520842491","2.87981641373626","3.04404761904762","3.04404761904762","3.04404761904762","3.04404761904762","3.04404761904762","3.04404761904762","3.04404761904762","3.04404761904762","3.04404761904762","3.04404761904762","3.04404761904762","3.04404761904762","3.04404761904762","3.04404761904762","3.04404761904762","","","",
"Guam","GUM","Annual freshwater withdrawals, total (% of internal resources)","ER.H2O.FWTL.ZS","","","","","","","","","","","","","","","","","","","","","","","","","","","","","","","","","","","","","","","","","","","","","","","","","","","","","","","","","","","","","","","","",
"Guyana","GUY","Annual freshwater withdrawals, total (% of internal resources)","ER.H2O.FWTL.ZS","","","","","","","","","","","","","","","","","","","","","","","","","","","","","","","","","0.605809128630705","0.615145228215768","0.62448132780083","0.633817427385892","0.643153526970954","0.652489626556017","0.661825726141079","0.671161825726141","0.680497925311203","0.674124481327801","0.667751037344398","0.661377593360996","0.655004149377593","0.648630705394191","0.638796680497925","0.62896265560166","0.619128630705394","0.609294605809129","0.599460580912863","0.599460580912863","0.599460580912863","0.599460580912863","0.599460580912863","0.599460580912863","0.599460580912863","0.599460580912863","0.599460580912863","0.599460580912863","0.599460580912863","","","",
"High income","HIC","Annual freshwater withdrawals, total (% of internal resources)","ER.H2O.FWTL.ZS","","","","","","","","","","","","","","","","","","","","","","","","","","","","","","","","","","","","","","","","","","","","","","","","","","","","","","","8.68272840071978","8.61963836423903","8.60228924185475","8.60248119796545","8.59789206487579","8.55429761787546","8.52912587357154","","","",
"Hong Kong SAR, China","HKG","Annual freshwater withdrawals, total (% of internal resources)","ER.H2O.FWTL.ZS","","","","","","","","","","","","","","","","","","","","","","","","","","","","","","","","","","","","","","","","","","","","","","","","","","","","","","","","","","","","","","","","",
"Honduras","HND","Annual freshwater withdrawals, total (% of internal resources)","ER.H2O.FWTL.ZS","","","","","","","","","","","","","","","","","","","","","","","","","","","","","","","","","","","","","","","","","","","","1.77255680564747","1.77255680564747","1.77255680564747","1.77255680564747","1.77255680564747","1.77255680564747","1.77255680564747","1.77255680564747","1.77255680564747","1.77255680564747","1.77255680564747","1.77255680564747","1.77255680564747","1.77255680564747","1.77255680564747","1.77255680564747","1.77255680564747","1.77255680564747","","","",
"Heavily indebted poor countries (HIPC)","HPC","Annual freshwater withdrawals, total (% of internal resources)","ER.H2O.FWTL.ZS","","","","","","","","","","","","","","","","","","","","","","","","","","","","","","","","","","","","","","","","","","","","","","","","","","","","","","","2.76255808142121","2.77760267459519","2.78553949357607","2.78229175236557","2.81739079972179","2.82217323904707","2.82218853618031","","","",
"Croatia","HRV","Annual freshwater withdrawals, total (% of internal resources)","ER.H2O.FWTL.ZS","","","","","","","","","","","","","","","","","","","","","","","","","","","","","","","","","","","","","","","","","","","1.52122015915119","1.62364532015915","1.60973853740053","1.63247442201592","1.68264494137931","1.72671466472149","1.75888594164456","1.82970822281167","1.79045092838196","1.78222811671088","1.75331564986737","1.86976127320955","1.83395225464191","1.81299734748011","1.76631299734748","1.78488063660477","1.78514588859416","1.77718832891247","1.76392572944297","","","",
"Haiti","HTI","Annual freshwater withdrawals, total (% of internal resources)","ER.H2O.FWTL.ZS","","","","","","","","","","","","","","","","","","","","","","","","","","","","","","","","7.53363573460444","8.11928192511725","8.70492811563004","9.29057430614285","9.87622049665565","9.96705070884908","10.0578809210425","10.148711133236","10.2395413461982","10.3303715583916","10.4212017705851","10.5120319827785","10.6028621949719","10.6936924071654","10.7845226193588","10.8753528323211","10.9661830445145","11.0570132567079","11.1478434689014","11.1478434689014","11.1478434689014","11.1478434689014","11.1478434689014","11.1478434689014","11.1478434689014","11.1478434689014","11.1478434689014","11.1478434689014","11.1478434689014","11.1478434689014","","","",
"Hungary","HUN","Annual freshwater withdrawals, total (% of internal resources)","ER.H2O.FWTL.ZS","","","","","","","","","","","49.6733333333333","52.958","56.2426666666667","59.5273333333333","62.812","66.0966666666667","68.894","71.6913333333333","74.4886666666667","77.286","80.0833333333333","85.235","90.3866666666667","95.5383333333333","100.69","105.841666666667","107.714285715","109.586904761667","111.45952381","113.332142856667","115.204761905","117.077380951667","118.95","114.256666666667","109.563333333333","104.87","100.176666666667","99.480555555","98.784444445","98.0883333333333","97.3922222216667","96.6961111116667","96","95.0888888883333","94.1777777783333","93.2666666666667","92.355555555","91.444444445","90.5333333333333","105.7","89.5","87.0833333333333","84.1833333333333","87.5","65.3833333333333","67.1666666666667","65.9833333333333","78.942","81.9743583","74.3845833333333","77.8766666666667","","","",
"IBRD only","IBD","Annual freshwater withdrawals, total (% of internal resources)","ER.H2O.FWTL.ZS","","","","","","","","","","","","","","","","","","","","","","","","","","","","","","","","","","","","","","","","","","","","","","","","","","","","","","","9.25952278086392","9.26070414117358","9.41314856280605","9.50244350098301","9.47842846586776","9.59453551569724","9.46353623660593","","","",
"IDA & IBRD total","IBT","Annual freshwater withdrawals, total (% of internal resources)","ER.H2O.FWTL.ZS","","","","","","","","","","","","","","","","","","","","","","","","","","","","","","","","","","","","","","","","","","","","","","","","","","","","","","","8.9128718781714","8.93604529093728","9.06229291650508","9.14318822446885","9.11339160434607","9.16276440521181","9.09528681002744","","","",
"IDA total","IDA","Annual freshwater withdrawals, total (% of internal resources)","ER.H2O.FWTL.ZS","","","","","","","","","","","","","","","","","","","","","","","","","","","","","","","","","","","","","","","","","","","","","","","","","","","","","","","7.54518491297482","7.65512643523832","7.67801642859092","7.72577158124048","7.67316412061055","7.45924159545535","7.64238437486702","","","",
"IDA blend","IDB","Annual freshwater withdrawals, total (% of internal resources)","ER.H2O.FWTL.ZS","","","","","","","","","","","","","","","","","","","","","","","","","","","","","","","","","","","","","","","","","","","","","","","","","","","","","","","16.1124466222467","16.5155725922377","16.702353292168","16.9727905301763","16.5633304494128","15.621290326821","16.3734759141496","","","",
"Indonesia","IDN","Annual freshwater withdrawals, total (% of internal resources)","ER.H2O.FWTL.ZS","","","","","","","","","","","","","","","","","","","","","","","","","","","","","","","3.68188933472036","3.87480408183484","4.06771882894932","4.2606335760638","4.45352850844603","4.64646307029276","4.83934809530886","5.03225788874028","5.22516768217169","5.41807747560311","5.61103680586516","5.94963652350523","6.28823624114529","6.62683595878536","6.96543567642542","7.30403539406549","7.64263511170555","7.98123482934562","8.31983454698568","8.65843426462575","8.99703398226581","9.33563369990588","9.67423341754595","10.012833135186","10.3514328528261","10.6900325704661","11.0286322881062","11.0286322881062","11.0286322881062","11.0286322881062","11.0286322881062","","","",
"IDA only","IDX","Annual freshwater withdrawals, total (% of internal resources)","ER.H2O.FWTL.ZS","","","","","","","","","","","","","","","","","","","","","","","","","","","","","","","","","","","","","","","","","","","","","","","","","","","","","","","4.78804771641087","4.80363589991638","4.77378218371384","4.74987324095161","4.81210896663369","4.8325110342702","4.83252306019421","","","",
"Isle of Man","IMN","Annual freshwater withdrawals, total (% of internal resources)","ER.H2O.FWTL.ZS","","","","","","","","","","","","","","","","","","","","","","","","","","","","","","","","","","","","","","","","","","","","","","","","","","","","","","","","","","","","","","","","",
"India","IND","Annual freshwater withdrawals, total (% of internal resources)","ER.H2O.FWTL.ZS","","","","","","","","","","","","","","","","26.2793914246196","27.0864453665284","27.8934993084371","28.7005532503458","29.5076071922545","30.3146611341632","31.1217150760719","31.9287690179806","32.7358229598893","33.5428769017981","34.3499308437068","34.3955739972337","34.4412171507607","34.4868603042877","34.5325034578147","34.5781466113416","35.3416286307054","36.1051106500692","36.8685926694329","37.6320746887967","38.3955567081604","39.1590387275242","39.922510373444","40.6859958506224","41.4494847856155","42.2129668049793","43.2544598893499","44.2959529737206","45.3374460580913","43.2392600276625","43.4958333333333","43.7524066390041","44.008979944675","44.2655532503458","44.5221265560166","44.7786998616874","44.7786998616874","44.7786998616874","44.7786998616874","44.7786998616874","44.7786998616874","44.7786998616874","44.7786998616874","44.7786998616874","44.7786998616874","44.7786998616874","","","",
"Not classified","INX","Annual freshwater withdrawals, total (% of internal resources)","ER.H2O.FWTL.ZS","","","","","","","","","","","","","","","","","","","","","","","","","","","","","","","","","","","","","","","","","","","","","","","","","","","","","","","","","","","","","","","","",
"Ireland","IRL","Annual freshwater withdrawals, total (% of internal resources)","ER.H2O.FWTL.ZS","","","","","","","","","","","","","","","","","","","","","2.18367346938776","2.1991253644898","2.21457725938776","2.2300291544898","2.24548104959184","2.26093294469388","2.27638483959184","2.29183673469388","2.30728862979592","2.32274052469388","2.33819241979592","2.35364431489796","2.36909621","2.38454810489796","2.4","2.33005565857143","2.26011131734694","2.19016697591837","2.1202226344898","2.05027829306122","1.98033395183673","1.91038961040816","1.84044526897959","1.77050092755102","1.70055658632653","1.63061224489796","1.56020408163265","1.48979591836735","1.51734693877551","1.54489795918367","1.69682539673469","1.8487528344898","2.00068027204082","2.15260770979592","2.30453514734694","2.45646258510204","2.60839002265306","2.76031746040816","2.91224489795918","3.13408163265306","3.14448979591837","","","",
"Iran, Islamic Rep.","IRN","Annual freshwater withdrawals, total (% of internal resources)","ER.H2O.FWTL.ZS","","","","","","","","","","","","","","","","35.0194552529183","36.1018590575097","37.1842628621012","38.2666666666926","39.349070471284","40.4321227842802","41.5146562905058","42.5971897968093","43.679723303035","44.7622568093385","45.844790315642","46.9273238218677","48.0098573281712","49.0923908343969","50.1749243407004","51.2574578469261","52.3379161262257","53.4203199308171","54.5027237354086","59.5459143968872","64.5891050583658","65.4451361867704","66.3011673151751","67.1571984435798","68.0132295719844","68.8692607003891","69.7647859922179","70.6603112840467","71.5558365758755","72.3346303501945","72.3346303501945","72.3346303501945","72.3346303501945","72.3346303501945","72.3346303501945","72.3346303501945","72.3346303501945","72.3346303501945","72.3346303501945","72.3346303501945","72.3346303501945","72.3346303501945","72.3346303501945","72.3346303501945","72.3346303501945","72.3346303501945","","","",
"Iraq","IRQ","Annual freshwater withdrawals, total (% of internal resources)","ER.H2O.FWTL.ZS","","","","","","","","","","","","","","","","115.227272727273","115.360795454545","115.494318181818","115.627840909091","115.761363636364","115.894886363636","116.022727272727","116.150568181818","116.278409090909","116.40625","116.534090909091","117.545454545455","118.556818181818","119.568181818182","120.579545454545","121.590909090909","128.181818181818","134.772727272727","141.363636363636","147.954545454545","154.545454545455","161.136363636364","167.70625","174.297159090909","180.888068181818","187.478977272727","182.202069805114","176.925162337784","171.64825487017","166.371347402557","161.094439934943","155.817532467614","150.540625","145.263717532386","139.986810065057","134.709902597443","129.43299512983","124.141883116761","118.864975649432","113.588068181818","99.1590909090909","109.403409090909","122.338068181818","95.3522727272727","160.835227272727","160.835227272727","","","",
"Iceland","ISL","Annual freshwater withdrawals, total (% of internal resources)","ER.H2O.FWTL.ZS","","","","","","","","","","","","","","","","","","","","","0.0635294117647059","0.064","0.0644705882352941","0.0649411764705882","0.0654117647058823","0.0658823529411765","0.0723529411764706","0.0788235294117647","0.0852941176470588","0.0917647058823529","0.0982352941176471","0.0982352941176471","0.0982352941176471","0.0979411764705883","0.0976470588235294","0.0973529411764706","0.0970588235294118","0.0967647058823529","0.0964705882352941","0.0961764705882353","0.0958823529411765","0.0964705882352941","0.0970588235294118","0.0970588235294118","0.0970588235294118","0.106681372529412","0.116303921588235","0.125926470588235","0.135549019588235","0.145171568647059","0.154794117647059","0.163926470588235","0.172941176470588","0.171235294117647","0.162","0.164411764705882","0.152941176470588","0.170588235294118","0.170588235294118","0.170588235294118","0.170588235294118","","","",
"Israel","ISR","Annual freshwater withdrawals, total (% of internal resources)","ER.H2O.FWTL.ZS","","","","","","","","","","","205.79","207.413333333333","208.826666666667","210.24","211.653333333333","213.066666666667","214.48","215.893333333333","217.306666666667","218.52","219.733333333333","223.853333333333","227.973333333333","230.91555556","233.857777773333","236.8","235.266666666667","226.133333333333","222","217.866666666667","209.653333333333","208.266666666667","206.88","205.493333333333","204.106666666667","204.32","206.48","208.64","210.8","212.96","215.12","210.46","205.8","229.333333333333","189.2","187.44444444","185.688888893333","183.933333333333","182.177777773333","180.422222226667","178.666666666667","173.493333333333","168.32","163.066666666667","157.866666666667","152.8","159.866666666667","160.133333333333","148.266666666667","155.2","170.133333333333","","","",
"Italy","ITA","Annual freshwater withdrawals, total (% of internal resources)","ER.H2O.FWTL.ZS","","","","","","","","","","","22.7945205479452","23.088148728","23.381776908","23.6754050880548","23.9690332681096","24.2626614481644","24.5551937377534","24.8477260273973","25.1402583170411","25.4327906066301","25.725322896274","25.4120469667397","25.0987710372055","24.7854951076164","24.4722191780822","24.1589432485479","23.8445714285479","23.5028023483288","23.1797912589589","22.856780169589","22.5337690802192","22.8078417047123","23.0819143292055","23.3559869536986","23.6300595781918","23.9041322026301","24.1782048271233","24.4522774516164","24.7263500761096","24.6929863013699","24.6863196346849","23.7741090538082","22.8618984729315","21.949687892","21.0374773111233","20.099513305589","19.2049282954521","18.3103432853151","29.3490715373151","18.407357218137","18.4662751434521","18.5251930687123","18.5841109940274","18.6211111111233","18.6146971080548","18.6082831050411","18.5580334855342","18.5077838660822","18.4575342465753","18.5452054794521","18.4356164383562","","","",
"Jamaica","JAM","Annual freshwater withdrawals, total (% of internal resources)","ER.H2O.FWTL.ZS","","","","","","","","","","","","","","","","","","","","","","","","","","","","","","","","","","8.56971264898826","8.84360026887185","9.11748788967939","9.39137550956297","9.66526313037051","9.93915075025409","10.2130383710616","10.4869259909452","10.7608136108288","11.0347012316363","11.3085888515199","11.5824764723274","11.856364092211","12.1302517130186","12.4041393329022","12.6780269527857","12.9519145735933","13.2258021934769","13.4996898142844","13.773577434168","14.0474650549755","14.3213526748591","7.66885336782777","12.4734362006837","12.4734362006837","12.4734362006837","12.4734362006837","12.4734362006837","","","",
"Jordan","JOR","Annual freshwater withdrawals, total (% of internal resources)","ER.H2O.FWTL.ZS","","","","","","","","","","","","","","","","66.1290322580645","68.5923753665689","71.0557184750733","73.5190615835777","75.9824046920821","78.4457478005865","80.9090909090909","83.3724340175953","85.8357771260997","88.2991202346041","90.7624633431085","98.475073313783","106.187683284457","113.900293255132","121.612903225806","122.434017595308","129.849183079179","137.264348548387","133.847402595308","130.628403856305","127.409405117302","124.190406363636","120.971407624633","117.771260997067","113.544721407625","109.318181818182","102.361751158358","108.308546290323","108.976749061584","117.709467947214","127.008797653959","134.457478005865","136.656891495601","136.070381231672","126.539589442815","130.938416422287","116.715542521994","124.486803519062","132.111436950147","142.199413489736","127.302052785924","132.492668621701","132.976539589443","135.33724340176","138.099706744868","138.099706744868","","","",
"Japan","JPN","Annual freshwater withdrawals, total (% of internal resources)","ER.H2O.FWTL.ZS","","","","","","","","","","","","","","","","","","","","","20.5116279069767","20.5766666666744","20.6417054263488","20.7067441860465","20.7717829457442","20.8368217054186","20.9018604651163","20.966899224814","21.0319379844884","21.096976744186","21.1620155038837","21.2089147286744","21.2558139534884","21.0604651162791","20.8651162790698","20.6604651162791","20.7011627906977","20.7418604651163","20.8356589147209","20.9294573643488","21.0232558139535","20.3313953488372","19.6395348837209","19.5604651162791","19.4813953488372","19.4023255813953","19.3232558139535","19.2441860465116","19.066511627907","18.8888372093023","18.8382724252558","18.787707641186","18.7371428571395","18.686578073093","18.6360132890465","18.5854485049767","18.5348837209302","18.4418604651163","18.3953488372093","18.2325581395349","18.2325581395349","","","",
"Kazakhstan","KAZ","Annual freshwater withdrawals, total (% of internal resources)","ER.H2O.FWTL.ZS","","","","","","","","","","","","","","","","","","","","","","","","","","","","","","","","","","51.6565656565657","50.7490287490287","49.8414918414918","45.9039627039627","41.9664335664336","38.0289044289044","34.0913752913753","32.6340326340326","32.3698523698524","34.5920745920746","35.6798756798757","36.7365967365967","38.5392385392385","33.006993006993","35.4467754467754","31.8104118104118","33.4731934731935","37.000777000777","34.1103341103341","33.2400932400932","35.011655011655","35.8663558663559","33.6596736596737","33.6130536130536","34.8873348873349","36.5843045843046","36.5439005439005","38.2051282051282","","","",
"Kenya","KEN","Annual freshwater withdrawals, total (% of internal resources)","ER.H2O.FWTL.ZS","","","","","","","","","","","","","","","","","","","","","","","","","","","","","","","9.89855072463768","9.66228167971015","9.42601263478261","9.18974358985507","8.95347454492754","8.7172055","8.48093645507246","8.24466740966184","8.0083983647343","7.77212931980676","7.53586027487923","8.75981667294686","9.9837730705314","11.207729468599","11.8274672188406","12.4472049690821","13.0669427193237","13.6866804690821","14.3064182193237","14.9261559695652","15.5458937198068","15.5478260869565","15.5497584541063","15.551690821256","15.5536231884058","15.5555555555556","19.4782608695652","19.4782608695652","19.4782608695652","19.4782608695652","19.4782608695652","","","",
"Kyrgyz Republic","KGZ","Annual freshwater withdrawals, total (% of internal resources)","ER.H2O.FWTL.ZS","","","","","","","","","","","","","","","","","","","","","","","","","","","","","","","","","","","20.0081749437973","20.1069555146127","20.2057360856325","20.304516656448","20.4032972272634","20.5020777982833","20.6008583690987","19.7925608011445","18.9842632331903","18.1759656652361","17.3676680972818","16.5593705293276","15.7510729613734","15.7510729613734","15.7510729613734","15.7510729613734","15.7510729613734","15.7510729613734","15.7510729613734","15.7510729613734","15.7510729613734","15.7510729613734","15.7510729613734","15.7510729613734","15.7510729613734","15.7510729613734","15.7510729613734","","","",
"Cambodia","KHM","Annual freshwater withdrawals, total (% of internal resources)","ER.H2O.FWTL.ZS","","","","","","","","","","","","","","","","","","","","","","","","","","","","","","","","","","","","","","","","","","","","","","","1.81094527363184","1.81094527363184","1.81094527363184","1.81094527363184","1.81094527363184","1.81094527363184","1.81094527363184","1.81094527363184","1.81094527363184","1.81094527363184","1.81094527363184","1.81094527363184","1.81094527363184","1.81094527363184","1.81094527363184","","","",
"Kiribati","KIR","Annual freshwater withdrawals, total (% of internal resources)","ER.H2O.FWTL.ZS","","","","","","","","","","","","","","","","","","","","","","","","","","","","","","","","","","","","","","","","","","","","","","","","","","","","","","","","","","","","","","","","",
"St. Kitts and Nevis","KNA","Annual freshwater withdrawals, total (% of internal resources)","ER.H2O.FWTL.ZS","","","","","","","","","","","","","","","","","","","","","","","","","","","","","","","","","","","","","","","","","","","","","","","","","","","","","50.8333333333333","50.8333333333333","50.8333333333333","50.8333333333333","50.8333333333333","50.8333333333333","50.8333333333333","50.8333333333333","50.8333333333333","","","",
"Korea, Rep.","KOR","Annual freshwater withdrawals, total (% of internal resources)","ER.H2O.FWTL.ZS","","","","","","","","","","","","","","","","","","","","","","","","","","","","","","","31.7193523515806","32.7921577265998","33.8649631016191","34.9377684766384","36.0105738518119","37.0833792268311","38.1561846018504","39.2289899768697","40.3787201233616","41.5284502698535","42.6781804163454","43.8279105628373","44.9776407093292","44.9925469031611","45.0074530968389","45.0223592906708","45.0223592906708","45.0223592906708","45.0223592906708","45.0223592906708","45.0223592906708","45.0223592906708","45.0223592906708","45.0223592906708","45.0223592906708","45.0223592906708","45.0223592906708","45.0223592906708","45.0223592906708","45.0223592906708","45.0223592906708","","","",
"Kuwait","KWT","Annual freshwater withdrawals, total (% of internal resources)","ER.H2O.FWTL.ZS","","","","","","","","","","","","","","","","","","","","","","","","","","","","","","","","","","","","","","","","","","","","","","","","","","","","","","","","","","","","","","","","",
"Latin America & Caribbean (excluding high income)","LAC","Annual freshwater withdrawals, total (% of internal resources)","ER.H2O.FWTL.ZS","","","","","","","","","","","","","","","","","","","","","","","","","","","","","","","","","","","","","","","","","","","","","","","","","","","","","","","2.36752688175195","2.39837390859345","2.4653138758527","2.48284105489185","2.51936671849635","2.55132861747944","2.55825128326706","","","",
"Lao PDR","LAO","Annual freshwater withdrawals, total (% of internal resources)","ER.H2O.FWTL.ZS","","","","","","","","","","","","","","","","","","","","","","","","","","","","","","","","","","","","","","","","","","","","","","1.83455882352941","2.07247899159664","2.31039915966387","2.54831932773109","2.78623949579832","3.02415966386555","3.26207983193277","3.5","3.73792016806723","3.97584033613445","4.12289915966387","4.02310924369748","3.84453781512605","3.84453781512605","3.86029411764706","3.86029411764706","","","",
"Lebanon","LBN","Annual freshwater withdrawals, total (% of internal resources)","ER.H2O.FWTL.ZS","","","","","","","","","","","","","","","","15.6458333333333","16.2401315791667","16.8300438604167","17.4287280708333","18.0142543854167","18.6173245604167","19.1984649125","19.8059210520833","20.4002192979167","20.99451754375","21.5888157895833","22.1831140354167","22.77741228125","23.3717105270833","23.9660087729167","24.5603070166667","25.1129385958333","25.71162280625","26.3015350875","26.8958333333333","27.38194444375","27.86805555625","28.3541666666667","28.8402777770833","29.3263888895833","26.375","25.8625","25.35","24.8375","24.325","22.8333333333333","24.325","25.8166666666667","27.3083333333333","28.8","30.2916666666667","31.7833333333333","33.275","34.7666666666667","36.2583333333333","37.75","37.75","37.75","37.75","37.75","37.75","","","",
"Liberia","LBR","Annual freshwater withdrawals, total (% of internal resources)","ER.H2O.FWTL.ZS","","","","","","","","","","","","","","","","","","","","","","","","","","","","0.065","0.06503076925","0.06506153845","0.0650923077","0.0651230769","0.06515384615","0.0651846154","0.0652153846","0.06524615385","0.0652769231","0.0653076923","0.06533846155","0.06536923075","0.0654","0.06691","0.06842","0.06993","0.07144","0.07295","0.07295","0.07295","0.07295","0.07295","0.07295","0.07295","0.07295","0.07295","0.07295","0.07295","0.07295","0.07295","0.07295","0.07295","0.07295","","","",
"Libya","LBY","Annual freshwater withdrawals, total (% of internal resources)","ER.H2O.FWTL.ZS","","","","","","","","","","","","","","","","171.428571428571","179.142857142857","186.857142857143","194.571428571429","202.285714285714","210","257","304","351","398","445","492","539","586","633","680","674.285714285714","668.571428571429","662.857142857143","657.142857142857","650.611428571429","644.08","637.548571428571","628.445714285714","621.914285714286","615.428571428571","631.957142857143","648.485714285714","665.014285714286","681.542857142857","698.071428571429","715.081632657143","732.091836728571","749.102040814286","766.1122449","783.122448985714","800.132653057143","817.142857142857","817.142857142857","817.142857142857","817.142857142857","817.142857142857","817.142857142857","817.142857142857","817.142857142857","817.142857142857","","","",
"St. Lucia","LCA","Annual freshwater withdrawals, total (% of internal resources)","ER.H2O.FWTL.ZS","","","","","","","","","","","","","","","","","","","","","","","","","","","","","","","","","","","","","","","","","","","","","","","","14.3","14.3","14.3","14.3","14.3","14.3","14.3","14.3","14.3","14.3","14.3","14.3","14.3","14.3","","","",
"Latin America & Caribbean","LCN","Annual freshwater withdrawals, total (% of internal resources)","ER.H2O.FWTL.ZS","","","","","","","","","","","","","","","","","","","","","","","","","","","","","","","","","","","","","","","","","","","","","","","","","","","","","","","2.50083318745445","2.52754438615012","2.5848804652266","2.59996835544457","2.631410677188","2.65892438158605","2.66488360760787","","","",
"Least developed countries: UN classification","LDC","Annual freshwater withdrawals, total (% of internal resources)","ER.H2O.FWTL.ZS","","","","","","","","","","","","","","","","","","","","","","","","","","","","","","","","","","","","","","","","","","","","","","","","","","","","","","","4.32646588662221","4.34495582701894","4.34824718972789","4.33848528179849","4.37040590327794","4.37596152348108","4.37596152348108","","","",
"Low income","LIC","Annual freshwater withdrawals, total (% of internal resources)","ER.H2O.FWTL.ZS","","","","","","","","","","","","","","","","","","","","","","","","","","","","","","","","","","","","","","","","","","","","","","","","","","","","","","","4.04023662707273","4.06036111408264","4.07329623093597","4.06705096967784","4.1376295007116","4.1459681635898","4.1459681635898","","","",
"Liechtenstein","LIE","Annual freshwater withdrawals, total (% of internal resources)","ER.H2O.FWTL.ZS","","","","","","","","","","","","","","","","","","","","","","","","","","","","","","","","","","","","","","","","","","","","","","","","","","","","","","","","","","","","","","","","",
"Sri Lanka","LKA","Annual freshwater withdrawals, total (% of internal resources)","ER.H2O.FWTL.ZS","","","","","","","","","","","","","","","","","","","","","","","","","","","","","","","18.5018939393939","19.1158333333333","19.7297727272727","20.3437121212121","20.9576515151515","21.5715909090909","22.1855303030303","22.7994696969697","23.4134090909091","24.0273484848485","24.6412878787879","24.6168181818182","24.5923484848485","24.5678787878788","24.5434090909091","24.5189393939394","24.5189393939394","24.5189393939394","24.5189393939394","24.5189393939394","24.5189393939394","24.5189393939394","24.5189393939394","24.5189393939394","24.5189393939394","24.5189393939394","24.5189393939394","24.5189393939394","24.5189393939394","24.5189393939394","24.5189393939394","","","",
"Lower middle income","LMC","Annual freshwater withdrawals, total (% of internal resources)","ER.H2O.FWTL.ZS","","","","","","","","","","","","","","","","","","","","","","","","","","","","","","","","","","","","","","","","","","","","","","","","","","","","","","","17.9412094385208","18.1043057486064","18.2056322548737","18.5010906760983","18.458400635168","18.2244927628175","18.3511701773419","","","",
"Low & middle income","LMY","Annual freshwater withdrawals, total (% of internal resources)","ER.H2O.FWTL.ZS","","","","","","","","","","","","","","","","","","","","","","","","","","","","","","","","","","","","","","","","","","","","","","","","","","","","","","","9.25593134518835","9.28044766787135","9.41538573843293","9.5006532808952","9.47170522159936","9.52614845525498","9.45561160768451","","","",
"Lesotho","LSO","Annual freshwater withdrawals, total (% of internal resources)","ER.H2O.FWTL.ZS","","","","","","","","","","","","","","","","","","","","","","","","","","","","0.956022944550669","0.943937833652008","0.931852722753346","0.91976761376673","0.907682502868069","0.895597391969407","0.883512281070746","0.871427170172084","0.859342059273423","0.847256950286807","0.835171839388145","0.823086728489484","0.811001617590822","0.837476099426386","0.837476099426386","0.837476099426386","0.837476099426386","0.837476099426386","0.837476099426386","0.837476099426386","0.837476099426386","0.837476099426386","0.837476099426386","0.837476099426386","0.837476099426386","0.837476099426386","0.837476099426386","0.837476099426386","0.837476099426386","0.837476099426386","0.837476099426386","0.837476099426386","0.837476099426386","0.837476099426386","","","",
"Late-demographic dividend","LTE","Annual freshwater withdrawals, total (% of internal resources)","ER.H2O.FWTL.ZS","","","","","","","","","","","","","","","","","","","","","","","","","","","","","","","","","","","","","","","","","","","","","","","","","","","","","","","5.8137468489455","5.76234882099628","5.87222745165449","5.82970880244291","5.82402819959323","5.8826428537413","5.70239587866078","","","",
"Lithuania","LTU","Annual freshwater withdrawals, total (% of internal resources)","ER.H2O.FWTL.ZS","","","","","","","","","","","","","","","","","","","","","","","","","","","","","","","","","","","","28.1190168175938","26.4165588615783","24.7141009055627","23.0116429495472","21.3091849935317","19.6067270375162","17.9042690815006","17.245148771022","16.5860284605433","15.9269081500647","15.267787839586","14.9560155239327","14.6442432082794","11.9961190168176","9.34799482535576","6.69987063389392","4.05174644243208","3.47218628719276","2.89262613195343","2.3130659767141","2.46959896507115","1.99159120310479","1.67529107373868","1.64547218628719","1.64547218628719","1.64547218628719","","","",
"Luxembourg","LUX","Annual freshwater withdrawals, total (% of internal resources)","ER.H2O.FWTL.ZS","","","","","","","","","","","3.48","3.634","3.788","3.942","4.096","4.25","4.194","4.138","4.082","4.026","3.97","4.516","5.062","5.608","6.154","6.7","6.6","6.5","6.4","6.3","6.2","6.1","6","5.9","5.8","5.7","5.795","5.89","5.985","6.08","5.942","5.804","5.666","5.528","5.39","5.252","5.114","4.976","4.838","4.7","4.76","4.63","4.46","4.31","4.6","4.48","4.44","4.56","5.22","4.93","4.78","","","",
"Latvia","LVA","Annual freshwater withdrawals, total (% of internal resources)","ER.H2O.FWTL.ZS","","","","","","","","","","","","","","","","","","","","","","","","","","","","","","","","","","","","2.39779614344746","2.26135379752066","2.12491145218418","1.9884691068477","1.8520267609209","1.71558441558442","1.57914207024793","1.44332939787485","1.39858323494687","1.35383707201889","1.30909090909091","1.26434474616293","1.21959858323495","1.35064935064935","2.33116883116883","1.6245572609209","2.1788665879575","1.46517119244392","1.39315230224321","0.994687131050767","1.043093270366","1.09715387839433","1.0691709622196","1.08234356552538","1.05448051948052","1.0697225501771","","","",
"Macao SAR, China","MAC","Annual freshwater withdrawals, total (% of internal resources)","ER.H2O.FWTL.ZS","","","","","","","","","","","","","","","","","","","","","","","","","","","","","","","","","","","","","","","","","","","","","","","","","","","","","","","","","","","","","","","","",
"St. Martin (French part)","MAF","Annual freshwater withdrawals, total (% of internal resources)","ER.H2O.FWTL.ZS","","","","","","","","","","","","","","","","","","","","","","","","","","","","","","","","","","","","","","","","","","","","","","","","","","","","","","","","","","","","","","","","",
"Morocco","MAR","Annual freshwater withdrawals, total (% of internal resources)","ER.H2O.FWTL.ZS","","","","","","","","","","","","","","","","31.0344827586207","31.7586206896552","32.4827586206897","33.2068965517241","33.9310344827586","34.6551724137931","35.3103448275862","35.9655172413793","36.6206896551724","37.2758620689655","37.9310344827586","37.2275862068966","36.5241379310345","35.8206896551724","35.1172413793103","34.4020689655172","36.238275862069","38.0744827586207","38.0503448275862","38.5744827586207","38.8158620689655","39.0899310344828","40.1795172413793","41.2691034482759","42.3586896551724","43.448275862069","47.2637931034483","51.0793103448276","49.251724137931","47.4241379310345","45.5965517241379","43.7689655172414","41.9413793103448","40.1137931034483","38.2862068965517","36.4586206896552","36.4586206896552","36.4586206896552","36.4586206896552","36.4586206896552","36.4586206896552","36.4586206896552","36.4586206896552","36.4586206896552","36.4586206896552","36.4586206896552","","","",
"Monaco","MCO","Annual freshwater withdrawals, total (% of internal resources)","ER.H2O.FWTL.ZS","","","","","","","","","","","","","","","","","","","","","","","","","","","","","","","","","","","","","","","","","","","","","","","","","","","","","","","","","","","","","","","","",
"Moldova","MDA","Annual freshwater withdrawals, total (% of internal resources)","ER.H2O.FWTL.ZS","","","","","","","","","","","","","","","","","","","","","","","","","","","","","","","","","121.172839506173","114.361111111111","107.549382716049","100.737654320988","211.333333333333","91.9107744135802","89.8956228950617","87.880471382716","85.8653198641975","53.9506172839506","53.4567901234568","53.3333333333333","52.5925925925926","52.5925925925926","52.716049382716","52.716049382716","54.6296296296296","53.3950617283951","52.5308641975309","52.2839506172839","52.4691358024691","51.7901234567901","51.6666666666667","51.8518518518518","52.037037037037","51.8518518518518","51.6666666666667","51.7901234567901","52.2222222222222","","","",
"Madagascar","MDG","Annual freshwater withdrawals, total (% of internal resources)","ER.H2O.FWTL.ZS","","","","","","","","","","","","","","","","","","","","","","","","","4.83768545994065","4.78328264094956","4.72887982195846","4.67447700296736","4.62007418397626","4.56567136498516","4.51126854599407","4.45686572700297","4.40246290801187","4.34806008902077","4.29365727002967","4.23925445103858","4.18485163204748","4.13044881305638","4.07604599406528","4.02164317507418","3.96724035608309","3.97245697329377","3.97767359050445","3.98289020771513","3.98810682492582","3.9933234421365","3.9933234421365","3.9933234421365","3.9933234421365","3.9933234421365","3.9933234421365","3.9933234421365","3.9933234421365","3.9933234421365","3.9933234421365","3.9933234421365","3.9933234421365","3.9933234421365","3.9933234421365","3.9933234421365","3.9933234421365","","","",
"Maldives","MDV","Annual freshwater withdrawals, total (% of internal resources)","ER.H2O.FWTL.ZS","","","","","","","","","","","","","","","","","","","","","","","","","","","","11.3333333333333","11.7301586666667","11.7460316666667","11.952381","11.5873016666667","12.3650793333333","12.5714286666667","12.7777776666667","15.3205126666667","15.8814103333333","16.4423076666667","17.003205","17.5641026666667","17.6666666666667","17.125","16.9166666666667","16.7083333333333","16.5","14.4761903333333","14.873016","15.4603173333333","15.6666666666667","9.52380966666667","3.38095233333333","15.6666666666667","15.6666666666667","15.6666666666667","15.6666666666667","15.6666666666667","15.6666666666667","15.6666666666667","15.6666666666667","15.6666666666667","15.6666666666667","","","",
"Middle East & North Africa","MEA","Annual freshwater withdrawals, total (% of internal resources)","ER.H2O.FWTL.ZS","","","","","","","","","","","","","","","","","","","","","","","","","","","","","","","","","","","","","","","","","","","","","","","","","","","","","","","117.099045786223","115.71293871424","117.153400425636","126.850617302699","123.025642138638","133.049653015704","133.112233579054","","","",
"Mexico","MEX","Annual freshwater withdrawals, total (% of internal resources)","ER.H2O.FWTL.ZS","","","","","","","","","","","","","","","","","","","","","13.6845965770171","13.8337513098044","13.9829060426161","14.1320607754034","14.2812155082152","14.4303702410024","14.5795249738142","14.7286797066015","14.8778344393888","15.0269891722005","15.1761439049878","15.3252986377995","15.4744533705868","15.6236081033985","15.7727628361858","15.9219175689731","16.0710723017848","16.2202270345721","16.3693817673839","16.5185365001711","16.6676912329829","16.8168459657702","17.6772616136919","18.2640586797066","18.3863080684597","18.6308068459658","18.8264058679707","19.2298288508557","19.5063325183374","18.7383863080685","19.4694376528117","19.4327628361858","20.2273838630807","19.9633251833741","20.7652811735941","20.9437652811736","21.1679706601467","21.4767726161369","21.721271393643","21.8462102689487","21.8943765281174","","","",
"Marshall Islands","MHL","Annual freshwater withdrawals, total (% of internal resources)","ER.H2O.FWTL.ZS","","","","","","","","","","","","","","","","","","","","","","","","","","","","","","","","","","","","","","","","","","","","","","","","","","","","","","","","","","","","","","","","",
"Middle income","MIC","Annual freshwater withdrawals, total (% of internal resources)","ER.H2O.FWTL.ZS","","","","","","","","","","","","","","","","","","","","","","","","","","","","","","","","","","","","","","","","","","","","","","","","","","","","","","","9.68489182264877","9.70975762696932","9.8557541520947","9.94911337830949","9.91446855403861","9.97317736297858","9.89628367529865","","","",
"North Macedonia","MKD","Annual freshwater withdrawals, total (% of internal resources)","ER.H2O.FWTL.ZS","","","","","","","","","","","","","","","","","","","","","","","","","","","","","","","","","","","","","28.7962962962963","24.8009259259259","20.8055555555556","16.8101851851852","12.8148148148148","12.2703703703704","11.7259259259259","14.9580246907407","18.1901234574074","21.4222222222222","15.8148148148148","10.2074074074074","14.7990740740741","19.3907407407407","16.8333333333333","14.2759259259259","11.7185185185185","9.16111111111111","12.5507654314815","15.9404197537037","19.3300740740741","29.6067962962963","39.8835185185185","29.6144444444444","29.6144444444444","","","",
"Mali","MLI","Annual freshwater withdrawals, total (% of internal resources)","ER.H2O.FWTL.ZS","","","","","","","","","","","","","","","","","","","","","","","","","","","","2.26666666666667","2.71836257316667","3.1700584795","3.621754386","4.07345029233333","4.52514619883333","4.97684210533333","5.42853801166667","5.88023391816667","6.3319298245","6.75973684216667","7.18754385966667","7.61535087716667","8.04315789466667","8.47096491233333","8.5054385965","8.53991228066667","8.57438596483333","8.60885964916667","8.64333333333333","8.64333333333333","8.64333333333333","8.64333333333333","8.64333333333333","8.64333333333333","8.64333333333333","8.64333333333333","8.64333333333333","8.64333333333333","8.64333333333333","8.64333333333333","8.64333333333333","8.64333333333333","8.64333333333333","","","",
"Malta","MLT","Annual freshwater withdrawals, total (% of internal resources)","ER.H2O.FWTL.ZS","","","","","","","","","","","","","","","","","","","","","39.6039603960396","44.3564356435644","49.1089108910891","53.8613861386139","58.6138613861386","53.2673267326733","52.5544554455446","51.8415841584158","51.1287128712871","50.4158415841584","49.7029702970297","48.990099009901","48.2772277227723","47.5643564356436","46.8514851485148","46.1386138613861","49.1654879207921","52.1923621782178","55.2192362376238","58.2461102970297","61.2729843564356","64.2998586138614","67.3267326732673","68.4356435643564","68.5148514851485","70.6534653465347","71.7623762376238","72.8712871287129","70.8910891089109","62.7722772277228","80.990099009901","75.4455445544555","79.4059405940594","91.2871287128713","89.1089108910891","82.7722772277228","82.970297029703","91.0891089108911","84.623002970297","80.999060990099","81.8599396039604","","","",
"Myanmar","MMR","Annual freshwater withdrawals, total (% of internal resources)","ER.H2O.FWTL.ZS","","","","","","","","","","","","","","","","","","","","","","","","","","","","2.81771041084962","2.85582906324292","2.89403516308337","2.93206636801955","2.97018502040287","3.00830367279617","3.0464223251795","3.0845409775728","3.12265962995612","3.16077828234942","3.19889693473275","3.23701558712605","3.27513423950937","3.313821300359","3.313821300359","3.313821300359","3.313821300359","3.313821300359","3.313821300359","3.313821300359","3.313821300359","3.313821300359","3.313821300359","3.313821300359","3.313821300359","3.313821300359","3.313821300359","3.313821300359","3.313821300359","3.313821300359","3.313821300359","3.313821300359","3.313821300359","3.313821300359","","","",
"Middle East & North Africa (excluding high income)","MNA","Annual freshwater withdrawals, total (% of internal resources)","ER.H2O.FWTL.ZS","","","","","","","","","","","","","","","","","","","","","","","","","","","","","","","","","","","","","","","","","","","","","","","","","","","","","","","107.481270420839","105.528918588369","107.194462661964","116.848334721804","112.764246592339","123.005406171899","123.046971657479","","","",
"Montenegro","MNE","Annual freshwater withdrawals, total (% of internal resources)","ER.H2O.FWTL.ZS","","","","","","","","","","","","","","","","","","","","","","","","","","","","","","","","","","","","","","","","","","","","","","","","","","","","","","","","","","","","","","","","",
"Mongolia","MNG","Annual freshwater withdrawals, total (% of internal resources)","ER.H2O.FWTL.ZS","","","","","","","","","","","","","","","","","","","","","","","","","","","","","","","","","","1.22988505747126","1.25464190977012","1.27939876206897","1.30415561436782","1.32891246695402","1.35366931925287","1.37842617155172","1.40318302385057","1.42793987614943","1.45269672844828","1.47745358103448","1.50221043333333","1.46896551724138","1.55172413793103","1.56226053649425","1.57279693477011","1.58333333333333","1.52519157097701","1.46704980833333","1.40890804597701","1.35076628362069","1.29262452097701","1.23448275862069","1.32873563218391","1.32873563218391","1.32873563218391","1.32873563218391","1.32873563218391","","","",
"Northern Mariana Islands","MNP","Annual freshwater withdrawals, total (% of internal resources)","ER.H2O.FWTL.ZS","","","","","","","","","","","","","","","","","","","","","","","","","","","","","","","","","","","","","","","","","","","","","","","","","","","","","","","","","","","","","","","","",
"Mozambique","MOZ","Annual freshwater withdrawals, total (% of internal resources)","ER.H2O.FWTL.ZS","","","","","","","","","","","","","","","","","","","","","","","","","","","","","","","0.603190428713858","0.629667361515454","0.65614429441675","0.682621227218345","0.70909816001994","0.735575092921236","0.762052025722832","0.788528958624128","0.815005891425723","0.841482824227318","0.867959757128614","0.900638085742772","0.947209799202393","0.993781512562313","1.04035322602193","1.08692493948156","1.12509186729811","1.16325879501496","1.20142572283151","1.23959265064806","1.27775957836491","1.31592650618146","1.35409343399801","1.39226036181456","1.43042728953141","1.46859421734796","1.46859421734796","1.46859421734796","1.46859421734796","1.46859421734796","1.46859421734796","","","",
"Mauritania","MRT","Annual freshwater withdrawals, total (% of internal resources)","ER.H2O.FWTL.ZS","","","","","","","","","","","","","","","","","","","","","182.5","227.40375","272.3075","317.21125","362.115","407.01875","406.570833325","406.122916675","405.675","405.227083325","404.279166675","403.83125","403.383333325","402.935416675","402.4875","402.039583325","401.591666675","401.14375","400.695833325","400.247916675","399.8","383.7875","367.775","351.7625","335.75","337.05","337.05","337.05","337.05","337.05","337.05","337.05","337.05","337.05","337.05","337.05","337.05","337.05","337.05","337.05","337.05","","","",
"Mauritius","MUS","Annual freshwater withdrawals, total (% of internal resources)","ER.H2O.FWTL.ZS","","","","","","","","","","","","","","","13.0861504907306","13.0861504907306","13.5853628971283","14.084575307161","14.5837877135587","15.0830001199564","15.5822125299891","16.0814249363868","16.5806373427844","17.0798497528172","17.5790621592148","18.0782745656125","18.5774869756452","19.0766993820429","19.5759117884406","20.0751241984733","20.574336604871","20.9305707015631","21.2868047982552","21.6430388949473","21.9992729916394","22.3555070883315","22.3191566703017","22.2828062522719","22.2464558342421","22.2101054162123","22.1737549981825","23.5671876881134","24.9606203816794","26.3540530716103","25.7360959651036","25.1181388585969","24.7909850963286","22.9007633587786","27.8444202108324","22.9734641948382","23.1552162849873","20.75608869502","21.1559432933479","22.1010541621229","22.5372591784806","22.2464558342421","22.5372591784806","22.1737549981825","21.4830970556161","21.6284987277354","22.0647037440931","","","",
"Malawi","MWI","Annual freshwater withdrawals, total (% of internal resources)","ER.H2O.FWTL.ZS","","","","","","","","","","","","","","","","","","","","","","","","","","","","","","","","","","","5.79925650557621","6.10930400681537","6.41935150743494","6.7293990086741","7.03944650991326","7.34949401053284","7.659541511772","7.97481412639405","8.29008674101611","8.32887236679058","8.36765799256506","8.40644361833953","8.40644361833953","8.40644361833953","8.40644361833953","8.40644361833953","8.40644361833953","8.40644361833953","8.40644361833953","8.40644361833953","8.40644361833953","8.40644361833953","8.40644361833953","8.40644361833953","8.40644361833953","8.40644361833953","8.40644361833953","","","",
"Malaysia","MYS","Annual freshwater withdrawals, total (% of internal resources)","ER.H2O.FWTL.ZS","","","","","","","","","","","","","","","","","","","","","","","","","","","","","","","1.74356896551724","1.61725287356897","1.49093678160345","1.36462068965517","1.2383045977069","1.29293103448276","0.94551724137931","0.952250453724138","0.958983666068965","0.965716878396552","0.972450090741379","0.979183303086207","0.985916515431035","0.992649727775862","0.999382940103448","1.00612431941379","1.0128493647931","1.01958257713793","1.02631578946552","1.03304900181034","1.03978221415517","1.0465154265","1.05324863884483","1.05998185117241","1.06671506351724","1.07344827586207","1.12965517241379","1.15637931034483","1.15637931034483","1.15637931034483","1.15637931034483","","","",
"North America","NAC","Annual freshwater withdrawals, total (% of internal resources)","ER.H2O.FWTL.ZS","","","","","","","","","","","","","","","","","","","","","","","","","","","","","","","","","","","","","","","","","","","","","","","","","","","","","","","8.39417588954834","8.47082060293755","8.47543422326217","8.4800478435868","8.4800478435868","8.4800478435868","8.4800478435868","","","",
"Namibia","NAM","Annual freshwater withdrawals, total (% of internal resources)","ER.H2O.FWTL.ZS","","","","","","","","","","","","","","","","","","","","","","","","","","2.27272727272727","2.56655844155844","2.86038961038961","3.15422077922078","3.45194805194805","3.74188311688312","4.03733766233766","4.13474025974026","4.23214285714286","4.32954545454546","4.42694805194805","4.33279220779221","4.46266233766234","4.59253246753247","4.82142857142857","4.76533353084416","4.67081611525974","4.5762987012987","4.5762987012987","4.5762987012987","4.5762987012987","4.5762987012987","4.5762987012987","4.5762987012987","4.5762987012987","4.5762987012987","4.5762987012987","4.5762987012987","4.5762987012987","4.5762987012987","4.5762987012987","4.5762987012987","4.5762987012987","4.5762987012987","4.5762987012987","4.5762987012987","","","",
"New Caledonia","NCL","Annual freshwater withdrawals, total (% of internal resources)","ER.H2O.FWTL.ZS","","","","","","","","","","","","","","","","","","","","","","","","","","","","","","","","","","","","","","","","","","","","","","","","","","","","","","","","","","","","","","","","",
"Niger","NER","Annual freshwater withdrawals, total (% of internal resources)","ER.H2O.FWTL.ZS","","","","","","","","","","","","","","","","","","","","","","","","","","","","","14.2857142857143","15.0984873942857","15.9112605028571","16.7240336142857","17.5368067228571","18.3495798314286","19.16235294","19.9751260514286","20.78789916","21.6006722685714","22.4134453771429","23.2262184885714","24.0389915971429","24.8517647057143","25.6645378142857","26.4773109257143","27.2900840342857","28.1028571428571","29.77873016","31.4546031742857","33.1304761914286","34.8063492057143","36.4822222228571","38.1580952371429","39.8339682542857","41.5098412685714","43.1857142857143","49.1857142857143","49.92","45.1796857142857","69.4717428571429","73.8087942857143","73.8087942857143","","","",
"Nigeria","NGA","Annual freshwater withdrawals, total (% of internal resources)","ER.H2O.FWTL.ZS","","","","","","","","","","","","","","","","","","","","","","","","","","","","2.52941176470588","2.69345631742081","2.85770971108597","3.02050121823529","3.18465019144796","3.34879916461538","3.51294813782805","3.67709711104072","3.84124608425339","4.00539505742081","4.1698572920362","4.33369300384615","4.49794639751131","4.66199095022624","4.77674208144796","4.89149321266968","5.0062443438914","5.12099547511312","5.23574660633484","5.3172850678733","5.39882352941177","5.48036199095023","5.56190045248869","5.64343891402715","5.64343891402715","5.64343891402715","5.64343891402715","5.64343891402715","5.64343891402715","5.64343891402715","5.64343891402715","5.64343891402715","5.64343891402715","5.64343891402715","","","",
"Nicaragua","NIC","Annual freshwater withdrawals, total (% of internal resources)","ER.H2O.FWTL.ZS","","","","","","","","","","","","","","","","","","","","","","","","","","","","","","","","","","","","","","","0.822482555534217","0.855444898662057","0.887703061519749","0.92066540464759","0.93196886972665","0.943272334869727","0.954575799948787","0.965879265091863","0.972921067793355","0.979962870494847","0.987004673196338","0.977473214967031","0.967941756737725","0.958410298508418","0.940476689328468","0.922543080148518","0.904609470904552","0.886675861724602","0.868742252544651","0.850808643364701","0.832875034184751","0.81454452339799","0.814941425004801","","","",
"Netherlands","NLD","Annual freshwater withdrawals, total (% of internal resources)","ER.H2O.FWTL.ZS","","","","","","","","","","","","","","","","","","","","","83.6181818181818","83.8927272727273","84.1672727272727","84.4418181818182","84.7163636363636","84.9909090909091","82.5072727272727","80.0236363636364","77.54","75.0563636363636","72.5727272727273","72.5727272727273","69.8890909090909","67.2054545454545","64.5218181818182","61.8381818181818","59.1545454545454","63.5318181818182","67.9090909090909","72.2863636363636","76.6636363636364","81.0409090909091","87.0325","93.0240909090909","99.0156818181818","105.007272727273","102.238181818182","99.4545454545455","97.3636363636364","103.727272727273","99.3636363636364","92.6363636363636","97.4545454545455","96.7272727272727","86.2727272727273","76.4636363636364","72.94","71.9654545454545","73.5472727272727","76.3945454545455","75.5090909090909","","","",
"Norway","NOR","Annual freshwater withdrawals, total (% of internal resources)","ER.H2O.FWTL.ZS","","","","","","","","","","","","","","","","","","","","","0.523560209424084","0.53043030104712","0.537303664921466","0.544170484293194","0.55104057591623","0.557910667539267","0.564780759162304","0.57165085078534","0.578520942408377","0.585391034031414","0.59226112565445","0.599131217277487","0.606001308900524","0.61287140052356","0.619741492146597","0.626611583769633","0.63348167539267","0.627233856884817","0.620986038403141","0.614738219895288","0.629951383691099","0.672546746439791","0.668597606570681","0.675041136884817","0.735411368743455","0.717064323115183","0.769371727748691","0.792146596858639","0.768128272251309","0.744109947643979","0.734450261780105","0.72479057591623","0.715130890052356","0.720890052356021","0.727434554973822","0.710340314136126","0.693246073298429","0.704476439790576","0.704476439790576","0.704476439790576","0.704476439790576","","","",
"Nepal","NPL","Annual freshwater withdrawals, total (% of internal resources)","ER.H2O.FWTL.ZS","","","","","","","","","","","","","","","","","","","","","","","","","","","","","","","","","","","","","","","","","4.82467204843592","4.81807265388496","4.81147325933401","4.80487386478305","4.79827447023209","4.79167507568113","4.79167507568113","4.79167507568113","4.79167507568113","4.79167507568113","4.79167507568113","4.79167507568113","4.79167507568113","4.79167507568113","4.79167507568113","4.79167507568113","4.79167507568113","4.79167507568113","4.79167507568113","4.79167507568113","4.79167507568113","","","",
"Nauru","NRU","Annual freshwater withdrawals, total (% of internal resources)","ER.H2O.FWTL.ZS","","","","","","","","","","","","","","","","","","","","","","","","","","","","","","","","","","","","","","","","","","","","","","","","","","","","","","","","","","","","","","","","",
"New Zealand","NZL","Annual freshwater withdrawals, total (% of internal resources)","ER.H2O.FWTL.ZS","","","","","","","","","","","","","","","","","","","","","0.36697247706422","0.409785932721713","0.452599388379205","0.495412844036697","0.53822629969419","0.581039755351682","0.608125819143731","0.635211882905199","0.662297946697248","0.689384010489297","0.716470074281346","0.743556138042814","0.770642201834862","0.797728265626911","0.824814329388379","0.851900393180428","0.878986456972477","0.906072520764526","0.933158584525994","0.960244648318043","1.03748361730887","1.11472258626911","1.19196155525994","1.26920052425076","1.34643949324159","1.42367846220183","1.50091743119266","1.52331804281346","1.54571865443425","1.56811926605505","1.59051987767584","1.94785932721713","2.30519877675841","2.66253822629969","3.01987767584098","3.01987767584098","3.01987767584098","3.01987767584098","3.01987767584098","3.01987767584098","3.01987767584098","","","",
"OECD members","OED","Annual freshwater withdrawals, total (% of internal resources)","ER.H2O.FWTL.ZS","","","","","","","","","","","","","","","","","","","","","","","","","","","","","","","","","","","","","","","","","","","","","","","","","","","","","","","7.90677410074446","7.88480327652402","7.94325067185422","7.93230230012472","7.95517447659411","7.93726515093875","7.92570987059089","","","",
"Oman","OMN","Annual freshwater withdrawals, total (% of internal resources)","ER.H2O.FWTL.ZS","","","","","","","","","","","","","","","","","","","","","","","","","","","","","","","","85.5","86.4736652214286","87.44733045","88.4209956714286","86.9660894642857","87.9397546928572","88.9134199142857","89.8870851357143","90.8607503642857","92.8571428571429","90.7922077928572","89.75","84.7142857142857","87.9142857142857","91.1142857142857","94.3142857142857","97.5142857142857","100.714285714286","103.914285714286","107.114285714286","110.314285714286","113.514285714286","116.714285714286","116.714285714286","116.714285714286","116.714285714286","116.714285714286","116.714285714286","116.714285714286","116.714285714286","","","",
"Other small states","OSS","Annual freshwater withdrawals, total (% of internal resources)","ER.H2O.FWTL.ZS","","","","","","","","","","","","","","","","","","","","","","","","","","","","","","","","","","","","","","","","","","","","","","","","","","","","","","","1.37599661784914","1.35300309143958","1.37696581728146","1.38607441824933","1.34755867290622","1.23435343640091","1.2189500367772","","","",
"Pakistan","PAK","Annual freshwater withdrawals, total (% of internal resources)","ER.H2O.FWTL.ZS","","","","","","","","","","","","","","","","278.850909090909","279.104545454545","279.358181818182","279.611818181818","279.865454545454","280.119090909091","280.372727272727","280.626363636364","280.88","281.133636363636","281.387272727273","281.640909090909","281.894545454545","282.148181818182","282.401818181818","282.655454545455","282.909090909091","286.335353535273","289.761616161636","293.187878787818","296.614141414182","300.040404040364","303.466666666727","306.892929292909","310.319191919273","313.745454545455","316.065","318.384545454546","320.704090909091","323.023636363636","325.343181818182","328.077272727273","330.811363636364","333.636363636364","332.890909090909","336.872727272727","326.327272727273","341.6","333.636363636364","354.309090909091","358","363.218181818182","363.581818181818","350.436363636364","322.018181818182","344.709090909091","","","",
"Panama","PAN","Annual freshwater withdrawals, total (% of internal resources)","ER.H2O.FWTL.ZS","","","","","","","","","","","","","","","","","","","","","","","","","","","","","","","","","","","","","","","","","","","","","","","","","","","0.759150805270864","0.802537823352855","0.84592484136164","0.889311859443631","0.879282576866764","0.916032210834554","0.886822840409956","0.886822840409956","0.886822840409956","0.886822840409956","0.886822840409956","","","",
"Peru","PER","Annual freshwater withdrawals, total (% of internal resources)","ER.H2O.FWTL.ZS","","","","","","","","","","","","","","","","","","","","","","","","","","","","","","","","","","","","","","","","","","","","","","","","","0.826325411334552","0.971485446672761","1.11634078975625","1.26119613283364","1.40605147591712","1.55090681899452","1.69576216207191","1.84061750515539","1.98547284823279","2.13032819131627","2.27518353439366","2.34917733089579","2.34917733089579","","","",
"Philippines","PHL","Annual freshwater withdrawals, total (% of internal resources)","ER.H2O.FWTL.ZS","","","","","","","","","","","","","","","","","","","","","","","","","","","","","","","","","","","","","","","","","","","","","","","16.4697286012526","17.0137787056367","17.2210855949896","17.0263048016701","17.3847599164927","17.5488517745303","17.5883089770355","17.6298538622129","17.6267223382046","18.0375782881002","18.1858037578288","19.1631064718163","19.2396264697286","17.9263354989562","17.9263354989562","","","",
"Palau","PLW","Annual freshwater withdrawals, total (% of internal resources)","ER.H2O.FWTL.ZS","","","","","","","","","","","","","","","","","","","","","","","","","","","","","","","","","","","","","","","","","","","","","","","","","","","","","","","","","","","","","","","","",
"Papua New Guinea","PNG","Annual freshwater withdrawals, total (% of internal resources)","ER.H2O.FWTL.ZS","","","","","","","","","","","","","","","","","","","","","","","","","","","","","","","","","","","","","","","","","0.0338826466916355","0.036896379525593","0.0399101123595506","0.0429238451935081","0.0459375780274657","0.0489513108614232","0.0489513108614232","0.0489513108614232","0.0489513108614232","0.0489513108614232","0.0489513108614232","0.0489513108614232","0.0489513108614232","0.0489513108614232","0.0489513108614232","0.0489513108614232","0.0489513108614232","0.0489513108614232","0.0489513108614232","0.0489513108614232","0.0489513108614232","","","",
"Poland","POL","Annual freshwater withdrawals, total (% of internal resources)","ER.H2O.FWTL.ZS","","","","","","","","","","","18.8675373134328","20.1432835820895","21.4190298507463","22.694776119403","23.9705223880597","25.2462686567164","25.8429104477612","26.439552238806","27.0361940298507","27.6328358208955","28.2294776119403","28.7078358208955","29.1861940298507","29.664552238806","30.1429104477612","30.6212686567164","30.1563432835821","29.6914179104478","29.2264925373134","28.7615671641791","28.2966417910448","26.6296641791045","24.9626865671642","24.7436567164179","24.5246268656716","24.3055970149254","24.0865671641791","23.8675373134328","23.4667910447761","23.0660447761194","22.6652985074627","22.264552238806","21.8638059701493","21.9761194029851","22.0861940298507","22.1973880597015","22.3085820895522","22.4253731343284","21.1940298507463","21.4738805970149","20.2798507462687","22.2201492537313","21.3992537313433","20.9701492537313","19.8339552238806","19.4925373134328","19.1958955223881","18.8059701492537","17.9067164179104","16.7611548507463","16.169776119403","","","",
"Pre-demographic dividend","PRE","Annual freshwater withdrawals, total (% of internal resources)","ER.H2O.FWTL.ZS","","","","","","","","","","","","","","","","","","","","","","","","","","","","","","","","","","","","","","","","","","","","","","","","","","","","","","","4.20922121211103","4.07506920880272","4.20070782630984","4.32470366946374","4.09854910842469","4.74949774007264","4.74949774007264","","","",
"Puerto Rico","PRI","Annual freshwater withdrawals, total (% of internal resources)","ER.H2O.FWTL.ZS","","","","","","","","","","","","","","","","","","","","","","","","","","","","","","","11.2338028169014","11.3166197183099","11.3994366197183","11.4822535211268","11.5650704225352","11.6478873239437","11.7307042253521","11.8135211267606","11.896338028169","11.9791549295775","12.0619718309859","12.4619718309859","12.8619718309859","13.2619718309859","13.6619718309859","14.0619718309859","14.1143661971831","14.1667605633803","14.2166197183099","14.2715492957746","14.3239436619718","13.9205633802817","13.5239436619718","13.1239436619718","12.7239436619718","12.3239436619718","12.3239436619718","12.3239436619718","12.3239436619718","12.3239436619718","12.3239436619718","","","",
"Korea, Dem. People's Rep.","PRK","Annual freshwater withdrawals, total (% of internal resources)","ER.H2O.FWTL.ZS","","","","","","","","","","","","","","","","","","","","","","","","","","","","","","","","","","","","","","","","","12.769552238806","12.8000597014925","12.8305671641791","12.8610746268657","12.8915820895522","12.9220895522388","12.9220895522388","12.9220895522388","12.9220895522388","12.9220895522388","12.9220895522388","12.9220895522388","12.9220895522388","12.9220895522388","12.9220895522388","12.9220895522388","12.9220895522388","12.9220895522388","12.9220895522388","12.9220895522388","12.9220895522388","","","",
"Portugal","PRT","Annual freshwater withdrawals, total (% of internal resources)","ER.H2O.FWTL.ZS","","","","","","","","","","","","","","","","","","","","","","","","","","","","","","","","22.6273684210526","26.5004260652632","30.3734837092105","34.2465413534211","33.8213533834211","32.3145864660526","30.8078195489474","29.3010526315789","28.6869303521053","28.0649133360526","27.450791056579","26.8366687771053","26.2225464978947","25.608424218421","24.9943019389474","23.8389390581579","24.0684210526316","23.8928654971053","23.717309941579","23.5417543860526","23.3661988305263","23.1906432747368","23.0150877192105","22.8395321636842","22.6639766081579","22.4884210526316","16.2143947368421","16.1303421052632","16.1303421052632","16.1303421052632","","","",
"Paraguay","PRY","Annual freshwater withdrawals, total (% of internal resources)","ER.H2O.FWTL.ZS","","","","","","","","","","","","","","","","","","","","","","","","","","","","0.367521367521367","0.371466140683761","0.375410913846154","0.379355687008547","0.38330046025641","0.387245233418803","0.391190006581197","0.39513477974359","0.399079552905983","0.403024326068376","0.406969099316239","0.410913872478632","0.414858645641026","0.418803418803419","0.561525511538462","0.704247604273504","0.846969697008547","0.98969178965812","1.13241388239316","1.2751359751282","1.41785806786325","1.56058016059829","1.69112276615385","1.82166537162393","1.92542735042735","2.06239316239316","2.06239316239316","2.06239316239316","2.06239316239316","2.06239316239316","2.06239316239316","2.06239316239316","2.06239316239316","2.06239316239316","","","",
"West Bank and Gaza","PSE","Annual freshwater withdrawals, total (% of internal resources)","ER.H2O.FWTL.ZS","","","","","","","","","","","","","","","","","","","","","","","","","","","","","","","","","","","","","","","","","34.6018062438424","33.3066502463054","39.8563218349754","41.9848111699507","46.8965517241379","50.2463054187192","48.5821018103448","46.5012315270936","44.4203612438424","42.3394909729064","33.3497536945813","32.8694581280788","36.0344827586207","37.2413793103448","33.8054187192118","35.8620689655172","34.5566502463054","35.4679802955665","36.9088669950739","40.5911330049261","43.3990147783251","","","",
"Pacific island small states","PSS","Annual freshwater withdrawals, total (% of internal resources)","ER.H2O.FWTL.ZS","","","","","","","","","","","","","","","","","","","","","","","","","","","","","","","","","","","","","","","","","","","","","","","","","","","","","","","","","","","","","","","","",
"Post-demographic dividend","PST","Annual freshwater withdrawals, total (% of internal resources)","ER.H2O.FWTL.ZS","","","","","","","","","","","","","","","","","","","","","","","","","","","","","","","","","","","","","","","","","","","","","","","","","","","","","","","9.23778295545157","9.13272084015496","9.12228055321035","9.1269231585709","9.1240714496846","9.08463523078486","9.04285963896962","","","",
"French Polynesia","PYF","Annual freshwater withdrawals, total (% of internal resources)","ER.H2O.FWTL.ZS","","","","","","","","","","","","","","","","","","","","","","","","","","","","","","","","","","","","","","","","","","","","","","","","","","","","","","","","","","","","","","","","",
"Qatar","QAT","Annual freshwater withdrawals, total (% of internal resources)","ER.H2O.FWTL.ZS","","","","","","","","","","","","","","","","267.857142857143","280.535714285714","293.214285714286","305.892857142857","318.571428571429","331.25","343.928571428571","356.607142857143","369.285714285714","381.964285714286","394.642857142857","407.321428571428","420","432.678571428571","445.357142857143","341.964285714286","339.464285714286","336.964285714286","334.464285714286","286.964285714286","287.916666607143","288.869047678571","289.821428571429","290.773809464286","291.726190535714","292.678571428571","311.642857142857","333.464285714286","353.857142857143","374.25","387.5","394.910714285714","402.321428571429","409.732142857143","417.142857142857","424.553571428571","431.964285714286","439.375","446.785714285714","450.178571428571","446.428571428571","447.857142857143","446.428571428571","446.428571428571","446.428571428571","446.428571428571","","","",
"Romania","ROU","Annual freshwater withdrawals, total (% of internal resources)","ER.H2O.FWTL.ZS","","","","","","","","","","","22.6285983954696","24.8985370457763","27.1684756960831","29.4384143463898","31.7083529966966","33.9782916470033","36.0547428032091","38.1311939594148","40.2076451156206","42.2840962718263","44.3605474280321","45.1628126474752","45.9650778669184","46.7673430863615","47.5696083058046","48.3718735252478","48.329400660689","48.2869277961302","48.2444549315715","48.2019820670127","48.159509202454","47.7898379738084","47.4201667453988","47.0504955167532","42.4020764511562","37.7536573855592","33.5771590372817","29.4006606890042","30.1085417649835","29.8489853704578","22.7701746106654","21.3732892873997","21.7602642756017","20.0755073147711","16.8098159509202","14.4171779141104","12.5766871165644","16.2435110901369","17.0363378952336","16.2246342614441","14.6743747050495","15.5545068428504","15.2949504483247","15.1439358187824","14.8230297310052","15.2548371873525","15.0401132609722","15.9815950920245","15.1392166116092","15.1392166116092","15.1392166116092","","","",
"Russian Federation","RUS","Annual freshwater withdrawals, total (% of internal resources)","ER.H2O.FWTL.ZS","","","","","","","","","","","","","","","","","","","","","","","","","","","","","","","","","2.30983302411874","2.0489332096475","1.78803339517625","1.75246267338126","1.71689195158627","1.68132122979128","1.64575050799629","1.6101797862013","1.76020408163265","1.53525046382189","1.52520098948748","1.51515151515074","1.50510204081633","1.60714285714286","1.48500309214518","1.47495361781076","1.46490414347635","1.45485466913961","1.61641929499072","1.43475572047078","1.48423005565863","1.41465677179963","1.64216141001855","1.44805194805195","1.50255102040816","1.49373840445269","1.50324675324675","1.50324675324675","1.50324675324675","","","",
"Rwanda","RWA","Annual freshwater withdrawals, total (% of internal resources)","ER.H2O.FWTL.ZS","","","","","","","","","","","","","","","","","","","","","","","","","","","","","","","","","","","","","","","","","1.57894736842105","1.79325207789474","2.00755678631579","2.22186149578947","2.43616620526316","2.65047091368421","2.9122793831579","3.17408785157895","3.43589632","3.69770478842105","3.95951325684211","4.22132172526316","4.48313019368421","4.74493866210526","5.00674713052632","5.2685556","5.53036406842105","5.7921725368421","6.05398100526316","6.42105263157895","6.42105263157895","","","",
"South Asia","SAS","Annual freshwater withdrawals, total (% of internal resources)","ER.H2O.FWTL.ZS","","","","","","","","","","","","","","","","","","","","","","","","","","","","","","","","","","","","","","","","","","","","","","","","","","","","","","","46.4795175009333","46.5819299962667","46.7267200758761","46.7368099768941","46.3720600550909","45.5835342905286","46.2131441140562","","","",
"Saudi Arabia","SAU","Annual freshwater withdrawals, total (% of internal resources)","ER.H2O.FWTL.ZS","","","","","","","","","","","","","","","","","","","","","","","","","","","","","","","","","671.666666666667","690.396875","708.54375","728.023958333333","746.2125","765.359375","783.88125","801.569791666667","819.758333333333","832.644270833334","847.780208333333","858.166145833333","870.135416666667","894.8203125","943.333333333333","936.128472220833","928.9236111125","921.71875","914.5138888875","907.309027779167","900.104166666667","894.239583333333","894.708333333333","948.875","929.583333333333","955.958333333333","974.166666666667","974.166666666667","974.166666666667","","","",
"Sudan","SDN","Annual freshwater withdrawals, total (% of internal resources)","ER.H2O.FWTL.ZS","","","","","","","","","","","","","","","","","","","","","","","","","","","","","","","","","","","","","","","","","","","","","","","","","","","","","673.375","673.375","673.375","673.375","673.375","673.375","673.375","673.375","673.375","","","",
"Senegal","SEN","Annual freshwater withdrawals, total (% of internal resources)","ER.H2O.FWTL.ZS","","","","","","","","","","","","","","","","","","","","","","","","","","","","5.27131782945736","5.33987775775194","5.40843768643411","5.47699761472868","5.54555754341085","5.61411747170543","5.6826774","5.75123732868217","5.81972271899225","5.88835718527132","5.95691711395349","6.02547704224806","6.09403697093023","6.16259689922481","7.38546511627907","8.60833333333333","8.67387765387597","8.73942197403101","8.80496629457364","8.87051061511628","8.93605493527132","9.00475094728682","9.0708205496124","9.13689015193799","9.20295975426357","9.26902935658915","9.33509895891473","9.40116856124031","9.46723816356589","9.53330776589147","9.59149813953488","11.7279069767442","11.8666666666667","11.8666666666667","","","",
"Singapore","SGP","Annual freshwater withdrawals, total (% of internal resources)","ER.H2O.FWTL.ZS","","","","","","","","","","","","","","","","31.6666666666667","43.00375","54.3408333333333","65.6779166666667","77.015","88.3520833333333","99.6891666666667","111.02625","122.363333333333","133.700416666667","145.0375","156.374583333333","167.711666666667","179.04875","190.385833333333","200.522916666667","211.86","223.197083333333","234.534166666667","245.87125","257.208333333333","268.545416666667","279.8825","291.219583333333","302.556666666667","313.89375","328.236166666667","338.24525","352.521","366.79675","377.51694445","346.289138883333","315.061333333333","284.45575","252.1835","219.91125","187.639","160.033416666667","132.427833333333","108.505583333333","84.5833333333333","84.9666666666667","83.2166666666667","81.3833333333333","82.1666666666667","83.1166666666667","","","",
"Solomon Islands","SLB","Annual freshwater withdrawals, total (% of internal resources)","ER.H2O.FWTL.ZS","","","","","","","","","","","","","","","","","","","","","","","","","","","","","","","","","","","","","","","","","","","","","","","","","","","","","","","","","","","","","","","","",
"Sierra Leone","SLE","Annual freshwater withdrawals, total (% of internal resources)","ER.H2O.FWTL.ZS","","","","","","","","","","","","","","","","","","","","","","","","","","","","0.23125","0.2007509615625","0.1702519230625","0.139752884625","0.109253846125","0.0787548076875","0.08366826925","0.08858173075","0.0934951923125","0.098408653875","0.103322115375","0.1082355769375","0.1131490384375","0.1180625","0.120975","0.1238875","0.1268","0.1297125","0.132625","0.132625","0.132625","0.132625","0.132625","0.132625","0.132625","0.132625","0.132625","0.132625","0.132625","0.132625","0.132625","0.132625","0.132625","0.132625","","","",
"El Salvador","SLV","Annual freshwater withdrawals, total (% of internal resources)","ER.H2O.FWTL.ZS","","","","","","","","","","","","","","","","","","","","","","","","","","","","","","","","","4.66346769033909","5.18082213691619","5.69817658349328","6.21553103007038","6.73288547664747","7.25023992322457","7.76759436980166","8.28494881637876","8.80230326295585","9.75201535508637","10.7017274472169","11.6514395393474","12.6006397952655","13.5508637236084","12.3085163857965","11.0661690479846","9.82382171017274","8.58147437236084","7.33912703518874","6.09677969737684","4.85443235956494","3.61208502175304","2.36973768394114","2.41650671785029","2.40626999360205","2.48688419705694","2.46833013435701","2.489443378119","2.489443378119","","","",
"San Marino","SMR","Annual freshwater withdrawals, total (% of internal resources)","ER.H2O.FWTL.ZS","","","","","","","","","","","","","","","","","","","","","","","","","","","","","","","","","","","","","","","","","","","","","","","","","","","","","","","","","","","","","","","","",
"Somalia","SOM","Annual freshwater withdrawals, total (% of internal resources)","ER.H2O.FWTL.ZS","","","","","","","","","","","","","","","","","","","","","","","","","","","","13.5","16.679358975","19.8587179483333","23.0380769233333","26.2174358966667","29.3967948716667","32.5761538466667","35.75551282","38.934871795","42.11423077","45.2935897433333","48.4729487183333","51.6523076916667","54.8316666666667","54.8766666666667","54.9216666666667","54.9666666666667","54.9666666666667","54.9666666666667","54.9666666666667","54.9666666666667","54.9666666666667","54.9666666666667","54.9666666666667","54.9666666666667","54.9666666666667","54.9666666666667","54.9666666666667","54.9666666666667","54.9666666666667","54.9666666666667","54.9666666666667","54.9666666666667","54.9666666666667","","","",
"Serbia","SRB","Annual freshwater withdrawals, total (% of internal resources)","ER.H2O.FWTL.ZS","","","","","","","","","","","","","","","","","","","","","","","","","","","","","","","","","","","","","","","","","","","","","","","46.0645890329487","47.0774354704413","55.7987391459498","55.1207327227311","52.5633400737481","56.5005352682289","52.3730224812656","56.0128464374926","46.8062329011538","55.7749494468895","55.9890567384323","63.9586059236351","66.1056262638278","66.8324015701201","63.334126323302","","","",
"Sub-Saharan Africa (excluding high income)","SSA","Annual freshwater withdrawals, total (% of internal resources)","ER.H2O.FWTL.ZS","","","","","","","","","","","","","","","","","","","","","","","","","","","","","","","","","","","","","","","","","","","","","","","","","","","","","","","3.16739268940081","3.23936682795362","3.28005154296312","3.28378713877347","3.33875902370151","3.35380806004798","3.36257347068988","","","",
"South Sudan","SSD","Annual freshwater withdrawals, total (% of internal resources)","ER.H2O.FWTL.ZS","","","","","","","","","","","","","","","","","","","","","","","","","","","","","","","","","","","","","","","","","","","","","","","","","","","","","2.53076923076923","2.53076923076923","2.53076923076923","2.53076923076923","2.53076923076923","2.53076923076923","2.53076923076923","2.53076923076923","2.53076923076923","","","",
"Sub-Saharan Africa","SSF","Annual freshwater withdrawals, total (% of internal resources)","ER.H2O.FWTL.ZS","","","","","","","","","","","","","","","","","","","","","","","","","","","","","","","","","","","","","","","","","","","","","","","","","","","","","","","3.16739268940081","3.23936682795363","3.28005154296312","3.28378713877347","3.33875902370151","3.35380806004798","3.36257347068988","","","",
"Small states","SST","Annual freshwater withdrawals, total (% of internal resources)","ER.H2O.FWTL.ZS","","","","","","","","","","","","","","","","","","","","","","","","","","","","","","","","","","","","","","","","","","","","","","","","","","","","","","","1.24500606624316","1.15297938447286","1.22357024206661","1.22868049438669","1.20707177777985","1.14355957381595","1.13491771334342","","","",
"Sao Tome and Principe","STP","Annual freshwater withdrawals, total (% of internal resources)","ER.H2O.FWTL.ZS","","","","","","","","","","","","","","","","","","","","","","","","","","","","","","","","","","0.321100917431193","0.388711605504587","0.456322298165138","0.523932986238532","0.591543678899083","0.659154366972477","0.726765059633028","0.794375747706422","0.861986435779816","0.929597128440367","0.997207816513761","1.06481850917431","1.13242919724771","1.20003988990826","1.26765057798165","1.3352612706422","1.4028719587156","1.47048264678899","1.53809333944954","1.60570402752294","1.67331472018349","1.74092540825688","1.80853610091743","1.87614678899083","1.87614678899083","1.87614678899083","1.87614678899083","1.87614678899083","","","",
"Suriname","SUR","Annual freshwater withdrawals, total (% of internal resources)","ER.H2O.FWTL.ZS","","","","","","","","","","","","","","","","","","","","","","","","","","","","0.464646464646465","0.480963481010101","0.497280497272727","0.513597513636364","0.52991452989899","0.546231546262626","0.562548562525253","0.578865578888889","0.595182595151515","0.611499611515152","0.627816627777778","0.644133644141414","0.66045066040404","0.676767676767677","0.667659932626263","0.658552188585859","0.649444444444444","0.64033670030303","0.631228956262626","0.622121212121212","0.622121212121212","0.622121212121212","0.622121212121212","0.622121212121212","0.622121212121212","0.622121212121212","0.622121212121212","0.622121212121212","0.622121212121212","0.622121212121212","0.622121212121212","0.622121212121212","0.622121212121212","0.622121212121212","","","",
"Slovak Republic","SVK","Annual freshwater withdrawals, total (% of internal resources)","ER.H2O.FWTL.ZS","","","","","","","","","","","","","","","","","","","","","","","","","","","","","","","","","","12.4761904761905","11.7380952380952","11","10.6984126984127","10.3968253968254","10.0304232801587","9.66402116428571","9.29761904761905","8.99166666666667","8.68571428571429","8.18968253968254","7.69365079365079","7.19761904761905","6.32857142857143","5.45952380952381","5.26746031746032","4.98492063492063","4.76746031746032","4.70714285714286","5.28015873015873","5.05873015873016","4.43888888888889","4.55238095238095","4.40714285714286","4.41507936507937","4.41666666666667","4.43333333333333","4.40476190476191","","","",
"Slovenia","SVN","Annual freshwater withdrawals, total (% of internal resources)","ER.H2O.FWTL.ZS","","","","","","","","","","","","","","","","","","","","","","","","","","","","","","","","","","","","","","","","","","","4.81628280664167","4.85984645581146","4.90341010551687","4.94697375468666","4.97857525441885","5.01017675415104","5.57043385109802","5.04927691483664","4.95715050883771","4.55436529191216","4.97054097482592","6.18960899839314","5.25066952329941","4.80449919657204","4.75254418853776","4.9887520085699","5.14729512587038","5.05623995715051","5.37225495447241","","","",
"Sweden","SWE","Annual freshwater withdrawals, total (% of internal resources)","ER.H2O.FWTL.ZS","","","","","","","","","","","2.38187134502924","2.38912280701754","2.39637426900585","2.40362573099415","2.41087719298246","2.41812865497076","2.41473684210526","2.41134502923977","2.40795321637427","2.40456140350877","2.40116959064327","2.26830409356725","2.13543859649123","2.0025730994152","1.86970760233918","1.73684210526316","1.73728070175439","1.73771929824561","1.73815789473684","1.73859649122807","1.73567251461988","1.73713450292398","1.73859649122807","1.69025341128655","1.64191033140351","1.59356725146199","1.58947368421053","1.58538011695906","1.58089668614035","1.57641325538012","1.5719298245614","1.56491228070175","1.56491228070175","1.55614035087719","1.54736842105263","1.53859649122807","1.53830409356725","1.53801169590643","1.5495126705848","1.56101364520468","1.57251461988304","1.53578947368421","1.49906432748538","1.46233918128655","1.42561403508772","1.38888888888889","1.40152046783626","1.41415204678363","1.42678362573099","1.43941520467836","1.45204678362573","","","",
"Eswatini","SWZ","Annual freshwater withdrawals, total (% of internal resources)","ER.H2O.FWTL.ZS","","","","","","","","","","","","","","","","","","","","","24.8863636363636","25.6155303030303","26.344696969697","27.0738636363636","27.8030303030303","28.532196969697","29.2613636363636","29.9905303030303","30.719696969697","31.4488636363636","32.1780303030303","32.907196969697","33.6363636363636","34.3655303030303","35.094696969697","35.8238636363636","36.5530303030303","37.282196969697","38.0113636363636","38.7405303030303","39.469696969697","39.6666666666667","39.8636363636364","40.0606060606061","40.2575757575758","40.4545454545455","40.4545454545455","40.4545454545455","40.4545454545455","40.4545454545455","40.4545454545455","40.4545454545455","40.4545454545455","40.4545454545455","40.4545454545455","40.4545454545455","40.4545454545455","40.4545454545455","40.4545454545455","40.4545454545455","40.4545454545455","","","",
"Sint Maarten (Dutch part)","SXM","Annual freshwater withdrawals, total (% of internal resources)","ER.H2O.FWTL.ZS","","","","","","","","","","","","","","","","","","","","","","","","","","","","","","","","","","","","","","","","","","","","","","","","","","","","","","","","","","","","","","","","",
"Seychelles","SYC","Annual freshwater withdrawals, total (% of internal resources)","ER.H2O.FWTL.ZS","","","","","","","","","","","","","","","","","","","","","","","","","","","","","","","","","","","","","","","","","","","","","","","","","","","","","","","","","","","","","","","","",
"Syrian Arab Republic","SYR","Annual freshwater withdrawals, total (% of internal resources)","ER.H2O.FWTL.ZS","","","","","","","","","","","","","","","","46.8311833987661","54.1752352467751","61.5192870947841","68.8633389413909","76.2073907893999","83.5514426374089","90.8954944854178","98.2395463320247","105.583598180034","112.927650028043","120.271701876052","127.615753724061","134.959805570667","142.303857418676","149.647909266685","156.991961114694","164.336012961301","171.68006480931","179.024116657319","188.572630398205","189.175546831183","195.793606281548","202.285473920359","209.155916993831","206.085249579361","211.329220415031","218.087492989344","229.37464946719","202.537857543466","197.836511497476","198.323051037577","198.323051037577","198.323051037577","198.323051037577","197.692091979809","197.061132922042","196.430173864274","195.799214806506","195.799214806506","195.799214806506","195.799214806506","195.799214806506","195.799214806506","195.799214806506","195.799214806506","195.799214806506","","","",
"Turks and Caicos Islands","TCA","Annual freshwater withdrawals, total (% of internal resources)","ER.H2O.FWTL.ZS","","","","","","","","","","","","","","","","","","","","","","","","","","","","","","","","","","","","","","","","","","","","","","","","","","","","","","","","","","","","","","","","",
"Chad","TCD","Annual freshwater withdrawals, total (% of internal resources)","ER.H2O.FWTL.ZS","","","","","","","","","","","","","","","","","","","","","","","","","","","","1.20666666666667","1.513490598","1.82031453","2.12713846133333","2.43396239333333","2.74078632466667","3.04761025666667","3.354434188","3.66125811933333","3.96808205133333","4.27490598266667","4.58172991466667","4.888553846","5.195377778","5.46888888866667","5.7424","5.78293333333333","5.82346666666667","5.864","5.864","5.864","5.864","5.864","5.864","5.864","5.864","5.864","5.864","5.864","5.864","5.864","5.864","5.864","5.864","","","",
"East Asia & Pacific (IDA & IBRD countries)","TEA","Annual freshwater withdrawals, total (% of internal resources)","ER.H2O.FWTL.ZS","","","","","","","","","","","","","","","","","","","","","","","","","","","","","","","","","","","","","","","","","","","","","","","","","","","","","","","12.4379311341576","12.5245518794536","12.7547141490573","12.7165688996345","12.6825831601699","12.7166366413633","12.3282241274141","","","",
"Europe & Central Asia (IDA & IBRD countries)","TEC","Annual freshwater withdrawals, total (% of internal resources)","ER.H2O.FWTL.ZS","","","","","","","","","","","","","","","","","","","","","","","","","","","","","","","","","","","","","","","","","","","","","","","","","","","","","","","5.87119632214525","5.79655923675109","5.92220293452122","6.04604976096857","6.10191010639999","6.13777396573766","6.08280689739628","","","",
"Togo","TGO","Annual freshwater withdrawals, total (% of internal resources)","ER.H2O.FWTL.ZS","","","","","","","","","","","","","","","","","","","","","","","","","","","","0.791304347826087","0.843924192173913","0.896544035652174","0.94916388","1.00178372347826","1.05440356782609","1.10702341130435","1.15964325565217","1.21226309913043","1.26488294347826","1.31750278695652","1.37012263130435","1.42274247478261","1.47536231913043","1.47246376782609","1.4695652173913","1.62608695652174","1.78260869565217","1.93913043478261","1.93913043478261","1.93913043478261","1.93913043478261","1.93913043478261","1.93913043478261","1.93913043478261","1.93913043478261","1.93913043478261","1.93913043478261","1.93913043478261","1.93913043478261","1.93913043478261","1.93913043478261","1.93913043478261","1.93913043478261","","","",
"Thailand","THA","Annual freshwater withdrawals, total (% of internal resources)","ER.H2O.FWTL.ZS","","","","","","","","","","","","","","","","","","","","","","","","","","","","","","","","","","","","","","","","","","","","","","","","25.5253663533918","25.5253663533918","25.5253663533918","25.5253663533918","25.5253663533918","25.5253663533918","25.5253663533918","25.5253663533918","25.5253663533918","25.5253663533918","25.5253663533918","25.5253663533918","25.5253663533918","25.5253663533918","","","",
"Tajikistan","TJK","Annual freshwater withdrawals, total (% of internal resources)","ER.H2O.FWTL.ZS","","","","","","","","","","","","","","","","","","","","","","","","","","","","","","","","","","","18.1531673495115","18.3603844941696","18.5676016388276","18.7748187834857","18.9820359281437","19.1892530728018","19.3964702174598","19.1038449416956","18.8112196659313","18.518594390167","18.2259691144028","17.9333438386385","17.6407185628743","17.5050250376615","17.3693315124488","17.2336379872361","17.0979444620233","16.962250936653","16.8265574114403","16.6908638862275","16.5551703610148","16.4194768358021","13.7866372518122","12.5874566656161","15.4018279231012","16.7065868263473","16.7065868263473","","","",
"Turkmenistan","TKM","Annual freshwater withdrawals, total (% of internal resources)","ER.H2O.FWTL.ZS","","","","","","","","","","","","","","","","","","","","","","","","","","","","","","","","","","","1686.69039145907","1700.08422301068","1713.47805456939","1726.871886121","1740.2657176726","1753.65954923132","1767.05338078292","1808.87781731673","1850.70225385765","1892.52669039146","1983.27402135231","1983.27402135231","1983.27402135231","1985.07259786477","1986.87117437722","1988.66975088968","1990.46832740214","1992.26690391459","1994.06548042705","1995.8640569395","1997.66263345196","1999.46120996441","2001.25978647687","2053.82206405694","1913.16725978648","1972.10676156584","1867.97153024911","","","",
"Latin America & the Caribbean (IDA & IBRD countries)","TLA","Annual freshwater withdrawals, total (% of internal resources)","ER.H2O.FWTL.ZS","","","","","","","","","","","","","","","","","","","","","","","","","","","","","","","","","","","","","","","","","","","","","","","","","","","","","","","2.45164589779511","2.47865011511676","2.53617411053165","2.55131145060964","2.58285682310346","2.61046070239086","2.61643945949943","","","",
"Timor-Leste","TLS","Annual freshwater withdrawals, total (% of internal resources)","ER.H2O.FWTL.ZS","","","","","","","","","","","","","","","","","","","","","","","","","","","","","","","","","","","","","","","","","","","","","14.2665855143031","14.2665855143031","14.2665855143031","14.2665855143031","14.2665855143031","14.2665855143031","14.2665855143031","14.2665855143031","14.2665855143031","14.2665855143031","14.2665855143031","14.2665855143031","14.2665855143031","14.2665855143031","14.2665855143031","14.2665855143031","14.2665855143031","","","",
"Middle East & North Africa (IDA & IBRD countries)","TMN","Annual freshwater withdrawals, total (% of internal resources)","ER.H2O.FWTL.ZS","","","","","","","","","","","","","","","","","","","","","","","","","","","","","","","","","","","","","","","","","","","","","","","","","","","","","","","107.747328660698","105.780499519693","107.456772334294","117.14221546234","113.038175543459","123.303020599851","123.334596363895","","","",
"Tonga","TON","Annual freshwater withdrawals, total (% of internal resources)","ER.H2O.FWTL.ZS","","","","","","","","","","","","","","","","","","","","","","","","","","","","","","","","","","","","","","","","","","","","","","","","","","","","","","","","","","","","","","","","",
"South Asia (IDA & IBRD)","TSA","Annual freshwater withdrawals, total (% of internal resources)","ER.H2O.FWTL.ZS","","","","","","","","","","","","","","","","","","","","","","","","","","","","","","","","","","","","","","","","","","","","","","","","","","","","","","","46.4795175009333","46.5819299962667","46.7267200758761","46.7368099768941","46.3720600550909","45.5835342905286","46.2131441140562","","","",
"Sub-Saharan Africa (IDA & IBRD countries)","TSS","Annual freshwater withdrawals, total (% of internal resources)","ER.H2O.FWTL.ZS","","","","","","","","","","","","","","","","","","","","","","","","","","","","","","","","","","","","","","","","","","","","","","","","","","","","","","","3.16739268940082","3.23936682795363","3.28005154296312","3.28378713877347","3.33875902370151","3.35380806004798","3.36257347068988","","","",
"Trinidad and Tobago","TTO","Annual freshwater withdrawals, total (% of internal resources)","ER.H2O.FWTL.ZS","","","","","","","","","","","","","","","","","","","","","","","","","","","","","","","","","","","","","","7.734375","7.8819444453125","8.02951388802083","8.17708333333333","8.33854166666667","8.5","8.66145833333333","8.82291666666667","8.046875","8.1649305546875","8.28298611197917","8.40104166666667","8.51909722135417","8.63715277864583","8.75520833333333","8.75520833333333","8.75520833333333","8.75520833333333","8.75520833333333","8.75520833333333","8.75520833333333","8.75520833333333","8.75520833333333","8.75520833333333","","","",
"Tunisia","TUN","Annual freshwater withdrawals, total (% of internal resources)","ER.H2O.FWTL.ZS","","","","","","","","","","","","","","","","25.5065554231228","29.4636471990465","33.4207389749702","37.3778307508939","41.3349225268176","45.2920143027414","47.1990464839094","49.1060786650775","51.0131108462455","52.9201430274136","54.8271752085816","58.5220500595948","62.2169249106079","65.911799761621","69.6066746126341","73.1108462455304","72.0715137067938","71.0321811680572","69.9928486293206","68.953516090584","67.9141835518474","66.8557806912992","65.7973778307509","64.7389749702026","63.6805721096544","61.9785458879619","66.9606674612634","67.3182359952324","67.6758045292014","68.0333730631704","68.3909415971395","68.7485101311084","69.1060786650775","69.4636471990465","71.8712753277712","74.2789034564958","76.6865315852205","79.1132300357568","81.5399284862932","83.9666269368296","86.3933253873659","88.8200238379023","84.0524433849821","90.1244338498212","90.4171632896305","92.1096543504172","","","",
"Turkiye","TUR","Annual freshwater withdrawals, total (% of internal resources)","ER.H2O.FWTL.ZS","","","","","","","","","","","","","","","","","","","","","","","","","","","","","","","","","13.9204845814978","14.2177627438766","14.5150409062115","14.8123190685903","15.1095972309692","15.406875393348","15.7041535556828","16.0014317180617","18.5022026431718","18.0348751835683","17.5675477239207","17.1002202643172","17.4176578560793","17.7350954478855","18.0525330396476","18.2685572687225","18.4845814977974","19.8810572687225","20.6872246696035","21.4691629955947","22.2511013215859","22.5726872246696","22.8942731277533","23.6607929515419","26.2599118942731","25.898231277533","26.9134713656388","27.1073039647577","27.1073039647577","","","",
"Tuvalu","TUV","Annual freshwater withdrawals, total (% of internal resources)","ER.H2O.FWTL.ZS","","","","","","","","","","","","","","","","","","","","","","","","","","","","","","","","","","","","","","","","","","","","","","","","","","","","","","","","","","","","","","","","",
"Tanzania","TZA","Annual freshwater withdrawals, total (% of internal resources)","ER.H2O.FWTL.ZS","","","","","","","","","","","","","","","","","","","","","","","","","","","","","","","","","","","1.76815476190476","2.31856398809524","2.86897321428571","3.41938244047619","3.96979166666667","4.52020089285714","5.07061011904762","5.6210193452381","6.17142857142857","6.17142857142857","6.17142857142857","6.17142857142857","6.17142857142857","6.17142857142857","6.17142857142857","6.17142857142857","6.17142857142857","6.17142857142857","6.17142857142857","6.17142857142857","6.17142857142857","6.17142857142857","6.17142857142857","6.17142857142857","6.17142857142857","6.17142857142857","6.17142857142857","","","",
"Uganda","UGA","Annual freshwater withdrawals, total (% of internal resources)","ER.H2O.FWTL.ZS","","","","","","","","","","","0.512820512820513","0.523897435897436","0.534974358974359","0.546051282051282","0.557128205128205","0.568205128205128","0.579282051282051","0.590358974358974","0.601435897435897","0.612512820512821","0.623589743589744","0.634666666666667","0.64574358974359","0.656820512820513","0.667897435897436","0.678974358974359","0.690051282051282","0.701128205128205","0.712205128205128","0.723282051282051","0.734358974358974","0.745435897435897","0.756512820512821","0.767589743589744","0.778666666666667","0.78974358974359","0.800820512820513","0.811897435897436","0.822974358974359","0.834051282051282","0.845128205128205","0.886089743589744","0.927051282051282","1.04476495717949","1.1624786325641","1.28019230769231","1.39790598282051","1.51561965820513","1.63333333333333","1.63333333333333","1.63333333333333","1.63333333333333","1.63333333333333","1.63333333333333","1.63333333333333","1.63333333333333","1.63333333333333","1.63333333333333","1.63333333333333","1.63333333333333","1.63333333333333","","","",
"Ukraine","UKR","Annual freshwater withdrawals, total (% of internal resources)","ER.H2O.FWTL.ZS","","","","","","","","","","","","","","","","","","","","","","","","","","","","","","","","","47.1869328493648","45.4392014519056","43.6878402903811","41.9364791288566","40.1851179673321","38.4337568058076","36.6823956442831","34.9310344827586","33.1760435571688","32.0185117967332","30.8573502722323","29.6961887477314","28.5350272232305","27.3684210526316","27.2878402903811","27.2014519056261","27.1157894736842","27.0297640653358","26.950998185118","25.1583484573503","23.3656987295826","21.5730490018149","19.7803992740472","16.5317604355717","16.9237749546279","19.4283121597096","19.4283121597096","19.2304900181488","17.1669691470054","","","",
"Upper middle income","UMC","Annual freshwater withdrawals, total (% of internal resources)","ER.H2O.FWTL.ZS","","","","","","","","","","","","","","","","","","","","","","","","","","","","","","","","","","","","","","","","","","","","","","","","","","","","","","","5.97574659589773","5.93851243695326","6.10457693849804","6.10714323505862","6.07611271904944","6.26627937847108","6.09793150780357","","","",
"Uruguay","URY","Annual freshwater withdrawals, total (% of internal resources)","ER.H2O.FWTL.ZS","","","","","","0.704989154013015","0.79826464208243","0.891540130151844","0.984815618221258","1.07809110629067","1.17136659436009","1.2646420824295","1.35791757049892","1.45119305856833","1.54446854663774","1.63774403470716","1.73101952277657","1.82429501084599","1.9175704989154","2.01084598698482","2.10412147505423","2.19739696312364","2.29067245119306","2.38394793926247","2.47722342733189","2.5704989154013","2.66377440347072","2.75704989154013","2.85032537960954","2.94360086767896","3.03687635574837","3.13015184381779","3.2234273318872","3.31670281995662","3.40997830802603","3.50325379609544","3.59652928416486","3.68980477223427","3.78308026030369","3.8763557483731","3.96963123644252","3.96963123644252","3.96963123644252","3.96963123644252","3.96963123644252","3.96963123644252","3.96963123644252","3.96963123644252","3.96963123644252","3.96963123644252","3.96963123644252","3.96963123644252","3.96963123644252","3.96963123644252","3.96963123644252","3.96963123644252","3.96963123644252","3.96963123644252","3.96963123644252","3.96963123644252","3.96963123644252","","","",
"United States","USA","Annual freshwater withdrawals, total (% of internal resources)","ER.H2O.FWTL.ZS","","","","","","","","","","","","","","","","","","","","","18.3676366217175","18.1813342796309","17.9950319375444","17.8087295954578","17.6224272533712","17.4361249112846","17.249822569198","17.0635202271114","16.8772178850248","16.6909155429383","16.5046132008517","16.5347764371895","16.5649396735273","16.5951029098652","16.625266146203","16.6554293825408","16.6855926188786","16.7157558552165","16.7459190915543","16.7760823278921","16.8026969481902","16.8417317246274","16.8772178850248","16.9127040454223","16.9481902058197","16.9836763662172","16.5592618878637","16.1348474095103","15.7104329311569","15.2860184528034","14.8580553584102","15.0432655200461","15.2249270656423","15.4065886112385","15.5882501568346","15.7699117024308","15.7699117024308","15.7699117024308","15.7699117024308","15.7699117024308","15.7699117024308","","","",
"Uzbekistan","UZB","Annual freshwater withdrawals, total (% of internal resources)","ER.H2O.FWTL.ZS","","","","","","","","","","","","","","","","","","","","","","","","","","","","","","","","","","","329.026927784578","328.635542343941","328.244156903917","327.85277146328","327.461386023256","327.070000582619","326.678615142595","328.886168910649","321.8788249694","314.871481028152","307.864137086903","300.856793145655","301.740786073439","302.624779001836","303.508771929621","304.392764858017","305.276757785802","306.160750714198","307.044743641983","307.928736570379","308.812729498164","337.454100367197","333.843329253366","360.46511627907","360.489596083231","360.489596083231","360.489596083231","","","",
"St. Vincent and the Grenadines","VCT","Annual freshwater withdrawals, total (% of internal resources)","ER.H2O.FWTL.ZS","","","","","","","","","","","","","","","","","","","","","","","","","","","","","","","","","","","","10","9.95","9.9","9.85","9.8","9.75","9.7","9.4174444","9.3342222","9.251","9.5","9.3","9.1","8.9","8.7","8.5","8.3","8.1","7.9","7.9","7.9","7.9","7.9","7.9","7.9","7.9","","","",
"Venezuela, RB","VEN","Annual freshwater withdrawals, total (% of internal resources)","ER.H2O.FWTL.ZS","","","","","","","","","","","0.509316770186335","0.529850517602484","0.550384265006211","0.57091801242236","0.591537888198758","0.612093167701863","0.632648447204969","0.653203726708074","0.67375900621118","0.694314285714286","0.714869565217391","0.735424844720497","0.755980124223602","0.776535403726708","0.797090683229814","0.817645962732919","0.838201242236025","0.85875652173913","0.879311801242236","0.899867080745341","0.919776397515528","0.940331677018634","0.960886956521739","0.981442236024845","1.00199751552795","1.02266045549068","1.04310807453416","1.06366335403727","1.08426169772671","1.10477391304348","1.12532919254658","1.37184347826087","1.61835776397516","1.86487204968944","2.11138633540373","2.35790062111801","2.58398757763975","2.81007453416149","2.81007453416149","2.81007453416149","2.81007453416149","2.81007453416149","2.81007453416149","2.81007453416149","2.81007453416149","2.81007453416149","2.81007453416149","2.81007453416149","2.81007453416149","2.81007453416149","2.81007453416149","","","",
"British Virgin Islands","VGB","Annual freshwater withdrawals, total (% of internal resources)","ER.H2O.FWTL.ZS","","","","","","","","","","","","","","","","","","","","","","","","","","","","","","","","","","","","","","","","","","","","","","","","","","","","","","","","","","","","","","","","",
"Virgin Islands (U.S.)","VIR","Annual freshwater withdrawals, total (% of internal resources)","ER.H2O.FWTL.ZS","","","","","","","","","","","","","","","","","","","","","","","","","","","","","","","","","","","","","","","","","","","","","","","","","","","","","","","","","","","","","","","","",
"Viet Nam","VNM","Annual freshwater withdrawals, total (% of internal resources)","ER.H2O.FWTL.ZS","","","","","","","","","","","","","","","","","","","","","10.533637527127","10.9459685048133","11.3582994824996","11.7706304601859","12.1829614378721","12.5952924155584","12.9429636636804","13.2906349118023","13.6383061599243","13.9859774080463","14.3336486561683","14.8983362083357","15.463023760503","16.0277113126704","16.5923988648378","17.1570864170052","17.7217739691726","18.2864615213399","18.8511490735073","19.4158366256747","19.9805241778421","20.5489956040287","21.1174670302153","21.6372489010072","22.2057203271938","22.7761393355962","22.7761393355962","22.7761393355962","22.7761393355962","22.7761393355962","22.7761393355962","22.7761393355962","22.7761393355962","22.7761393355962","22.7761393355962","22.7761393355962","22.7761393355962","22.7761393355962","22.7761393355962","22.7761393355962","22.7761393355962","","","",
"Vanuatu","VUT","Annual freshwater withdrawals, total (% of internal resources)","ER.H2O.FWTL.ZS","","","","","","","","","","","","","","","","","","","","","","","","","","","","","","","","","","","","","","","","","","","","","","","","","","","","","","","","","","","","","","","","",
"World","WLD","Annual freshwater withdrawals, total (% of internal resources)","ER.H2O.FWTL.ZS","","","","","","","","","","","","","","","","","","","","","","","","","","","","","","","","","","","","","","","","","","","","","","","","","","","","","","","8.99785000063423","9.00101020530396","9.0970863516049","9.16045748297895","9.13786420037912","9.16789990252773","9.10951097722045","","","",
"Samoa","WSM","Annual freshwater withdrawals, total (% of internal resources)","ER.H2O.FWTL.ZS","","","","","","","","","","","","","","","","","","","","","","","","","","","","","","","","","","","","","","","","","","","","","","","","","","","","","","","","","","","","","","","","",
"Kosovo","XKX","Annual freshwater withdrawals, total (% of internal resources)","ER.H2O.FWTL.ZS","","","","","","","","","","","","","","","","","","","","","","","","","","","","","","","","","","","","","","","","","","","","","","","","","","","","","","","","","","","","","","","","",
"Yemen, Rep.","YEM","Annual freshwater withdrawals, total (% of internal resources)","ER.H2O.FWTL.ZS","","","","","","","","","","","","","","","","","","","","","","","","","","","","","","","139.142857142857","141.371428571429","143.6","145.828571428571","148.057142857143","150.285714285714","152.514285714286","154.742857142857","156.971428571429","159.2","161.142857142857","162.866666666667","164.590476190476","166.314285714286","168.038095238095","169.761904761905","169.761904761905","169.761904761905","169.761904761905","169.761904761905","169.761904761905","169.761904761905","169.761904761905","169.761904761905","169.761904761905","169.761904761905","169.761904761905","169.761904761905","169.761904761905","169.761904761905","169.761904761905","","","",
"South Africa","ZAF","Annual freshwater withdrawals, total (% of internal resources)","ER.H2O.FWTL.ZS","","","","","","","","","","","","","","","","","","","","","","","","","","","","","","","29.6674107142857","29.4857142857143","29.3040178571429","29.1223214285714","28.940625","28.7589285714286","28.7098214285714","28.6607142857143","28.6116071428571","28.5625","28.421875","28.896978021875","29.3720810439732","29.8471840658482","30.3222870879464","30.7973901098214","31.2724931319196","31.7475961537946","32.2226991758929","32.6978021977679","33.1729052198661","33.6480082417411","34.1231112638393","31.8883928571429","36.7700892857143","41.6517857142857","42.5223214285714","43.2589285714286","43.8392857142857","44.6428571428571","45.3348214285714","","","",
"Zambia","ZMB","Annual freshwater withdrawals, total (% of internal resources)","ER.H2O.FWTL.ZS","","","","","","","","","","","","","","","","","","","","","","","","","","","","","","","","","2.1783042394015","2.15274314214464","2.12718204488778","2.10629675810474","2.0854114713217","2.06452618453865","2.04364089775561","2.02275561097257","2.00187032418953","1.98098503740648","1.96009975062344","1.96009975062344","1.96009975062344","1.96009975062344","1.96009975062344","1.96009975062344","1.96009975062344","1.96009975062344","1.96009975062344","1.96009975062344","1.96009975062344","1.96009975062344","1.96009975062344","1.96009975062344","1.96009975062344","1.96009975062344","1.96009975062344","1.96009975062344","1.96009975062344","","","",
"Zimbabwe","ZWE","Annual freshwater withdrawals, total (% of internal resources)","ER.H2O.FWTL.ZS","","","","","","","","","","","","","","","","","","","","","","","","","","","","9.9510603588907","11.5742251223491","13.1973898858075","14.8205546492659","16.4437194127243","18.0668841761827","19.6900489396411","21.3132137030995","22.9363784665579","24.5595432300163","26.1827079934747","27.8058727569331","29.4290375203915","31.0522022838499","32.6753670473083","34.2985318107667","33.2626427406199","32.2267536704731","31.1908646003263","30.1549755301794","29.1190864600326","28.940660685155","28.7622349102773","28.5859502446982","28.4082381729201","28.2269575856444","28.0485318107667","27.8701060358891","27.6916802610114","27.7487765089723","27.2349102773246","30.7616774143556","30.7616774143556","30.7616774143556","","","",
