"Data Source","World Development Indicators",

"Last Updated Date","2024-06-28",

"Country Name","Country Code","Indicator Name","Indicator Code","1960","1961","1962","1963","1964","1965","1966","1967","1968","1969","1970","1971","1972","1973","1974","1975","1976","1977","1978","1979","1980","1981","1982","1983","1984","1985","1986","1987","1988","1989","1990","1991","1992","1993","1994","1995","1996","1997","1998","1999","2000","2001","2002","2003","2004","2005","2006","2007","2008","2009","2010","2011","2012","2013","2014","2015","2016","2017","2018","2019","2020","2021","2022","2023",
"Aruba","ABW","Cereal yield (kg per hectare)","AG.YLD.CREL.KG","","","","","","","","","","","","","","","","","","","","","","","","","","","","","","","","","","","","","","","","","","","","","","","","","","","","","","","","","","","","","","","","",
"Africa Eastern and Southern","AFE","Cereal yield (kg per hectare)","AG.YLD.CREL.KG","","924.111737024933","931.5067146702","934.015105532563","879.750863579721","869.584522198749","879.866016084206","1114.83240132176","898.701753874313","939.093151430928","948.87527719011","1071.23597781156","1109.94735857048","934.09359728428","1172.2352037196","1145.85620625925","1152.63659451514","1210.78774870782","1204.16697246497","1163.24194212466","1249.28295303131","1424.37335896266","1174.40141916625","1011.53045791681","955.822902331468","1128.29461508912","1131.54761824297","1115.32965358281","1175.47809657344","1289.92909438278","1251.49053367813","1219.21293817832","904.200467213832","1259.08314370256","1156.53145230904","1025.91734605461","1266.61396309277","1127.27004999434","1144.43663517567","1194.4695282228","1292.87154366264","1262.44816628487","1264.69162869925","1150.17664726413","1296.29916803565","1173.85486541931","1296.39882577905","1324.80676668571","1348.04024989905","1425.67546029085","1553.393335431","1492.89098967707","1653.47224836087","1539.11147394672","1653.29581276937","1639.94386972544","1510.04271128901","1771.17582816425","1737.64345754504","1727.18153065616","1864.02845935817","1923.42231168138","1841.85848775724","",
"Afghanistan","AFG","Cereal yield (kg per hectare)","AG.YLD.CREL.KG","","1115.1","1079","985.8","1082.8","1098.9","1012.3","1224.5","1287.5","1310.4","1105.1","976.2","1006.9","1279.6","1301.9","1316.4","1362.4","1224","1291.9","1323.7","1349","1338.3","1330.2","1355.6","1334.1","1331.7","1314","1359.8","1285.7","1237.6","1200.6","1160.4","1097.8","1132.9","1140.4","1214.5","1204.4","1348.8","1388","1285.7","806.3","1006.7","1669.8","1458","1334.8","1790.4","1551.7","1915.3","1455.4","2040.7","2011.1","1659.9","2094.2","2127.7","2096.6","2206.4","2043.3","2091.4","2253.2","2184.7","2050.8","2099","2253.3","",
"Africa Western and Central","AFW","Cereal yield (kg per hectare)","AG.YLD.CREL.KG","","675.35481551441","702.24445589708","698.032525671718","691.134187251496","658.343442379971","643.872507614384","684.305250773169","666.783772840426","654.672297468817","691.007034334832","692.217957714029","639.250116264092","643.44296178791","829.809827074455","818.881204221624","691.397061306785","744.443095744951","777.074923953923","788.769830164126","806.51835384263","947.038375772686","928.13878169238","884.168967757578","879.971652157499","958.694722293144","950.656788493824","944.714112891064","1005.191079178","964.3806306642","875.010967556294","918.357546389196","907.554929258853","929.006295276045","902.472682952072","962.06412776744","987.261549355648","966.867304653931","998.388345750742","1032.25459490529","971.647859333508","1002.02220502993","1011.13597344413","1075.39626795252","1089.59008698587","1143.40993130963","1180.59459694968","1107.17267674854","1231.79974637876","1192.11635920244","1184.28883872261","1061.26749960238","1187.66208308418","1113.23227175217","1226.52274059071","1268.25418624382","1311.27370011136","1289.93369270314","1344.82613051624","1369.21827674214","1368.25679474563","1323.35277110565","1395.06759687225","",
"Angola","AGO","Cereal yield (kg per hectare)","AG.YLD.CREL.KG","","828","830.3","798.4","875.8","932","824.3","814.6","805.7","898.9","911.3","805.7","780.3","764","712.6","773.9","775.5","603.1","667.1","509.2","617.9","451.1","450.6","484.6","466","449.1","379.8","381.2","332.4","277.4","320.9","417.5","397.1","268","298.4","401.5","653.1","567.4","701.6","620.4","564.4","585.4","627.2","646.1","491.7","583.4","445.9","464.3","652.7","571.4","629.3","662.4","552","814.4","888.2","982.4","852.1","809","948.3","963.1","992.3","1000.1","1033.3","",
"Albania","ALB","Cereal yield (kg per hectare)","AG.YLD.CREL.KG","","845.2","941.8","982.3","1023.3","1037.3","1318.6","1464.1","1553.7","1639.8","1646.1","1753.6","1768.7","1843","1934.5","2028.9","2445.1","2550.1","2620.2","2634.8","2364","2500.6","2715.2","3046","2966.3","2900.6","2990.3","2965.6","2875","2961.7","2794.4","2071.9","2158.6","2685","2460.9","2841.5","2450.9","2833.3","2872.1","2798.1","3175.1","3030.8","3291.9","3185.7","3466.3","3462.1","3602.6","3728.4","4081.2","4315.3","4761.8","4750.7","4883.8","4949.8","4892.6","4873.8","4716.4","4813","4840.5","5038.2","5209.2","5144.7","5200.7","",
"Andorra","AND","Cereal yield (kg per hectare)","AG.YLD.CREL.KG","","","","","","","","","","","","","","","","","","","","","","","","","","","","","","","","","","","","","","","","","","","","","","","","","","","","","","","","","","","","","","","","",
"Arab World","ARB","Cereal yield (kg per hectare)","AG.YLD.CREL.KG","","795.715635250419","1106.09259262994","1040.10037401624","976.833042201282","1012.95642400998","881.717723693157","1008.4279453601","1194.5409278293","1085.3429850402","1001.91768025699","1117.82302759776","1207.27926950581","924.022245330892","1081.60218779662","1073.75583010571","1138.33741048321","904.757169764058","1067.3853760578","989.389420599359","1156.73687880956","1072.6268240474","1106.80703234941","1010.10535659496","982.475502718525","1156.06164426613","1278.7067042821","1183.27572474377","1417.62510854418","1236.15381966165","1419.12539840114","1531.20157122395","1348.10521829294","1397.26645893083","1476.54361640875","1362.68258258903","1639.82537672827","1367.03247170999","1475.79763788454","1466.25521708005","1438.34206656825","1584.34969185948","1766.03462007097","1789.31266932493","1935.33075584578","1524.66239973341","1916.06675021838","1680.99495843751","1702.60196291414","1959.48360869298","1733.85340728937","1866.54924022255","2033.24400943817","1967.89454798127","1798.64359801575","2166.2371642852","1702.39413557419","1884.12089253531","1796.06855755294","1948.41518669519","1864.67057949534","1957.92238972674","1910.16546182985","",
"United Arab Emirates","ARE","Cereal yield (kg per hectare)","AG.YLD.CREL.KG","","","","","","","","","","","","","","","","","","1166.7","1466.7","2242.9","2409.6","2018.7","2000","1417.8","1613.4","1340.2","1185.7","1106.3","808.3","1924.7","4361.2","3494.1","4368.3","4164.7","6414.5","6474","6502.1","15894","17746.3","17165.8","17504.7","17476.9","18064.6","20927.8","20373.6","20215.2","20900.8","21428.6","22265.9","24716.6","18069.8","24064.3","12112.2","36761.9","14238.4","35291.3","33396.5","30801.8","20853.3","23842.3","18982.7","19809.2","23625.3","",
"Argentina","ARG","Cereal yield (kg per hectare)","AG.YLD.CREL.KG","","1410.7","1604.9","1511.2","1695.4","1403.2","1557","1606.4","1313.3","1554.7","1775.3","1783.5","1609.5","2041.4","2046.2","1955.9","1907.2","2134.9","2424.3","2252.2","1874.1","2425","2442.8","2330.1","2581.5","2439.5","2582.2","2382.6","2527.9","2129.4","2250.8","2433.1","2928.6","3054.5","2759.8","2900.2","2715.1","3010.7","3812","3335.6","3461.8","3398.6","3275.7","3308.7","3658.8","4075.8","3707.6","4294","4116.5","3249.3","4876.2","4596.3","4162.4","4795.6","4827.3","4779.1","5203.4","5404.6","4671.2","5474.5","5164.2","5193","5070","",
"Armenia","ARM","Cereal yield (kg per hectare)","AG.YLD.CREL.KG","","","","","","","","","","","","","","","","","","","","","","","","","","","","","","","","","1842.8","1688.9","1439.9","1859","1877.2","1365.8","1768.4","1776.5","1383","1878.7","2204.7","1567.1","2280.8","1938.7","1323.9","2592.6","2405","2250.3","2068.2","2789","2650.5","3072.5","3181.6","3132.1","3076.1","1975.1","2623.6","1690.6","2055.8","1287.2","2185.8","",
"American Samoa","ASM","Cereal yield (kg per hectare)","AG.YLD.CREL.KG","","","","","","","","","","","","","","","","","","","","","","","","","","","","","","","","","","","","","","","","","","","","","","","","","","","","","","","","","","","","","","","","",
"Antigua and Barbuda","ATG","Cereal yield (kg per hectare)","AG.YLD.CREL.KG","","","","","","","2500","2250","2500","2250","2400","2285.7","2300","2000","2055.6","1875","1821.4","1666.7","1750","1920","1705.9","1800","1787.9","1789.5","1705.9","1900","1904.8","1920","2035.7","2142.9","2381","1833.3","1713.6","1690.1","1668.4","1607.1","1639","1634.2","1631.8","1631.7","1600","1614.9","1562.5","1571.4","1578.9","1597.4","1625","1601.4","1619","1590.2","1585.9","1597.4","1595.3","1593.1","1583","1579.6","1843.2","2030.7","2233.9","2369.3","3800","2094.1","3081","",
"Australia","AUS","Cereal yield (kg per hectare)","AG.YLD.CREL.KG","","1083.9","1217.3","1285.2","1323.7","983.5","1441.6","830.8","1338.7","1114.9","1217.6","1269.6","933.1","1318.5","1393.6","1414","1345.5","987.5","1680.2","1510.2","1052.3","1401.5","875.6","1646.2","1609.3","1453.1","1521.9","1436","1629.4","1676.4","1716.1","1691","1666.2","1833.1","2015.1","1270","1873.5","2175.2","1928.7","1992.3","2107.3","1959.6","2197.5","1020.7","2116.4","1694.6","2111.7","981.3","1332.7","1651.4","1661.5","2097.5","2231.6","1936.1","2137.9","2027.3","2075.2","2674.2","2035.6","1768.9","1650.5","2547.7","2880.4","",
"Austria","AUT","Cereal yield (kg per hectare)","AG.YLD.CREL.KG","","2520.8","2568.4","2509.9","2621.7","2330.1","2940.6","3251","3343.1","3555.7","3192.3","3656.4","3402.6","3855.5","4070.9","3752.7","4173.9","4096.2","4394.2","3729.2","4515.6","4147.1","4778.8","4755.5","5091.4","5269.4","4824.9","4962.9","5546","5289.7","5577.3","5456.5","5152.7","5088.8","5391.7","5502","5391","5900.9","5675.3","5926.9","5403.9","5856.2","5831","5255.4","6495.5","6133.1","5721.8","5844.1","6807.3","6149.5","5903.1","7056.7","6002.9","5846.8","7046.7","6198.1","7246.4","6260.6","6145.8","6954.3","7386.4","7112.4","6895.5","",
"Azerbaijan","AZE","Cereal yield (kg per hectare)","AG.YLD.CREL.KG","","","","","","","","","","","","","","","","","","","","","","","","","","","","","","","","","2113.9","1617.9","1622.7","1507","1608.4","1669.4","1581.1","2080","2335.2","2600.7","2623.2","2604.1","2588.8","2593.1","2599.3","2667.4","2741.5","2606.7","2020.6","2484.4","2659.7","2692.3","2343.6","3083.6","3005.1","2942.2","3013.7","3239","3227.3","3297.4","3162.9","",
"Burundi","BDI","Cereal yield (kg per hectare)","AG.YLD.CREL.KG","","946.2","1010.6","919.6","991.9","983.6","975.8","997.3","1045.7","1066.6","1092.3","1110.7","1024.8","1110","973.3","1104.7","1104.8","1110.1","1234.2","1100","1063.5","1080.4","1075.4","1094","1108.9","1152.5","1213.5","1228.2","1194.3","1369","1348.5","1368.9","1391.4","1394.1","1274.8","1331.9","1386.3","1434","1275.9","1309.5","1228.2","1283.5","1308.8","1284.1","1328.1","1344.3","1277","1303.1","1281.8","1296.9","1231.7","1153.8","1107.5","1178.4","1332.4","1203.9","1482.5","1125.4","1322.8","1445.7","1278.7","1478.5","1483.5","",
"Belgium","BEL","Cereal yield (kg per hectare)","AG.YLD.CREL.KG","","","","","","","","","","","","","","","","","","","","","","","","","","","","","","","","","","","","","","","","","8021.4","8218.1","8500.9","8530.7","9184.9","8649.5","8373.3","8637.7","8885.8","9710","9348.1","9009","8666.3","9212.5","9435.4","9842.2","6984.8","9050.7","7983.1","8988.5","8430.6","7906.2","8603.5","",
"Benin","BEN","Cereal yield (kg per hectare)","AG.YLD.CREL.KG","","546.1","489.9","503.5","529.3","551.5","531.8","577.5","573.8","556.8","577.1","532.7","555.8","687.7","707.9","739.3","724.6","754","741.1","720.9","718.3","653.8","649.5","599.9","799.1","855.8","836.2","725.1","834.7","853.7","847.9","878.6","913.4","919.2","956.9","1086.5","1009.6","1117","1055.9","1162.6","1102.1","1069.3","1131.1","1148.7","1146","1136.4","1190.5","1286","1158.7","1423.5","1200.6","1517.8","1373.2","1479.6","1460.3","1336.7","1455.9","1405.4","1428.5","1238.3","1432.8","1408.6","1361.5","",
"Burkina Faso","BFA","Cereal yield (kg per hectare)","AG.YLD.CREL.KG","","408.5","477.9","473.1","522.5","485.7","495.4","452.3","625.8","484.5","516.6","444.5","461.2","436.6","488.2","558.1","499.4","528.8","576.4","580.1","569.8","576.6","568.3","514.9","589.9","708.8","699.5","641.7","726.9","672.9","600.2","876.6","871.5","936.2","787.9","851.1","916.5","704.5","889","912.9","856.4","967.8","942.7","996.3","940.7","1127.2","1203.9","936.1","1039.9","1002","1062.7","995.1","1203","1156.5","1225.8","1168.9","1136.8","1009","1152.3","1156.1","1261.7","1095.7","1204.1","",
"Bangladesh","BGD","Cereal yield (kg per hectare)","AG.YLD.CREL.KG","","1681.1","1514","1749.4","1691.8","1670","1570.8","1681.5","1727.9","1724.7","1666.2","1583.1","1554.5","1785.2","1708.4","1831.6","1769","1923.7","1926.9","1870.9","2005.8","1937.5","1997.9","2205.6","2134.6","2148.5","2146.6","2202.1","2235.8","2500.3","2490.6","2585.8","2625.7","2647.7","2475.9","2593.2","2694.2","2682.4","2865.3","3116.4","3384.4","3311","3395","3479.3","3439.4","3681.6","3761.4","4020.9","4102.5","4176","4288.3","4352.8","4395.8","4508.6","4540.9","4560.4","4601","4706","4790.2","4810.9","4901.8","4919.6","5005.3","",
"Bulgaria","BGR","Cereal yield (kg per hectare)","AG.YLD.CREL.KG","","1746.6","1822","1858.6","2137","2297.1","2930.6","2951.4","2439.4","2822.4","3124.1","3184.4","3702.2","3492.9","3184.2","3430.5","3741.8","3381.4","3498","3791.6","3705","4062.1","4669.5","3717.2","4497.9","2915","4047","3694.7","3705.5","4402.1","3953.7","3990.8","2953.6","2512.7","2798.9","3069.5","1908.6","3011.5","2684.7","2946.8","2459.9","2898.5","3156.3","2371.3","4077.8","3387","3572.5","2523.7","4094.3","3413","4031","4251.2","3671.8","4561","4860.7","4669.6","4817.8","5479.7","5561.7","5774.7","4373.4","5949.6","5151.2","",
"Bahrain","BHR","Cereal yield (kg per hectare)","AG.YLD.CREL.KG","","","","","","","","","","","","","","","","","","","","","","","","","","","","","","","","","","","","","","","","","","","","","","","","","","","","","","","","","","","","","","","","",
"Bahamas, The","BHS","Cereal yield (kg per hectare)","AG.YLD.CREL.KG","","666.7","833.3","833.3","892.9","909.1","914.9","937.5","940","980","980.8","990.7","991","1000","1000","1009.9","1021.2","1030.6","1158.7","1142.9","1141.3","1142.9","1165.4","1250","1333.3","1344.3","1344.3","1363.6","1400","1400","1500","1666.7","1666.7","1600","1793.1","1793.1","1793.1","1740","1984.2","2165.7","2476.2","3000","3050","3400","3550","3600","3800","4000","4761.9","6000","7533.3","7308.5","7340.4","7413.2","7516.2","8342.3","7709.5","7820.7","7862.8","7437.7","7445.5","7477.3","7424.3","",
"Bosnia and Herzegovina","BIH","Cereal yield (kg per hectare)","AG.YLD.CREL.KG","","","","","","","","","","","","","","","","","","","","","","","","","","","","","","","","","3552.8","3504","3606","3586.3","3536.8","3523.7","3481.2","3756.4","2550.2","3201.7","3828.2","2521.6","4433.5","4253.3","4290.8","3223.2","4427.1","4503.1","3853","3724.9","3000.6","4026.9","3977.4","3812.1","5191.7","3732.1","5487.9","5354.7","6050.7","4422.1","6912.7","",
"Belarus","BLR","Cereal yield (kg per hectare)","AG.YLD.CREL.KG","","","","","","","","","","","","","","","","","","","","","","","","","","","","","","","","","2741.1","2791.1","2268.3","2063.2","2191","2405.7","1889.9","1501.5","1949.7","2000.7","2477.8","2433","2986.1","2848.5","2550.5","2880.9","3549.7","3367.9","2808.3","3241.4","3479.1","3007.8","3720.5","3690.2","3207.3","3358.7","2723.9","3095.6","3539.9","3018.7","2971.1","",
"Belize","BLZ","Cereal yield (kg per hectare)","AG.YLD.CREL.KG","","596.4","598.8","694.8","697.3","742","550.9","1027.9","1176.3","1272.7","1628.7","1529.1","1414.9","1860.7","1313.2","1054.7","1450.4","1592.2","1851.9","1711.2","1988.6","2071.5","2030.5","1865.2","1526","1515.9","1753","1706.6","1686.6","1612.4","2013.8","2485.1","2289.7","2185.3","1898.1","1917.7","2504.9","2394.2","2458.5","2805.4","2418.3","3100","2448.9","2851.8","2365.7","2869.5","2672.3","2939.5","2427.2","2686.5","3223.4","3155.5","3451.1","3615.6","3594.6","2897.8","3164.6","4229.1","4043.7","2946.5","3526.3","4289.5","4476.2","",
"Bermuda","BMU","Cereal yield (kg per hectare)","AG.YLD.CREL.KG","","","","","","","","","","","","","","","","","","","","","","","","","","","","","","","","","","","","","","","","","","","","","","","","","","","","","","","","","","","","","","","","",
"Bolivia","BOL","Cereal yield (kg per hectare)","AG.YLD.CREL.KG","","954.3","946.5","945.5","795.1","1051.6","1013.1","1095.6","1080.8","1082.1","1056.4","1103.1","1087.9","1091.5","1081.4","1140.6","1223.1","1038.3","1074.1","1131.6","1116.6","1300.5","1253.3","1043.5","1307.7","1336.4","1287.9","1332.9","1321","1354","1360.8","1358.1","1399.7","1537","1426.7","1561.2","1613.6","1388.2","1494.8","1366.5","1641.9","1784.9","1712.4","1963.3","1618.7","1927","2100.1","1763.3","2016.4","2346","2267.3","2045.3","2113.2","1717.9","1958.1","2280.2","2111.3","1845.6","2333.7","2030.1","2024","2523","1716.7","",
"Brazil","BRA","Cereal yield (kg per hectare)","AG.YLD.CREL.KG","","1346.3","1381.5","1322.4","1256.4","1428.3","1321.3","1402.2","1350.5","1302.8","1408.8","1290.8","1299.7","1411.7","1455.8","1358.8","1444.6","1452.5","1210.1","1301.3","1575.7","1611.1","1544.8","1614.6","1677.3","1827.8","1664.7","1882.1","1858.8","1999.7","1755.1","1850.7","2142.5","2354.6","2285","2513.1","2422.2","2521.8","2580.4","2732","2643.3","3147.6","2844.8","3385.4","3131.8","2882.6","3210.5","3553.1","3831.3","3532.1","4040.6","4037.5","4584.5","4826.4","4640.4","5000.6","4181.7","5209.6","4806.5","5321.4","5255.4","4477.4","4901.1","",
"Barbados","BRB","Cereal yield (kg per hectare)","AG.YLD.CREL.KG","","1884.2","2511.2","1883","1788.7","1866.7","2075","2325.6","2375.4","2402.7","2424.2","2333.3","2727.6","2631.6","2614.4","2614.4","2614.4","2614.4","2614.4","2614.4","2500","2500","2500","2500","2727.3","2500","2561","2561","2619","2619","2674.4","2625","2571.4","2666.7","2600","2750","2666.7","2600","2600","2600","2608.7","2604.2","2626.5","2630","2659.6","2736.8","2700","2666.7","2740.9","2827.1","2884.2","2987.6","3200","2833.3","2700","2695.6","2755.8","2815.6","2835.6","2787.6","2765.6","2759.3","2753","",
"Brunei Darussalam","BRN","Cereal yield (kg per hectare)","AG.YLD.CREL.KG","","1730.6","1852.7","1371.1","1323.5","1173.7","1392.2","1587.1","1586.8","1858.1","1962.1","1602.4","1617.5","2425.1","2904","2717.8","1964.7","1503.4","1591.7","2175.9","1379.7","1364.3","1482.5","1579.7","1557.1","1239.4","2135.9","1063","2168.5","2228.6","1550","812.5","785.7","800","800","800","777.8","777.8","777.8","789.5","1006.5","892.4","888.1","819.3","793.5","744.3","795.2","900.7","821.4","773.7","1000","1466.7","1375","1461.5","1615.4","2384.6","1714.3","1769.2","2000","2090.9","3000","2733.3","2800","",
"Bhutan","BTN","Cereal yield (kg per hectare)","AG.YLD.CREL.KG","","1440.8","1440","1438.8","1439.4","1437.5","1437.7","1435.1","1432.7","1435.2","1436.7","1437","1441","1439.7","1442.6","1447.9","1438.9","1444.4","1443.3","1434.2","1425","1457.7","1445.3","1429","1442.3","1386.1","1371.9","1181.9","1019.7","1015.2","1279.8","1027.5","1063.6","1164.2","1281.1","1365.8","1467.5","1541","1559.5","1506.7","1437.9","1449.4","1549","1791.3","2995.2","2334.9","2199.7","1999.2","2741.5","2160.4","2469.1","2801.7","2944.2","3226.4","3254.9","3475.8","3373.4","3411.5","3416.5","3083.5","3435.2","3344","3448.9","",
"Botswana","BWA","Cereal yield (kg per hectare)","AG.YLD.CREL.KG","","341.8","339.6","382.8","275.9","329.8","439.9","316.9","261.6","309.6","63.2","448","948.5","275.6","691","446.2","643.2","415.1","268.7","132.3","237.2","275.2","287.9","265.3","150.7","200.7","198.5","190.7","375.6","288.9","265.5","381.3","288.7","424.3","223.8","458.4","323.4","276.8","246.7","228.5","152.6","554.4","357.3","1214.5","274.3","438.6","372.4","639.2","360.8","363.6","371.6","452.3","367.2","217.6","305.2","938.4","471.6","316.6","549.5","675.1","1033.8","1002.4","684.1","",
"Central African Republic","CAF","Cereal yield (kg per hectare)","AG.YLD.CREL.KG","","443","540.9","543.9","661.6","790.2","806.6","728.5","814","783.3","712.4","717.9","696.2","682.8","502.6","533.5","526","522.5","595.4","497.2","521","569.6","559.3","674.6","772.1","1076.9","1189.3","958.4","1112.3","1078.6","809.9","893.4","1005.9","989.7","876.4","869.2","882.7","947.9","989.2","1006.8","993.3","1032.6","1048.3","1009.5","1007.7","1018.2","989.7","951.2","946.8","948.4","907.7","965.7","942","910.9","896","884.1","875.1","871.5","863.8","859.3","713","807.2","830","",
"Canada","CAN","Cereal yield (kg per hectare)","AG.YLD.CREL.KG","","985","1595.4","1838.9","1527.2","1730.4","1972.7","1519","1734.5","1959.2","2110.8","2145.2","1987.7","1951.3","1726.7","2052.2","2275.8","2265.9","2267.4","2032.7","2141.2","2346.4","2482.8","2204.6","2028","2222.1","2570.4","2396.6","1754.4","2193.6","2636.3","2580.5","2460.3","2647","2594.5","2699.8","2844.2","2584.6","2782.6","3087.8","2805.7","2446.8","2375.4","2758.8","3141.9","3215.9","3046.3","2973.4","3391.7","3299.5","3501.1","3552.4","3456.3","4160.4","3647","3673","4239.1","4104.8","3914.7","4010.8","4091.9","3120","4078.7","",
"Central Europe and the Baltics","CEB","Cereal yield (kg per hectare)","AG.YLD.CREL.KG","","1702.2591566836","1648.9688852762","1730.87372023365","1763.01982043855","1997.14153813253","2132.04162551461","2167.64834028646","2161.95404946281","2286.37653087507","2126.70224970018","2567.78406457966","2791.21271287462","2820.45723234941","2877.2355019232","2810.44904922802","3107.49970504072","2962.24409812755","3144.38761419434","2917.08140479664","3076.5247564427","3021.3869457212","3449.91963919805","3201.13907901902","3578.0361956794","3302.53765063655","3478.62432161295","3356.65886272015","3446.12033640599","3625.49398866043","3454.58779097443","3614.39496550066","2518.98596585403","2772.99450708084","2944.85729082116","3225.7967687442","2970.86516077687","3421.99715349327","3192.28311374895","3288.74934764475","2662.67088574039","3383.26586564786","3259.86234605214","2862.67635563354","4128.80164268194","3740.74508423513","3285.7149286205","3009.3643364655","3911.42549688155","3660.70902019653","3764.98206051013","4037.07936040773","3491.5622836882","4149.56136168447","4656.46074237987","4255.41241111787","4617.85283482632","4868.75539593912","4708.74790909173","4843.27593030782","4754.23590815757","5106.54021323608","4524.10338144774","",
"Switzerland","CHE","Cereal yield (kg per hectare)","AG.YLD.CREL.KG","","2872.6","3776.9","2936.1","3627.4","3212.2","3305.7","3983.4","3852.2","3651.4","3692.5","4282.9","4079.6","4198.3","4766.9","4256.9","4530.2","4004.4","4815.8","5078.4","4623.7","4948.1","5279.9","5071","6162.9","5720.6","5090.7","5043.2","6328.9","6780.9","5983.9","6103.6","5877.4","6209","5807.6","6068.8","6706.8","6407","6641","5643.1","6402.2","6011.9","6269.8","5086.5","6732.5","6300.4","6165","6418.5","6413.1","6578.3","6093.9","6874.6","6464.3","5945.6","7044.6","6431.9","5154.6","6800.2","6332.3","6580.8","6978","5515.8","6083.6","",
"Channel Islands","CHI","Cereal yield (kg per hectare)","AG.YLD.CREL.KG","","","","","","","","","","","","","","","","","","","","","","","","","","","","","","","","","","","","","","","","","","","","","","","","","","","","","","","","","","","","","","","","",
"Chile","CHL","Cereal yield (kg per hectare)","AG.YLD.CREL.KG","","1441.3","1371.7","1574.7","1677.3","1691.9","1897.4","1951.6","1945.5","1671.6","1902.3","1994.4","1860.4","1683.3","1881","1722.9","1451","2130","1732.8","2191.5","2059.3","2120.5","2203.6","2261.5","2704.1","2949.1","3355.3","3222.6","3531.6","3914.7","3619.7","4050.9","4177.4","4246","4489.3","4472.5","4264.3","4507.5","5052","4061.1","4362.1","4935.7","5183.3","5390","5657.5","5811.2","5998.3","5744.3","5844.4","5462.3","6815.4","6927.8","6229.6","6913.2","6128.4","7082.3","6858.2","6779.4","7144.3","7157.2","6245.8","6491.2","6113.9","",
"China","CHN","Cereal yield (kg per hectare)","AG.YLD.CREL.KG","","1192.7","1323.1","1490.7","1622.7","1746.5","1879.1","1935.7","1939.4","1900.4","2127.7","2174","2106.5","2275.7","2389.2","2480.4","2522.3","2486.9","2791.8","3032.5","2937.3","3081.6","3456","3716.1","3954.9","3820.5","3889.9","3973.1","3930.6","4014.7","4306.5","4231.4","4361.6","4562.1","4504.9","4659.3","4891.6","4813.2","4952.8","4944.9","4752.6","4800.3","4869.1","4871.1","5186.8","5224.6","5313.4","5320.6","5549.7","5449.6","5527.5","5710","5828.7","5897.7","5896.3","5985.2","6018.6","6110.8","6122","6264.2","6295.8","6316.7","6379.6","",
"Cote d'Ivoire","CIV","Cereal yield (kg per hectare)","AG.YLD.CREL.KG","","624.2","785.7","751.9","774.9","785.5","840.7","888.9","877.8","845.1","828.6","1000.3","823.8","840.6","885.1","820.5","749.3","753.7","753.3","762.6","927.4","897.8","949","784.7","970.8","986.7","851.5","847.6","885.1","882.7","1112.5","1052.8","1050.8","1235.4","1131","1141.7","1389","1286.7","1498.6","1645.7","1682.3","1719.9","1750.9","1827","1853.9","1836.3","1827.9","1569.4","1735","1711.5","2270.5","1882.8","2079.8","2176.6","2206.9","2200.3","2219.8","2247.4","2254.4","2263.2","2180.7","2237.2","2291.5","",
"Cameroon","CMR","Cereal yield (kg per hectare)","AG.YLD.CREL.KG","","863.9","757.5","775.4","781.9","768.6","821","760","768.1","838.6","798.8","804.8","820.2","770.7","881.9","1057.6","865.9","862.7","836.7","817.7","864.3","865","890.3","895.7","1076.6","1154.1","1381.5","1228","1165.9","1118.4","1259.3","1179.3","1072.2","959.3","968.7","1172.1","1344","1400.3","1413.2","1893.3","1763.5","1708.9","1682.7","1619.9","1563.2","1669.7","1700.3","1676.3","1678.5","1722.9","1648.7","1710","1591.5","1676.4","1630.4","1615.3","1578.1","1711.2","1809.6","3470.8","1736.5","1726.7","1693.9","",
"Congo, Dem. Rep.","COD","Cereal yield (kg per hectare)","AG.YLD.CREL.KG","","699.2","700.8","692","692.1","646","695.1","699.8","710.5","710.8","727.1","725.4","746.5","741.1","744","747.7","745.8","739.2","728.9","799","798.7","822.5","833.9","833.5","850.2","799.6","789.9","821.8","797.9","802","799.8","802.4","782.2","790.6","793.4","765.8","780.9","801.7","811","787.3","786.6","786.6","772","771.5","771.7","771.7","771.6","771.6","771.6","771.6","784.9","771.1","771.6","772.1","769","768.9","785.5","794.1","812.4","835.6","877.8","879","816","",
"Congo, Rep.","COG","Cereal yield (kg per hectare)","AG.YLD.CREL.KG","","714.3","711.3","916.7","932.6","1020.4","1000","1090.9","1347.8","952.4","888.9","952.4","894.3","679.4","706.2","647.7","648.2","658.7","457.6","689.7","845.4","978.1","646.7","746.2","677.9","767.8","854.6","770.3","801.9","834.9","624.3","635.2","639.2","646.5","654.4","735.6","746.3","746.3","755.8","736.4","753.9","775","772","780.7","776.4","770.6","777.8","764.1","771.4","791.4","785","794.3","809.8","830.9","832.8","833.5","845.6","860.4","870.8","889","886.8","887.4","887.3","",
"Colombia","COL","Cereal yield (kg per hectare)","AG.YLD.CREL.KG","","1275.2","1350.8","1386.1","1454.2","1259.1","1301.4","1421.7","1528.8","1607.8","1807.4","1904.5","2012.2","2105.9","2389.8","2379.2","2276.8","2249.6","2390.1","2463","2414.5","2479.7","2441","2514","2579.9","2662.6","2495.1","2724.1","2514.4","2486.9","2475.4","2450.7","2550","2505.5","2506.1","2643.9","2683.9","2906.7","3060.4","3151.7","3234.2","3138.3","3340.5","3621.8","3584.5","3643.3","3358.8","3599.2","3664.2","3611.3","3410.4","3351.5","3381.8","3277.8","3754.6","3893.5","3792.5","3856","4014.2","4167","4398.6","4280.2","4341.6","",
"Comoros","COM","Cereal yield (kg per hectare)","AG.YLD.CREL.KG","","1107.8","1118.8","1083.7","1162.4","1094.9","1086.7","1099.3","1188.5","1097.6","1097.6","935","1008","1078.7","1129.8","1203","1157.1","1205.5","1161.3","1058.8","1058.1","1057.8","1058.1","1125","1110","1088.8","1117.8","1155.5","1157.3","1281.3","1267","778.3","795","807.4","822.3","839.3","849.2","854.7","840.3","890.1","899.5","914.8","935.5","973.6","921.7","1128.4","1248.9","1378.9","1596.4","1704.6","1953.8","1934.6","1918.3","1899.9","1877.5","1860.6","1843.6","1826.6","1800.2","1795.6","1782","1767.2","1752.1","",
"Cabo Verde","CPV","Cereal yield (kg per hectare)","AG.YLD.CREL.KG","","650","650","650","650","485.7","487.2","488.9","440","437.5","308","303.3","191.7","238","314.3","444.4","454.5","375","333.3","428.6","531.3","428.6","440","385.7","493.6","400.9","534.3","607.2","481.9","273.8","334.6","252.9","302.1","359.1","250.3","262.9","317.2","146.9","141.5","1162","794.8","637.3","148.5","379.2","385.2","243.2","218","158.8","233.8","230.8","220","177.8","196.2","182.3","34.3","276.5","178","0.1","22.7","23.2","15.7","16.3","11.5","",
"Costa Rica","CRI","Cereal yield (kg per hectare)","AG.YLD.CREL.KG","","1153.5","1177.6","1242.2","1179.9","1530.5","1442.5","1476.7","1585.7","1573.4","1436.2","1837.8","1870.8","1388.8","1575","1895.6","1713.1","2058","2291.7","2293.6","2924.5","2276.3","1742.7","2401.5","2323.6","2323.6","2253.5","2256","2518.3","2621.8","3096.8","3299","3169","3419.3","3815.4","3777.6","3483.3","3790.7","3768.9","3676.8","3626.2","3549.6","3683.4","3171.4","3059.4","3189.1","3759","3538.2","3814.3","3790.7","3199.2","3418.9","3621.5","3283.3","4497.5","3831.6","4026.1","3731","4210.1","4052.4","3357.1","4672.8","3575.2","",
"Caribbean small states","CSS","Cereal yield (kg per hectare)","AG.YLD.CREL.KG","","2001.23861053589","2216.81336639985","2057.63805016999","2081.70673744365","2158.94755216555","2144.71985339682","2184.35966328779","1892.75349970068","2034.84324299872","2291.77386414183","2191.1160973341","2265.3273858807","2346.85602184097","2599.22978245338","2425.50922194668","2267.32251801824","2839.14127402103","2940.53992337585","3013.2887212424","3202.22281985153","3306.78432983168","3356.05049333285","3256.6754584805","3283.90055765288","3338.05894138291","3361.58176517259","3230.43716263252","3165.87220379106","3240.41452976946","3158.01015914323","3343.38421255992","3430.63781694019","3250.92359220393","3439.16706385358","3552.64418146043","3692.75621297711","3727.46770710142","3717.34596673242","3627.83401752624","3620.51358586319","3751.10681972815","3747.25447999597","3844.03420264484","3771.3180262804","3595.50217025599","4121.63745778622","3979.44555500713","3879.07255300344","3999.05577615616","3986.3214610836","4072.66834669139","4239.47916381972","4593.71389456709","4788.67475678353","4922.4578818331","4795.59527230941","5157.35075547059","5270.06501211268","5156.99602319051","5042.03089337662","5028.08051917809","5387.65940166526","",
"Cuba","CUB","Cereal yield (kg per hectare)","AG.YLD.CREL.KG","","1204.8","1210.7","1357","1273.7","1082.6","1178.6","1151.9","1209","1399.5","1525.6","1617.4","1374","1278.1","1804.7","2070.1","2275.4","2412.5","2420.1","2321.8","2546.8","2504.4","2692.8","2702.5","2727.8","2615.6","2681.5","2430.4","2549.1","2516","2342.1","2175.9","1751.1","1324.4","1789.1","1964.6","2007.3","2188.6","1874.7","2750.8","2528.4","2880.6","3123.2","3188.8","2921.5","2561.6","2782.8","2912.9","2674.2","2068.8","1937.2","2619.1","2803.2","2903.8","2813.7","2964.6","2939.3","2854.3","2876.5","2831.7","2572.3","2406.1","2354.2","",
"Curacao","CUW","Cereal yield (kg per hectare)","AG.YLD.CREL.KG","","","","","","","","","","","","","","","","","","","","","","","","","","","","","","","","","","","","","","","","","","","","","","","","","","","","","","","","","","","","","","","","",
"Cayman Islands","CYM","Cereal yield (kg per hectare)","AG.YLD.CREL.KG","","","","","","","","","","","","","","","","","","","","","","","","","","","","","","","","","","","","","","","","","","","","","","","","","","","","","","","","","","","","","","","","",
"Cyprus","CYP","Cereal yield (kg per hectare)","AG.YLD.CREL.KG","","654.8","1157.6","1121.3","802.9","1598.9","752.4","1297.7","824.8","1334.9","657.3","1336.3","1068.3","107.2","1290.8","1475.3","1462.9","1315","1777.3","1665","1939.4","1773.3","1778.2","1388.8","1757.7","2097.7","1301.1","2331.3","2679.9","2480.4","1886","1335.9","2789.8","2964.4","2553.5","2384.9","2395.5","1110.6","1113.9","2156.4","931.4","2275.9","2394.4","2263.9","1677.9","1205.6","1219.7","1596.1","176.3","1823.8","1998.4","1954.4","2399.3","1688","291","2683","436.3","1802.7","1052.9","2656.3","2381.4","2063.5","2494.7","",
"Czechia","CZE","Cereal yield (kg per hectare)","AG.YLD.CREL.KG","","","","","","","","","","","","","","","","","","","","","","","","","","","","","","","","","","4019.5","4091.7","4179.3","4192.7","4132.7","3968.1","4346.6","3906","4508.6","4324","3940.8","5443.6","4741.6","4159","4522","5362.8","5073.9","4695.8","5592.6","4529.5","5309.3","6219.8","5880.6","6317","5497.5","5206.9","5653.2","6042.7","6113","5929.6","",
"Germany","DEU","Cereal yield (kg per hectare)","AG.YLD.CREL.KG","","2417.4","2962.2","2925.2","3120.8","2852.2","2878","3483.3","3619.6","3447.5","3179.6","3788.6","3770.2","3873.4","4178.8","3864.4","3495.7","3885.2","4285.2","4108.3","4227.6","4161.6","4568.3","4362.6","5036.6","5072.7","5084.8","4898.4","5173.7","5203.6","5411.1","5986.1","5335.6","5711.7","5826.2","6107.8","6282","6484.9","6330.2","6699.9","6452.9","7055.2","6251.5","5764.5","7355.3","6723.2","6486.6","6182.9","7118.8","7201.4","6685.2","6458.3","6964.9","7318","8050.3","7497.8","7182.1","7269.9","6178.9","6952","7133.3","6998.1","7126.1","",
"Djibouti","DJI","Cereal yield (kg per hectare)","AG.YLD.CREL.KG","","","","","","","","","","","","","","","","","","","","","","2500","2500","2500","2333.3","1750","1666.7","1500","1538.5","1333.3","1666.7","1643.3","1647.3","1651.9","1657.5","1666.7","1683.3","1704.7","1726","1769.4","1833.3","1714.3","1666.7","1666.7","1658.7","1500","1666.7","1738.2","1780.6","1816.7","1848.3","1879.3","2000","2000","1986.4","2007.6","1998.2","1998.7","1998.2","2024.7","2039.3","1973.9","2061.7","",
"Dominica","DMA","Cereal yield (kg per hectare)","AG.YLD.CREL.KG","","1181.8","1181.8","1217.4","1217.4","1250","1250","1280","1280","1230.8","1230.8","1259.3","1259.3","1285.7","1285.7","1266.7","1333.3","1333.3","1333.3","1419.4","1437.5","1424.2","1411.8","1388.9","1352.9","1333.3","1200","1384.6","1333.3","1333.3","1363.6","1340.2","1339.9","1333.3","1341.3","1344.2","1347.3","1350.4","1353.8","1357.2","1357.3","1359.2","1364.1","1333.3","1377.5","1357.1","1404.7","1448.3","1437.7","1436.8","1416.7","1400","1666.7","1666.7","1623.5","1604","1597.7","1601.7","1609","1630","1644.5","1655.5","1666.5","",
"Denmark","DNK","Cereal yield (kg per hectare)","AG.YLD.CREL.KG","","3383.5","3750.6","3505.7","3963.4","3890.6","3714.4","3756.9","4026.4","3975.6","3583.8","3999.7","3977.2","3765","4190.1","3635.7","3302.4","4050.9","4060.5","4156.1","3892.5","4071.4","4521.3","3757.5","5555.4","4970.8","5049","4792.6","5084.2","5632.3","6117.9","5911.6","4314.2","5677.6","5530.6","6291.2","6052.6","6207.2","6100.1","5862.1","6216","6126.6","5761.8","6096.6","6013.1","6153.4","5778.4","5675.8","6017.4","6779","5875.9","5886.5","6309.7","6316.6","6752.1","6884.7","6222","6916.5","4888.8","6928.9","6926.3","6355","7241.4","",
"Dominican Republic","DOM","Cereal yield (kg per hectare)","AG.YLD.CREL.KG","","1758.3","1788.6","1842.8","1990.2","2057.7","2196.3","1970.1","1948.9","2162.6","2378.5","2653.8","2892.6","3025.1","3208.7","2377.4","2603","2568","2780.1","2922.5","3005.1","3145.4","3753.9","3966","3463.7","3617.2","3754.8","3705.8","3499.2","3726.2","3996.2","3979.6","6090.2","4015.2","3636.7","3856.3","3835.6","3950.7","3635.3","3983.1","4159.3","4304.8","4343.4","4000.8","3824.8","3808.6","4262.9","4368.1","4468.8","3954.3","4436","4605.6","3747.7","4031.5","4965.6","5109.8","5172.1","5174.7","5040.8","5087.2","5130","5232","5223.6","",
"Algeria","DZA","Cereal yield (kg per hectare)","AG.YLD.CREL.KG","","346.2","814","803.8","530.2","606.3","403.9","631.4","705.2","614.9","637.5","587.8","671.7","493.7","497.9","845.2","690.5","410.9","586.1","561.5","760.4","646.2","593.3","579.5","547.4","912.5","837.2","759.9","574.1","760.4","687.7","1114.6","943.3","741.7","749.4","829.5","1337.8","779.8","846.3","1069.9","883.3","1106.9","1058.6","1470.3","1344.1","1500.8","1503.7","1253.5","1034","1653.9","1474.3","1643.3","1677.6","1813.1","1369.2","1400.2","1020.4","990.3","1952","1767.4","1520.4","1433.7","1610.4","",
"East Asia & Pacific (excluding high income)","EAP","Cereal yield (kg per hectare)","AG.YLD.CREL.KG","","1288.19500782036","1393.91244839458","1525.22474951152","1612.13113891526","1692.9634081121","1776.7188781371","1828.52852592139","1849.89809887288","1859.29733675314","2051.81785913856","2088.37302230692","2026.09990976676","2163.0129954105","2250.0183608549","2314.1034145174","2367.27454910243","2311.0078878075","2548.90262375163","2739.15460513258","2705.36841942469","2834.63235331871","3129.87826758099","3305.77288830656","3491.87466750704","3398.36255152158","3458.04569359401","3516.7513717891","3484.18654228337","3575.54803590505","3786.38835134676","3777.92432378122","3869.33033446603","4007.42997369435","3983.70094507017","4066.28203453134","4241.48207733049","4193.67171374094","4293.21759506682","4288.00898529457","4198.34282945966","4249.17432984024","4329.99509913182","4330.55634645253","4552.89475998595","4607.20958142551","4688.46833625273","4717.35046143587","4899.30608596649","4852.77480506245","4916.81750091","5058.14911208855","5174.95640230085","5227.49456289704","5261.06098375175","5361.98798645292","5356.70607146512","5414.71659275419","5440.31312935439","5534.69545534111","5536.77084046097","5575.73933377584","5605.47240105599","",
"Early-demographic dividend","EAR","Cereal yield (kg per hectare)","AG.YLD.CREL.KG","","1059.85232178373","1082.16381769003","1121.43644458079","1133.50255788789","1055.66178940873","1068.53254370295","1177.06814855374","1180.07592548502","1224.67801049619","1276.28192907002","1312.72252781943","1292.43840815589","1314.27932699928","1327.92295905794","1450.68791412788","1439.14092927417","1523.27573655546","1586.91153436524","1515.88158117557","1619.41100878184","1720.73941696468","1697.93800892591","1762.44336688505","1793.51011692333","1839.49165611474","1869.11884272775","1854.45260201169","1972.08014967405","2013.21482596186","2074.46027654574","2120.40207120591","2186.23105842932","2285.76188649476","2253.96673527174","2251.70318249977","2324.46677066773","2372.15985203956","2441.17173729636","2468.95046334196","2547.29552973692","2577.21598582352","2544.9536690603","2643.05680732974","2664.15739491126","2770.38035283015","2801.64626317047","2888.53316069097","2956.21066865296","2939.10431628147","3027.81212238053","3128.17699400872","3193.54267190924","3262.95804753352","3271.96410143899","3274.56225263122","3347.26099533607","3480.76860340481","3515.05696579209","3618.2585795761","3621.60925425698","3673.16926095101","3741.66838344923","",
"East Asia & Pacific","EAS","Cereal yield (kg per hectare)","AG.YLD.CREL.KG","","1415.81032319421","1512.85378444233","1628.77399123461","1710.9795512631","1759.26961937329","1865.10173786654","1874.33969969266","1925.34829433018","1920.24690883438","2098.6271667081","2117.45866454827","2048.43789273087","2193.0190840145","2282.97457957101","2347.53061297148","2382.5513782216","2302.96330067176","2570.95335809085","2713.87633331894","2604.47037936012","2755.56600910805","2964.36608001619","3175.93399508697","3355.21677047373","3260.09722405864","3335.27493661056","3392.45788199231","3388.5834298139","3477.83258572222","3668.71105006852","3649.49319789585","3756.18708758318","3847.0932449042","3870.10133553648","3893.39568123973","4073.59656375696","4037.38552117136","4098.26441906594","4094.62090219198","4025.49960784578","4036.40360638086","4129.68219629372","3986.35096616838","4277.85496575655","4275.78686732919","4414.9585152829","4333.91619154273","4502.30451093717","4495.22070384061","4560.45224502424","4753.88814495586","4870.29996831994","4903.88109221868","4962.1960241519","5046.04755119279","5066.08799259784","5150.36299106085","5143.75190746719","5194.16303539866","5191.83706363983","5259.16625911339","5322.83509013686","",
"Europe & Central Asia (excluding high income)","ECA","Cereal yield (kg per hectare)","AG.YLD.CREL.KG","","1107.55131195561","1238.67191115881","1415.92740237092","1274.57897361778","1308.15967418669","1520.63011016618","1541.23088221164","1392.43005635186","1507.76489216281","1488.9224712645","1803.22631585133","1762.69038205986","1564.4645644373","1559.4037151413","1890.08511080305","2091.1837322953","2028.71388709182","2068.57577302319","2154.30268147815","2112.02749439826","2169.1890361739","2356.16701115113","2118.79292967271","2322.990161663","2066.11785938818","2401.62387583859","2346.776579951","2453.2723206869","2128.46422550227","2449.04551369398","2479.11380179752","1896.79733354267","1845.24928317941","1619.24300502616","1518.82193752902","1540.96968059963","1878.173287807","1624.69275962157","1722.16428938784","1730.55603565654","2056.09593597398","2104.47648392776","1922.35415741805","2117.96570375912","2097.83709699287","2146.21824175217","2079.85743732554","2505.88411220742","2432.25302146205","2155.68661748938","2648.89297135561","2231.4085422775","2669.03187413555","2795.54214385159","2777.77968040737","2965.32903045062","3043.32151734304","2996.79529099163","3064.97186176474","3051.23283390206","3094.28758927994","3279.54569672001","",
"Europe & Central Asia","ECS","Cereal yield (kg per hectare)","AG.YLD.CREL.KG","","1813.67612467688","1974.74363506009","2014.3221050699","2056.88191389366","2157.24061193473","2186.41703914701","2412.41760177946","2404.67474735926","2440.93335093499","2337.10475398937","2751.64624560093","2794.7177020352","2817.81493127613","2920.07991505608","2831.75883550744","2840.28237306876","2989.74369796231","3228.27611933234","3109.56656244874","3321.69299292737","3193.75698972714","3482.86796598863","3326.36151040602","3925.63509425164","3693.4481042079","3695.54746356328","3692.34917262582","3853.00401182457","3827.61201676762","3918.20424743689","4092.99690805853","2574.5870978373","2620.67507392152","2510.07452034092","2535.63283755699","2706.13907486623","2932.08308795087","2922.93744498624","2943.92088756962","2890.64725590856","3086.09541037248","3142.19193254395","2898.79714761203","3392.4014737404","3171.4438376556","3124.1316400189","3058.10243974395","3547.02258787704","3431.93968105574","3289.27850119619","3583.8675324284","3276.12270167986","3662.28165134837","3899.61992917346","3803.37712370412","3818.76098727681","3966.41427221741","3839.01363373109","4028.24020375831","3932.68021680152","4031.17590690089","4043.05823986393","",
"Ecuador","ECU","Cereal yield (kg per hectare)","AG.YLD.CREL.KG","","1010.7","925","986.5","768.7","958.8","1007.2","893.2","823.3","1074","1093","961.9","922.1","1229.2","1283.2","1414.4","1352.7","1368.5","1377","1492.3","1639.6","1768","1880.1","1566","1851.3","1929.3","1379.6","1519.8","1708.4","1756.1","1723.6","1704.2","1768.6","1951.6","2075","1984.3","2029.3","2058.7","1954.9","2123.1","2306","1899.4","2434.6","2617.3","2922.2","2841.6","2830","3144","2980.3","2965.5","2723.1","2299.8","2914.6","2592.5","3216","3927","3362.1","3771.3","3552.6","3966.8","3530.9","4015","4050.3","",
"Egypt, Arab Rep.","EGY","Cereal yield (kg per hectare)","AG.YLD.CREL.KG","","2905.7","3259.6","3312.8","3330.1","3775.6","3565.5","3557.3","3627.1","3716.6","3911.8","3911.5","3951.3","4080","3840.4","3978.1","3941.1","3923.8","4019.3","3964.2","4094.5","4100.5","4203.7","4321.1","4347.5","4539.2","4696.2","4891.6","5028.8","5337.7","5702.9","5613","5898.5","5995.1","5861.1","5903.7","6499.1","6605.5","6797.4","7166.6","7280.1","7099.4","7445.6","7515.4","7556.2","7536.9","7500.2","7418.5","7452.2","7158.3","6504.3","7246.3","7269","7285.3","7085","7117.3","7251.5","7400.6","6776","6047","7166.1","7338.5","7418.5","",
"Euro area","EMU","Cereal yield (kg per hectare)","AG.YLD.CREL.KG","","1951.51991615521","2207.96000608397","2202.523798532","2274.63831501309","2339.34830594603","2325.8561888054","2707.6357233575","2739.58721678258","2741.74216098029","2625.48611917454","3065.707110503","3070.06055979031","3184.07784792263","3261.51104403485","3140.56900369987","2954.96662551358","3231.99166180228","3587.16999067113","3458.57958888969","3776.34473760582","3524.54087101325","3773.66545175905","3687.47581636249","4443.38055495292","4315.50014260071","4091.78160630324","4240.94689960362","4507.36025199183","4428.85347153621","4489.04884955878","4815.11176231715","4387.60664913699","4661.68851232535","4626.36141805456","4555.97336072284","5164.14771908098","5040.90623736051","5286.67222522965","5160.50967923636","5347.72347098216","5220.01270132906","5366.38393802545","4775.88854186051","5862.31559836033","5228.54572489694","5248.24560623343","5305.87636559919","5786.1183062503","5699.41026529533","5510.37545346084","5611.63215941462","5570.36560091219","5832.9109864308","6105.65089448584","5992.85216753353","5477.98054798017","5750.56086742743","5531.80883973543","5923.34734443009","5874.80403070657","5936.42468734105","5578.25764056774","",
"Eritrea","ERI","Cereal yield (kg per hectare)","AG.YLD.CREL.KG","","","","","","","","","","","","","","","","","","","","","","","","","","","","","","","","","","256.6","767","416","264.9","265.5","959.7","746.6","377.2","637.1","158.2","261","275.3","758.2","798.5","938.5","252.2","500.1","511.7","649.1","689.4","669.8","666.4","642.4","639.7","642.2","638.9","640.3","640.5","639.9","640.2","",
"Spain","ESP","Cereal yield (kg per hectare)","AG.YLD.CREL.KG","","1082.5","1278.7","1303.1","1178.5","1250.7","1327.6","1480.6","1569.1","1558.1","1380.3","1840.5","1611.1","1595.1","1765.6","1974.3","1766.2","1925.2","2174.7","1907.8","2479.9","1571.3","1764.3","1851.1","2772.1","2762.2","2143.1","2626.8","3017.9","2491.5","2482.7","2488.9","1955","2717.4","2348.3","1729.7","3303","2764.4","3395.9","2705.2","3603.3","2804.7","3222","3250.7","3750.1","2159.3","3028.2","3933.9","3573.5","2944.8","3291.5","3691.8","2842.5","4047.1","3248.5","3243.1","3877.8","2770.2","4205.5","3445.5","4501.5","4227.4","3307.4","",
"Estonia","EST","Cereal yield (kg per hectare)","AG.YLD.CREL.KG","","","","","","","","","","","","","","","","","","","","","","","","","","","","","","","","","1403.8","2161.3","1597.1","1687.4","2178.5","1992","1627","1251.3","2114.7","2037","2024","1921.7","2330.3","2694.4","2209.9","3009.1","2792.8","2760.5","2464.2","2598.9","3412","3135.6","3669.6","4381.6","2658.4","3967.3","2624.9","4458.6","4411.5","3502.4","4224.5","",
"Ethiopia","ETH","Cereal yield (kg per hectare)","AG.YLD.CREL.KG","","714.6","702.3","704","723.5","732.3","741","744.4","724.3","758.7","770.5","784.5","803.5","827.3","812.1","853.1","1063.7","1035.5","897.3","1124.2","1260.7","1190.7","1165","1335.8","1169.8","880.6","965.6","1152.9","1214.1","1172.2","1238.1","1307.5","1155.8","1313","974.4","1033.5","1213.6","1263.9","1140.9","1124.6","1116.3","1198","1353.7","1123.3","1162.6","1361.4","1563.3","1441","1418.4","1647.1","1767.3","1876.6","1963.3","2102","2235.1","2344.9","2352.2","2539.4","2729.8","2831.8","2861.3","2891.7","2813.7","",
"European Union","EUU","Cereal yield (kg per hectare)","AG.YLD.CREL.KG","","1917.62207077433","2062.76833180661","2079.56876601562","2161.42672873089","2281.09977941472","2300.87379928779","2563.85074866242","2594.08120202602","2619.11321102709","2505.64447638964","2938.16415535657","3010.52521047151","3078.53828769862","3187.25305815733","3051.2740714067","3028.97937142507","3170.40703550236","3459.59740154681","3300.88454790873","3542.78270267382","3383.15963243017","3693.37736472995","3526.19070968052","4187.0118868796","3979.75911654606","3904.97416712823","3943.57688900334","4139.48026278899","4183.56240953335","4187.19335409845","4408.24217147344","3751.18899509723","3980.88702442868","3995.1933035541","4112.54712940082","4379.94483325488","4476.69253550749","4531.43985915871","4521.7106115811","4397.74854597764","4556.36528048616","4605.36171647603","4144.74489610358","5238.28950887961","4711.52979671837","4562.01292024807","4491.05811137134","5105.97295300045","4969.02272938324","4916.01472752947","5061.00764840411","4821.25130486836","5253.38897627744","5612.19301455192","5377.75627490777","5193.83059210441","5499.55110194519","5230.17192293821","5574.78676338519","5465.24041142327","5663.96313719122","5260.3150935671","",
"Fragile and conflict affected situations","FCS","Cereal yield (kg per hectare)","AG.YLD.CREL.KG","","830.569865332778","866.333163171428","841.634182624818","850.804141772811","836.845200618113","787.026460917305","870.509187795607","864.881907559596","852.348317201026","833.830330668119","860.639090872452","902.887550265044","822.510341934684","965.936220245239","960.020707561293","948.51155124569","954.165503860279","990.681349447487","1010.2253143299","1136.19623137667","1239.56761951087","1152.16822511464","1124.5816680312","1066.89224801395","1123.26340627473","1123.52328057602","1096.16264794904","1177.99169810086","1056.09325971377","1069.87598152697","1063.13098667177","1320.18350269766","1463.92564143794","1293.24785457089","1307.98664418552","1287.70347544665","1315.25705480661","1281.44169049112","1275.26384171725","1255.89152686733","1458.83482171287","1479.28774800936","1398.55083561328","1576.47331186637","1475.71930314595","1581.94413695651","1511.3166794531","1706.12510781307","1725.68639766457","1635.41471950292","1719.17568145926","1750.44159491105","1803.09421050904","1880.416351594","1945.57333371232","1928.19352463603","1919.59520634135","2012.7018213939","2115.61946475408","2010.44907708984","2138.69681330697","1940.77673944353","",
"Finland","FIN","Cereal yield (kg per hectare)","AG.YLD.CREL.KG","","1883.4","1363.6","1799.2","1581.3","2007.9","1780.6","1990.7","2082.1","2286.3","2396.6","2568","2460.5","2241","2183.3","2625.4","2951.8","2431.4","2446.7","2636.8","2823.4","2072.9","2922.3","3180.1","3059.2","2904.3","2941.4","1920","2326.8","3190.2","3543.1","3347.7","2845.8","3606.5","3587.2","3409","3438","3410.1","2402.8","2541.2","3498.7","3164.4","3295","3178","3210.6","3422.9","3293.8","3654.7","3542.3","3760.4","3135.3","3521.7","3533.6","3689.5","3691.4","3613.9","3573.3","3957.9","3052.7","4257.5","3589.3","2777.3","3770.5","",
"Fiji","FJI","Cereal yield (kg per hectare)","AG.YLD.CREL.KG","","1761.1","1765.2","1811.7","1785.4","1783","1726.3","1756.7","2040.7","1841.6","1865.3","1920.4","1938.1","2059.7","1935.5","2240.8","2302","1930.1","1854.4","2017.7","1925.6","2069.5","2118.5","1844.7","2140.5","2408.2","2181.8","1922.8","2378.2","2370.6","2181","2316.8","2154","2275.5","2301","2651","2105","2213.3","754.4","2706.3","2433.7","2341.6","2379.8","2338.9","2352.8","2349.2","2283.5","2652.4","2266.1","2819","2871.1","2821.3","2423.4","2999.5","4475.4","3001","3000.9","3000.9","3002.2","3353.3","3665.7","3887.2","4090.3","",
"France","FRA","Cereal yield (kg per hectare)","AG.YLD.CREL.KG","","2275.9","2689.7","2769.4","2823.4","3106.5","2908.1","3476.7","3570.9","3532.1","3374.4","3875.5","4168.7","4407.5","4179.3","3696.6","3440.8","4051.4","4630.5","4516","4854.2","4729.1","5007.5","4949.9","5976.8","5742.8","5301.6","5706.2","6080.8","6099.1","6082.6","6536.2","6485.4","6512.6","6542.6","6456.5","7082.4","6890.3","7415.4","7260.4","7231.5","6729.2","7453","6125.3","7518.7","6965.4","6800.5","6520.6","7252.8","7412.4","7068.6","6919.3","7254.5","7084.8","7579.1","7590.5","5690.9","7306.7","6829.1","7491.9","6394.9","7171.3","6654.9","",
"Faroe Islands","FRO","Cereal yield (kg per hectare)","AG.YLD.CREL.KG","","","","","","","","","","","","","","","","","","","","","","","","","","","","","","","","","","","","","","","","","","","","","","","","","","","","","","","","","","","","","","","","",
"Micronesia, Fed. Sts.","FSM","Cereal yield (kg per hectare)","AG.YLD.CREL.KG","","","","","","","","","","","","","","","","","","","","","","","","","","","","","","","","1200.4","1208.9","1206.1","1213.2","1193.5","1217.9","1220.9","1224","1227.3","1230.8","1234.7","1238.9","1243.5","1254.6","1272.2","1287.4","1192.9","1366.1","1421.4","1475.2","1528.1","1674.3","1673.8","1670.5","1678.1","1697.3","1722.4","1741.9","1704.5","1718","1719","1712.9","",
"Gabon","GAB","Cereal yield (kg per hectare)","AG.YLD.CREL.KG","","1587.2","1513.9","1598.1","1594.3","1602.6","1512.8","1514.9","1503.6","1502.3","1465.5","1463.6","1511.1","1534","1494.3","1396.4","1486.7","1511.7","1503","1554.4","1525.4","1456.5","1500","1523.8","1545.6","1453.2","1473.8","1580","1615.1","1459.4","1588.2","1701.5","1550","1588.5","1658.4","1557.7","1591","1562.4","1583.7","1599.1","1630.3","1541.5","1449.4","1538.1","1559.8","1569.9","1580","1667.1","1611.4","1589.1","1595","1596.1","1600.6","1600.4","1592.5","1591.7","1590.2","1587.6","1587","1587.5","1587.6","1587.6","1587.4","",
"United Kingdom","GBR","Cereal yield (kg per hectare)","AG.YLD.CREL.KG","","3176.5","3683.5","3484.3","3734.7","3750.1","3544.7","3828.7","3446.5","3670.8","3568.9","3926.2","4083.1","4077.7","4369.1","3812.4","3599.2","4513.3","4522.5","4497.2","4944.2","4933.1","5439","5377.5","6590.9","5592.1","6083.1","5506.1","5399.4","5866.7","6170.9","6466","6326.9","6428.6","6556.8","6872.6","7299.9","6695.8","6661.4","7043.3","7164.8","6291.1","7076.9","7032.8","7031.8","7196.5","7278.6","6632.3","7420.2","7029.6","6953","6984.7","6215.1","6631.6","7696.5","7980.9","7022.6","7229","6788.7","7946","6241","6966.8","7720.1","",
"Georgia","GEO","Cereal yield (kg per hectare)","AG.YLD.CREL.KG","","","","","","","","","","","","","","","","","","","","","","","","","","","","","","","","","1996.2","1768","2015.6","2150.9","2492.9","2203.5","1592.8","2110.2","1369","2012.2","1860.1","2136.9","2003.4","2011.6","1583.8","2114.5","2090.4","1907.8","1271.4","2201.3","2186.4","2200.6","2032.8","1959.4","2514.5","1976.2","2531.2","2536.5","2645.9","2748.8","2406.8","",
"Ghana","GHA","Cereal yield (kg per hectare)","AG.YLD.CREL.KG","","816.4","809.6","788.2","777.6","809.2","1088.7","916.1","859.3","824.8","858.2","860.7","867.1","863.7","957.1","834.3","816.7","832","837.2","844.2","717.8","860","764","517.4","840.1","890.7","984.8","938.6","1095.8","1012.9","989.2","1220.8","1042.1","1340.2","1327.5","1354.1","1389.2","1321.7","1333.8","1297","1309.2","1186.1","1349","1396.4","1373.3","1432.3","1334.5","1317","1598.1","1659.8","1814.3","1594.2","1768.1","1688.8","1703.4","1830.3","1842.4","1930.7","2172.6","2346.2","2410.8","2360.5","2503.9","",
"Gibraltar","GIB","Cereal yield (kg per hectare)","AG.YLD.CREL.KG","","","","","","","","","","","","","","","","","","","","","","","","","","","","","","","","","","","","","","","","","","","","","","","","","","","","","","","","","","","","","","","","",
"Guinea","GIN","Cereal yield (kg per hectare)","AG.YLD.CREL.KG","","1340","1368.7","1256.7","1363.8","1303.7","1392.6","1409.7","1411.5","1412.4","1407.9","1435.1","1442.1","1437.5","1436","1439.5","1454.7","1437.4","1408.9","1434.5","1432.5","1450.8","1440.3","1456.6","1473.9","1501.5","1517.2","1528.6","1536.9","1492.8","1455.1","1421.9","1392.6","1405.3","1422.3","1454.8","1458.9","1463.2","1468.2","1473.7","1492.1","1483","1487.2","1484.8","1491.3","1495.6","1502","1514","1464.7","1484.3","1184.7","1226","1152.2","1189.6","1123","1122.4","1155.5","1165.4","1186.7","1257.9","1323.7","1344.9","1380.4","",
"Gambia, The","GMB","Cereal yield (kg per hectare)","AG.YLD.CREL.KG","","1075.3","1080.5","1039","1087.7","1064","1011.1","960.3","1040.4","1016.4","1109.1","1112.4","1042.3","1056.1","1043","990.7","813.3","805.8","1093.6","1197","1325.1","1329.4","1230.9","1251.4","1434.5","1262.4","1276.2","1117.7","1196.6","1112.9","1003.9","1112.7","1238.1","1189.2","1163.5","1035.2","1104.3","940.6","1036.4","1303.7","1305.3","1292.5","966.5","1207.7","1179","1047.4","1033","805.3","983.5","1058.1","1136.4","879.6","920.5","969.6","753.4","800.2","743.9","634.2","536.8","461.4","656.3","1056.8","929.6","",
"Guinea-Bissau","GNB","Cereal yield (kg per hectare)","AG.YLD.CREL.KG","","814.4","787.1","792.1","620.8","760","778.9","844.3","901.3","688.4","797.1","665.4","726.6","664.5","618.3","758.2","785.7","701.5","623.9","637.8","699.2","795.2","687.3","675.7","885.5","1244.1","1375.2","1530","1769.4","1520.7","1530.7","1614.5","1441.7","1431.6","1394.8","1402.2","1366.5","1110.3","1145","1038.2","1097","1004.9","1067.3","1075.9","1164","1325.6","1412.6","1346.1","1490.3","1632.2","1723.8","1588.7","1512.1","1397.7","1394.8","1402.1","1414.4","1385.9","1397.3","1287.3","1343.2","1352.7","1455.9","",
"Equatorial Guinea","GNQ","Cereal yield (kg per hectare)","AG.YLD.CREL.KG","","","","","","","","","","","","","","","","","","","","","","","","","","","","","","","","","","","","","","","","","","","","","","","","","","","","","","","","","","","","","","","","",
"Greece","GRC","Cereal yield (kg per hectare)","AG.YLD.CREL.KG","","1265.6","1380","1291","1627.5","1652.6","1823.8","1950.1","1521.6","1717","2113.1","2142.5","2189.9","2201.9","2440.2","2424.5","2608.1","2061.6","2798.1","2635.8","3321.9","3312.5","3455","2929.5","3596.1","3015.6","3602.8","3714.5","3862.7","4022","3035.8","4124","3606.8","3553.2","3886.8","3751","3710.3","3799","3581.1","3648.8","3868.8","3847.6","3747.2","3693.6","4017.4","4049.8","3918.9","3929.9","4515.8","4266.2","4064.9","4344.1","4206.7","4393.3","4286.5","4214.9","4223.5","4317.2","3799.6","4043.5","4197.1","4194.7","4142.6","",
"Grenada","GRD","Cereal yield (kg per hectare)","AG.YLD.CREL.KG","","873","873","873","873","873","871","871","871","883.3","883.3","877.2","865.4","855.6","769","878","911.1","906.3","908.2","907.6","894","1044.4","900","949.3","949.3","951.2","980","1000","1008","1003.9","992.3","1113.2","1021.2","989.7","991.4","983.3","1000","1000","1004.6","1004.3","1002.8","1001.8","997.1","999.6","1000.6","984.4","1000","1000","1005.6","1007.1","1008.4","1009","1028.6","1000","993.3","1002.1","998.3","997.2","996.5","996","995.5","994.8","994.1","",
"Greenland","GRL","Cereal yield (kg per hectare)","AG.YLD.CREL.KG","","","","","","","","","","","","","","","","","","","","","","","","","","","","","","","","","","","","","","","","","","","","","","","","","","","","","","","","","","","","","","","","",
"Guatemala","GTM","Cereal yield (kg per hectare)","AG.YLD.CREL.KG","","822.1","871.5","856.3","912.5","960.5","901.6","875.7","1010.5","1046.9","1175.5","1142.3","1210.9","1631.6","1421.8","1639.8","1330.3","1323.3","1514.3","1760.4","1448.8","1524.1","1707.8","1874.3","1613.1","1659.6","1779.4","1608.8","1885.2","2042","1997.6","1810","1839.6","1813.6","1894.5","1912","1785.7","1491.9","1682.2","1741.2","1776.4","2038.8","2017.2","2053.7","2117.1","2311.9","2514.1","2305.8","2010.6","1983.3","1996.6","2000.4","2036.7","2082.4","2092.4","2115.7","2152.3","2153.3","2153.3","2163.6","2186.4","2194.1","2207.9","",
"Guam","GUM","Cereal yield (kg per hectare)","AG.YLD.CREL.KG","","","","","","","","","","","","","","","","","","","","","","","","","","","","","","","","","","","","","","","","","","","","","","","","","","","","","","","","","","","","","","","","",
"Guyana","GUY","Cereal yield (kg per hectare)","AG.YLD.CREL.KG","","2013.8","2217.1","2017.9","2010.6","2052.9","2030.8","1898.5","1531.3","1688.9","1887.2","1821","1971.2","1821.1","2421.4","2173.2","1760.5","2577.5","2633","2651.9","2953.3","3116.3","3060.8","3221.5","3078.7","3261.5","3247.1","3189.2","3006.5","3320.7","2980.4","3285.6","3438.1","3258.4","3664.2","3899.1","3958.1","3964","4003.3","3791.2","3799.2","3947.9","4084","4155.5","4216.6","3861.4","4523","4222.2","4161.5","4345.5","4165.4","4343.9","4465.4","4936.7","5210.7","5476.9","5395.5","5523.4","5696.2","5831","5633.5","5442.6","5940.7","",
"High income","HIC","Cereal yield (kg per hectare)","AG.YLD.CREL.KG","","2125.95583911809","2303.36952636613","2383.96523147042","2323.79867253852","2517.75356260395","2556.52911136954","2640.95433559363","2700.74887175694","2818.54689029464","2719.64711589083","3090.16767307278","3137.40070595219","3109.15059427345","2889.29340502339","3055.84678180231","3073.28614929098","3182.73712491284","3495.75731325897","3529.13082245554","3295.86839302354","3506.44553110765","3638.18576360509","3227.48673221175","3826.73963993594","3922.84596672357","3912.72172948427","3889.20449920965","3525.46170015345","3897.43008805296","4089.88365966687","4050.64374466835","4206.27257383645","3850.11906406581","4414.60458544979","4037.40134419441","4396.24640636419","4429.01319574319","4602.62233765681","4634.39650352234","4624.61337754464","4578.12391289673","4536.47471713352","4448.50477613512","5266.97528138398","4893.04620157516","4833.44252051159","4895.49536387475","5102.7289017489","5279.80880627343","5216.15284616798","5277.58898369551","4858.83453875909","5582.40513820206","5851.6084683931","5675.09969194841","6153.82051675124","6079.17427730727","5881.63754695364","5929.8458321462","5926.26882891786","5978.12301115217","5874.42863056616","",
"Hong Kong SAR, China","HKG","Cereal yield (kg per hectare)","AG.YLD.CREL.KG","","2016.8","1720.1","1840.8","1396.2","2436.2","1756.3","1933.1","1778.7","2365.4","2366.9","2288.8","2056.8","2226.5","1615.9","1792.4","1886.3","1882.7","1881.7","1515.2","2121.2","1500","1538.5","1333.3","2181.8","2500","2200","1250","3000","3000","2000","","","","","","","1922.6","1924.5","1929.2","1923.3","1905.8","1989.9","1989.8","1989.8","1989.9","","1985.4","1975.2","2000.4","2000.4","2000.4","2000.4","2000.4","2030.6","2079.4","2095.7","2101.1","2109","2129.2","2059.9","2069.7","2079.6","",
"Honduras","HND","Cereal yield (kg per hectare)","AG.YLD.CREL.KG","","1051.2","1077.6","1102.4","1129.2","1156.9","1211.6","1209.4","1209.3","1209.1","1209.2","1209.5","1210","1140.2","1215.3","1093.4","1000.7","924.8","952.2","1000.2","1131.7","1377","1282.3","1442.3","1343.8","1433","1363","1563.2","1289.4","1424.6","1468.5","1316.9","1328.5","1328.6","1310.8","1540.4","1579","1570","1089.9","1170.2","1368.1","1447.1","1341.8","1533.4","1388.1","1506.5","1522.3","1682.7","1680.5","1727.2","1660.3","1711.5","1646.9","1667.9","1854.7","1821.3","1890.9","1865.7","1847","1856.1","1866.6","1870.7","1875.6","",
"Heavily indebted poor countries (HIPC)","HPC","Cereal yield (kg per hectare)","AG.YLD.CREL.KG","","799.371324466535","797.814421605172","793.637312947948","817.083791402056","797.71815194591","801.180995516674","849.09578147315","821.93629463481","857.006047684431","819.861759087113","832.13789501877","820.740761522593","844.467025467941","869.754684786683","912.550863430825","928.828078819516","889.399834916612","907.762989442136","919.227513573811","930.883344022832","949.097546484845","907.538916646501","920.099741978661","875.020508236463","917.744797413664","918.063276106923","920.407929441246","955.63857943671","933.223454317265","904.809186640041","942.821702741346","843.955195997037","943.55788425136","829.255380417081","912.453376416841","989.377575181688","912.929757653428","961.610500643253","1002.12329319573","958.779760588476","1008.12790707627","1024.31445634805","1004.95706997691","1047.44936358928","1025.87918681583","1130.58261138233","1149.50914620639","1130.6607834693","1238.98565160005","1274.25686634272","1223.92211038618","1366.9623227264","1306.04922084503","1360.71770268636","1419.33082395861","1360.01305294269","1415.72673183407","1455.44666511154","1502.34310859617","1533.44564415971","1543.14414964113","1528.73019475148","",
"Croatia","HRV","Cereal yield (kg per hectare)","AG.YLD.CREL.KG","","","","","","","","","","","","","","","","","","","","","","","","","","","","","","","","","3972.1","4255.7","4136.9","4365.7","4507.8","5007.9","4669","4604.2","4114.8","4840.3","5316.2","3601","5408.9","5592.8","5420.2","4558.1","6639.1","6109.8","5456","5220","4573.6","5444.9","6027.7","5695","6665.5","5704.8","7055.6","7157.3","6992.4","7012.9","5823.1","",
"Haiti","HTI","Cereal yield (kg per hectare)","AG.YLD.CREL.KG","","1031","1043","1055.2","1056.6","1071.7","1075.8","1091.9","1049.7","1112.5","1097.3","1117","1148.7","1066.4","1175.4","1117.7","1238.9","918.8","803.9","964.6","1016.2","1046.7","1039.6","1044.3","1041.1","1009.7","991.2","969.7","957.7","972.3","1026.7","987.7","976.1","949.2","923.9","925.8","974","1004.1","913.6","969.4","931.8","826.5","920.4","920.8","933.8","956.8","962.9","959.8","961.1","994.6","977.4","982.2","1077","1059.9","895","978.1","1012.3","894.6","709.9","1599.3","927.7","1054.8","1055.4","",
"Hungary","HUN","Cereal yield (kg per hectare)","AG.YLD.CREL.KG","","1857.5","2042.3","2041.6","2111.7","2320.6","2401.7","2491.5","2576.3","2986","2538.2","3132","3339.8","3593.6","3825.8","3902.7","3686.2","4106.5","4460.4","4131.9","4806.1","4619.6","5177.9","4734.3","5401.2","5158.8","4960.8","4980.3","5224.6","5472.8","4520.8","5486.2","3646","3085.3","3968.8","4064.1","3999.6","4785.7","4554.2","4706.2","3632.7","4884.9","3963.2","3038.9","5589.9","5526.6","5097.3","3492","5800.2","4715.2","4719","5105.1","3761.1","4831.5","5897","5243.4","6486.6","5835.5","6286.2","6365.8","6659.1","5920","4032.1","",
"IBRD only","IBD","Cereal yield (kg per hectare)","AG.YLD.CREL.KG","","1153.71657996144","1217.08332634927","1288.93992311755","1329.81455444195","1335.19869157179","1389.07541712215","1467.48194117939","1461.40198336081","1477.9399482872","1591.5853243703","1654.54656759765","1627.07835314203","1680.03666474368","1728.04458815742","1810.79189295276","1837.84416292211","1847.93141798688","1976.87482852581","1993.14519442404","2030.60103626218","2117.28499285315","2240.03763947842","2333.65035241084","2457.50898127045","2420.86078030055","2459.81726368033","2484.36832885855","2550.9915899145","2633.20632295517","2737.28560617052","2762.58998624904","2576.74771645109","2644.84805002021","2617.0022457671","2671.73343135969","2774.34811680877","2876.34932317568","2908.30754210006","2956.21152996984","2856.72984770824","3007.6122965932","2991.33941722478","3022.72113502447","3154.30699163749","3164.73870625024","3229.53639389864","3274.86735690641","3499.56338576087","3426.42605663525","3507.90549491993","3683.7403444985","3689.28094138113","3841.94589557667","3891.9581411488","3934.15421569856","3991.00067403946","4137.05314436045","4137.04394571675","4237.77122561386","4192.45067708635","4263.78590396741","4350.28831737949","",
"IDA & IBRD total","IBT","Cereal yield (kg per hectare)","AG.YLD.CREL.KG","","1120.81110861787","1169.92842814565","1232.712334238","1266.15851853951","1263.63586953319","1302.22331823141","1378.4492078998","1380.99495710101","1389.5616884831","1479.14773391814","1531.94116829837","1516.47042297821","1557.70053322589","1612.66183415679","1690.45395207275","1706.41356767314","1720.98050662707","1830.54160375634","1849.35765592135","1893.70858258132","1979.66853622488","2068.37126561182","2148.2020868682","2228.88852595952","2196.87946131859","2223.88358428537","2236.4518739503","2289.65556441892","2345.70020855268","2426.4483261832","2436.27357355623","2335.26363507773","2402.71347515889","2343.61560472234","2402.41760991444","2494.15283210941","2556.4814057497","2587.32953645869","2643.70748184264","2580.22100833211","2698.52645516701","2683.87221667594","2685.3844265303","2821.43957938578","2801.29971467168","2878.90053363822","2924.63950702376","3083.8596206944","3066.60022901423","3098.00432488236","3234.88009975787","3262.21977837254","3355.86744133918","3397.98460857652","3470.26575121982","3468.95574821279","3604.5780966845","3600.45024760042","3700.5770761392","3672.84440446962","3724.44545970353","3783.58424164548","",
"IDA total","IDA","Cereal yield (kg per hectare)","AG.YLD.CREL.KG","","987.47740447003","984.239428696831","1011.83579701632","1015.53617703393","989.509670844106","950.240364822203","1032.5798847102","1059.60666401292","1059.41805252729","1054.22457081873","1049.60156217313","1065.42746459097","1070.78211251459","1151.57096655653","1195.64301311424","1175.64609753784","1203.23951080588","1228.15647172746","1245.34729018813","1342.23682791023","1414.26958670312","1377.3624658683","1399.16733874784","1324.83769664843","1372.17089804678","1389.25958734011","1350.76339202644","1406.23160337172","1389.19540852395","1387.21246041577","1379.82146010265","1374.90473815345","1454.53293027347","1360.30810681088","1447.06187223223","1500.94718623026","1438.2037509495","1517.60975983058","1598.14293660235","1637.79046609803","1650.73492222339","1674.60617045602","1669.60466752824","1737.63780881991","1732.39116188152","1839.37099146775","1878.50983781573","1871.91825773948","1983.48602031472","1965.69139303041","1942.76994436639","2022.02238780518","1981.25980294765","2033.10628168543","2108.80169520498","2042.7745985386","2105.9469344823","2134.19151122152","2199.35615295593","2226.10365321366","2231.86105290083","2213.95158780215","",
"IDA blend","IDB","Cereal yield (kg per hectare)","AG.YLD.CREL.KG","","826.17987796026","841.494333475313","839.591596356114","817.502833139737","802.63538558992","759.61848414197","851.533763860848","917.928990826878","891.686478759802","962.611734131576","974.113256133925","1041.88847975432","968.607726748387","1177.12133399152","1212.02910608324","1144.03562169958","1269.66948264065","1237.06943013675","1312.3443025817","1345.93819619755","1625.94843086201","1572.53405256248","1507.28080090624","1363.96020068951","1474.89769796868","1512.33152160109","1371.8017829451","1505.68182273254","1494.81524392924","1431.91077927873","1393.75686204689","1442.53934617585","1480.24079817266","1426.62251586758","1516.01016086608","1551.00255268136","1525.03551367449","1622.65045174265","1649.55915598812","1680.9339565453","1692.47104572856","1699.20330232831","1762.64899177387","1841.83595405475","1897.65635042268","1923.99418269918","1947.99881844097","1978.44204416832","2089.77672433069","2021.86242678688","2041.9099735275","2054.59757159204","2048.27835740857","2189.51062583769","2179.18098886554","2231.07651160117","2238.54421455979","2271.75101895001","2306.27085695678","2348.76218685014","2398.13545658275","2370.9437785413","",
"Indonesia","IDN","Cereal yield (kg per hectare)","AG.YLD.CREL.KG","","1541.7","1553.5","1501.9","1512.8","1559.8","1514.3","1549.3","1808.5","1944.1","2000.8","2081.7","2152.4","2127.2","2280.3","2307.3","2472.6","2424.5","2493","2622.4","2865.7","3022.1","3332.1","3320.3","3379.4","3513.3","3476.2","3604.7","3568.3","3778.6","3800.2","3862.1","3817.1","3916.3","3865.5","3842.8","3944.9","4011.4","3816.9","3895.7","4026.4","4044.9","4169.5","4248.1","4274.5","4311.3","4365.8","4413.9","4703","4808.7","4872.4","4891.3","5086.8","5087","5099.1","5313.8","5158.7","5122.3","5244","5196.7","5248.6","5331","5393.5","",
"IDA only","IDX","Cereal yield (kg per hectare)","AG.YLD.CREL.KG","","1054.68399873964","1042.79140970868","1081.66605599381","1098.22131699071","1071.86980586601","1027.13627128191","1105.8590687416","1120.90502171571","1140.93525943752","1094.35235908638","1082.1641002867","1074.42608001162","1117.20501068089","1141.00845569022","1189.46225781557","1188.24950274574","1179.3532704023","1225.06679273237","1221.88038176516","1340.91508303947","1347.60287808936","1312.88538276481","1362.13444010224","1310.37227780868","1334.55179190668","1338.2001058384","1341.59335629634","1367.11112836683","1345.01314968439","1367.51798405783","1373.54101662853","1345.30866540017","1442.52307722189","1330.56454360005","1415.46383480928","1478.63629236374","1399.44306663886","1471.62109023983","1575.56040606225","1618.41305431613","1634.07488780192","1664.58220108579","1633.52527561657","1693.28220086486","1668.87968516587","1804.44541894784","1850.27984107182","1831.23828940195","1947.30738241747","1946.53776907234","1909.46624069055","2011.05392464164","1959.34445866478","1980.85392262366","2084.06485319544","1978.91430847495","2059.43536524867","2087.68937810937","2162.9923346121","2184.81733934086","2174.74025408939","2160.88722279135","",
"Isle of Man","IMN","Cereal yield (kg per hectare)","AG.YLD.CREL.KG","","","","","","","","","","","","","","","","","","","","","","","","","","","","","","","","","","","","","","","","","","","","","","","","","","","","","","","","","","","","","","","","",
"India","IND","Cereal yield (kg per hectare)","AG.YLD.CREL.KG","","947.3","929.7","965.8","993.6","854.4","864.2","993.7","1036.6","1053.7","1134.8","1136.1","1107.8","1152.8","1074.5","1260.8","1198.7","1331.1","1370.2","1222.3","1350","1398.8","1346.4","1564.4","1563.8","1592.2","1585.4","1583.7","1775.8","1916.4","1891.2","1926.3","2024.8","2084.9","2115.5","2111.7","2181","2228.6","2248.4","2313.7","2294.2","2423.1","2187.3","2399.4","2350","2411.6","2446.5","2583.3","2637.9","2580.8","2676.4","2860.7","2963.5","2977.5","2966.4","2854","2995.1","3127.7","3278.1","3416.1","3383.4","3497.9","3566.6","",
"Not classified","INX","Cereal yield (kg per hectare)","AG.YLD.CREL.KG","","","","","","","","","","","","","","","","","","","","","","","","","","","","","","","","","","","","","","","","","","","","","","","","","","","","","","","","","","","","","","","","",
"Ireland","IRL","Cereal yield (kg per hectare)","AG.YLD.CREL.KG","","3141.5","3330.8","3125.6","2929.2","3111.2","3270","3563.8","4002.5","3920.2","3633.8","4090.2","3846.7","3690","4140.7","4070.2","3581.5","4920.8","4558.6","4778.7","4650.5","4771.1","5279.3","5035.9","6179.4","5238.2","5363","6286.3","6411","5996.3","6577.4","6521","6741.2","5728.1","5988.3","6578.7","7322","6297.1","6236.6","6985.7","7795.7","7580.9","6567.1","7100.7","8077.9","6904.7","7465.2","7188.8","7644.9","6887.1","7456.3","8441.5","6741.2","7802.1","8471.4","9008.2","8222.8","8783.6","6839.5","8505.2","7124.8","8606.5","8701.5","",
"Iran, Islamic Rep.","IRN","Cereal yield (kg per hectare)","AG.YLD.CREL.KG","","849.9","883.6","857.4","850.2","882.1","883.6","879.8","875.1","884.2","884.7","821.9","917.9","924.8","908","1052.9","1220.4","1143.4","1200.6","1234.9","1066.9","1020.9","1196.8","1092.8","1201.3","1223.3","1357","1302.7","1287.1","1140.3","1445.3","1611.5","1706.6","1773.4","1817.4","1909.1","1849.2","1857.3","2160.8","2049.7","1835.1","1932.6","2272.9","2383.4","2417.1","2301.2","2391.8","2454.3","1720.9","1997.2","2173.5","1713.7","1745.4","1847.1","2051.5","2231","2653.3","2058.3","2053.8","1981.7","1653","1635.2","1827","",
"Iraq","IRQ","Cereal yield (kg per hectare)","AG.YLD.CREL.KG","","905.8","951.4","787.8","747.8","808.9","780.2","830","1196.1","1142.8","1012.2","1078","1443.1","941.7","893","679.4","974.3","962.3","772.7","767.6","825.9","902.2","876.9","734.9","1015.9","985.1","821.2","891.7","1052.2","920.9","1061","799.6","755","706.1","792.5","801.2","899.7","799.9","864.8","590","363.2","692.7","1306.4","1209.8","1191.6","948.1","1329.2","1264.8","1403.5","1774.5","1697.1","1798.5","2318.9","2214.8","2048.1","2693.5","3075.3","2747.8","2675.8","2586.4","2582.3","2729.6","2902.1","",
"Iceland","ISL","Cereal yield (kg per hectare)","AG.YLD.CREL.KG","","","","","","","","","","","","","","","","","","","","","","","","","","","","","","","","","","","","","","","","","","","","","","","","","","","","","","","","3186.8","3212.6","3523.8","2600","3590.9","4858","3120.8","2966.7","",
"Israel","ISR","Cereal yield (kg per hectare)","AG.YLD.CREL.KG","","1108","1160.1","1056.5","2044.4","1852.8","1052.7","2060.8","1481.3","1348.4","1186.3","1791.6","2642.5","2278","2353.8","2179.7","1790.8","1911.2","1530","1249.7","2316.6","1954.7","1669.5","3261.2","1638.9","2240.5","2460","3566.7","2846.6","2776.5","3486","2644.1","3266.9","3014.9","1885.6","3133.7","2797","1969.2","2470.1","1668.4","2443.3","2454.8","2689.5","3306.5","3066.7","2951.9","2398.5","2752.1","2438.8","3174.1","3037.6","3669.3","4299.5","4177.1","4910.1","4978.9","4834.9","3196.9","2461.7","3624.2","3834.1","3353.4","3201.2","",
"Italy","ITA","Cereal yield (kg per hectare)","AG.YLD.CREL.KG","","2181.5","2225.3","2115.2","2243","2399.3","2399.8","2628.8","2527.1","2676.1","2754.7","2963.1","2926.8","2983","3157","3302","3206","3198.7","3437.5","3435","3521.1","3686.7","3585","3526.6","3927.2","3739.3","3855.4","3920.1","3807","3702.7","3944.9","4366.3","4707.4","4850.9","4675.3","4667.4","4948.3","4747.6","5078.2","5047.4","4993.9","4821.4","4959.2","4307.2","5444.4","5361.4","5316.1","5174","5353","5086.9","5322.5","5677.2","5315.1","5264.6","5717.5","5402.2","5599","5174.8","5350.8","5336.2","5626.5","5562.8","4750","",
"Jamaica","JAM","Cereal yield (kg per hectare)","AG.YLD.CREL.KG","","868.3","1042.2","1105.7","1227.3","1244.8","1065.8","1221.2","932.9","1236.4","1368","1282.8","1106.2","1158","1552.6","1871.1","1844.4","2156.8","1699.7","1560.1","1785.2","1655.2","1569","1907.9","2041.5","1856.8","1359","1355.8","1603.1","1295.7","1115.7","1285.1","1493.5","1572.8","1405.8","1362.3","1374.5","1159.8","1149.6","1220.5","1146.8","1209.1","1179.8","1230.3","1185.4","1255.9","1228.9","1222.2","1294.2","1315.7","1266.9","1356.4","1282.8","1200.3","1138.7","1143.1","1090.1","1162.5","1148.5","1125.8","1114.3","1118","1163","",
"Jordan","JOR","Cereal yield (kg per hectare)","AG.YLD.CREL.KG","","550.7","381.7","353.5","1010.7","1024.6","446.3","758.8","395.9","910.4","226.5","657.3","864.2","425.2","915.4","363.7","422.9","432.6","369.1","151.3","932.7","477.8","478.6","829.2","538.1","615.2","617.7","918.6","1010.6","914.5","1220","937.7","1197.5","1370.4","1246.9","1186.4","1325.3","899.7","1038.3","1841.8","1205.8","1097.8","1145.1","1237.2","966.3","1087.7","748.6","710.4","698.4","858.9","1355.9","1555","1323.1","1446.9","1315.9","1115.3","1274.9","1309.6","1221.7","1354.3","1858.1","1532","1195.4","",
"Japan","JPN","Cereal yield (kg per hectare)","AG.YLD.CREL.KG","","4173.5","4339.6","4224","4318.4","4398.2","4509.3","5136.6","5227.3","5072.2","5125.4","4917","5507.2","5748.1","5630","5933.3","5276.2","5931.6","5897","5705.6","4843.2","5206.9","5308.4","5300.5","5957.7","5847.2","5898.9","5683.5","5469.2","5673.7","5846.3","5415.6","5876.7","4429.4","6448.7","6003.2","6154.5","6061.5","5809.5","5998.9","6256.6","6107","6085.5","5451","5942.3","6154","5852.4","6062.1","6262.4","5919.5","5853.7","6010.6","6248.5","6281.5","6325.1","6316.7","6253.4","6284.5","6404.7","6546.7","6472.9","6787.3","6273","",
"Kazakhstan","KAZ","Cereal yield (kg per hectare)","AG.YLD.CREL.KG","","","","","","","","","","","","","","","","","","","","","","","","","","","","","","","","","1338.4","988.5","839.3","580.7","722.5","876.1","561.1","1303.8","942.5","1216.6","1145.7","1077.5","884.3","998.2","1170.9","1326.9","1011.3","1253.1","804.1","1688.6","865","1164.9","1172.7","1278.1","1347.7","1355","1366","1155.2","1287.7","1048.8","1377.2","",
"Kenya","KEN","Cereal yield (kg per hectare)","AG.YLD.CREL.KG","","1244.7","1206.7","1249.7","1199.6","1143","1139.9","1235.3","1286.7","1303","1278.2","1270.2","1286.5","1306.3","1352.2","1396.8","1582.8","1550.8","1409.5","1282.7","1241.7","1561.6","1962.7","1675.9","1343.1","1633.8","1886.2","1568.5","1745.6","1723","1561.8","1712.4","1661.1","1461.2","1918.2","1753.1","1402.6","1397.2","1590","1427.7","1375","1639.6","1488.3","1594","1805.7","1646.1","1646.4","1773.1","1417.5","1242.8","1710.1","1514.6","1744.8","1661.5","1583.4","1772.7","1383.1","1426","1709.2","1608","1842.6","1487.7","1448.5","",
"Kyrgyz Republic","KGZ","Cereal yield (kg per hectare)","AG.YLD.CREL.KG","","","","","","","","","","","","","","","","","","","","","","","","","","","","","","","","","2782.6","2471.6","1813.2","1630.8","2158.2","2373","2493.5","2483.6","2669.3","2866.9","2665.4","2774.2","2876.5","2677.9","2550.6","2512.9","2380.2","3034.2","2610.5","2603.1","2367.1","2904","2276.3","2999","3104.2","3093.4","3162.2","3233.9","3260.4","2334.9","3249.4","",
"Cambodia","KHM","Cereal yield (kg per hectare)","AG.YLD.CREL.KG","","1126.5","917.8","1194.7","1183.7","1063.9","1106.1","1219.9","1397.2","1280.7","1589.8","1445.5","1378.9","1285.1","1146.3","1199","1113.7","1016.9","1014.1","716.1","1179.8","1123.4","1193.3","1253.5","1281.1","1239.3","1371.7","1314.2","1355.2","1427.2","1362.1","1390.6","1315.9","1301.2","1481.1","1778.9","1800.9","1761.4","1777","1933.5","2133.6","2092.6","1922","2160.6","2024.8","2508.7","2533.1","2677.3","2804.8","2938.6","3015.7","3021.5","3177.8","3213.4","3095.7","3088.8","3266.5","3438.6","3507.8","3415.2","3426.5","3565.6","3654","",
"Kiribati","KIR","Cereal yield (kg per hectare)","AG.YLD.CREL.KG","","","","","","","","","","","","","","","","","","","","","","","","","","","","","","","","","","","","","","","","","","","","","","","","","","","","","","","","","","","","","","","","",
"St. Kitts and Nevis","KNA","Cereal yield (kg per hectare)","AG.YLD.CREL.KG","","","","","","","","","","","","","","","","","","","","","","","","","","","","","","","","","","","","","","","","","","","","","","","","","","","","","","","","","","","","","","","","",
"Korea, Rep.","KOR","Cereal yield (kg per hectare)","AG.YLD.CREL.KG","","3197.2","2794.1","2928","3248.8","3036.7","3537","3265.4","3190.6","3764.8","3720","3871.7","3885","4056.9","4077.1","4407.1","4859.6","5239.7","5667.6","5727.9","4055.9","5173.4","5416.6","5529.1","5715.7","5798.5","5876.2","5585","6142","6086","5853","5639","5937.6","5322.1","5872.1","5765.3","6403.1","6602.9","6030.7","6314.1","6379.5","6465.6","6017.1","5786.9","6427","6302.3","6299.9","6035.3","6630","6745.3","6202.2","6292.7","6135.8","6479.2","6618","6814.9","6792.7","6678.5","6607.2","6538.2","6211.9","6826.1","6603.1","",
"Kuwait","KWT","Cereal yield (kg per hectare)","AG.YLD.CREL.KG","","","","","","","","","1500","1666.7","2000","2000","2000","2666.7","2250","2000","2133.3","2076.9","2977.3","3125","3188.4","3059.3","3060.6","3046.9","3019.5","5260.6","5672.1","5552.8","5274.7","3577.4","3652.7","2930.3","5939.1","4602.3","9148.1","6738.8","6496.2","6118.4","4922.3","4470","5611.2","5844","7329.6","10253.4","6188.9","6423.2","8717.7","10498.9","9235.8","7977.4","10805.8","14171.5","13782.5","17975.1","21865.5","6542.5","5220.5","5656.2","10483.2","17625.4","15627.2","14434.6","13526.4","",
"Latin America & Caribbean (excluding high income)","LAC","Cereal yield (kg per hectare)","AG.YLD.CREL.KG","","1278.72123876592","1344.5803536941","1314.46518333256","1389.5189373929","1364.85094068814","1363.66960703167","1432.09223774311","1345.35992414322","1418.53031379657","1535.39853178708","1495.60482118099","1442.78493489122","1619.91391433336","1665.27523862603","1632.93516170572","1644.17426781691","1690.52849324043","1714.29331427403","1718.7831858456","1793.96918181057","1998.86345129762","1985.25135350011","1982.80248687395","2089.96149623612","2133.1404345095","2018.5683024015","2081.00592211175","2065.12231535072","2069.41645108217","2055.18139326115","2102.77642666853","2387.66971057059","2494.68054224705","2390.05419998082","2524.89252158027","2467.78851343214","2619.16317630596","2803.98474695858","2771.67426537365","2811.15794736342","3008.22250078442","2897.10967670156","3154.0290793229","3135.38277830705","3152.19003928627","3210.49452010118","3507.90660366428","3630.66848533469","3299.99817262933","3823.52544336703","3771.96547157586","3942.15260823463","4140.16095832895","4146.56449431345","4341.77917937107","4154.52125092719","4676.02432192838","4331.66365030649","4843.94553625362","4707.79024900249","4414.61103346155","4589.54562760032","",
"Lao PDR","LAO","Cereal yield (kg per hectare)","AG.YLD.CREL.KG","","884.1","877.1","877","812.5","819.5","820.8","855.2","1188.1","1357.6","1365.7","1229.9","1240.6","1338.7","1327.9","1343.8","1248.6","1242.3","1241.7","1252.4","1422.3","1530.2","1466.8","1563.9","1982","2069.2","2221.2","2192.9","1873.7","2311.1","2268","2186.6","2611","2242.8","2555.2","2492.7","2523.3","2719.1","2687.6","2899.8","3017.7","3094.4","3244.5","3116.7","3261.4","3577.2","3634.4","3837.3","4015.5","4170.1","3831.5","4043.3","4081.7","4195.6","4507.8","4608.2","4626.7","4497.7","4504.2","4317.6","3993","4158.2","4454.2","",
"Lebanon","LBN","Cereal yield (kg per hectare)","AG.YLD.CREL.KG","","1067.5","1163.1","1161.9","956","829.8","1067.2","1072.4","746.6","801","932.8","871.5","1222.1","1073.6","1416.5","1253","967","1123.1","1023.5","913.5","1168.9","1261.5","1252.9","1128.4","1192.5","1338.9","1501.5","1824.6","1838.9","1960.8","1878.3","2024.9","2099.9","2154.6","2067.9","2568.9","2449.7","1639.1","1943.3","1738.3","2414.9","2911.7","2467.5","2372","2727.6","2703.1","2684.8","2189.7","2687.7","2618.9","2624.9","2763.2","2889.3","2981.4","3386","3268.6","3155.5","2898.5","2970.1","2940.6","3100","2178.2","2415.3","",
"Liberia","LBR","Cereal yield (kg per hectare)","AG.YLD.CREL.KG","","575","571.4","523","509.8","525.3","1060.2","1059.7","1085.7","1108.8","1233.8","1234.6","1235.3","1236.3","1233.8","1199","1225","1242.7","1257.7","1238.8","1233.5","1281","1352.4","1230.3","1286.7","1252.5","1235.5","1262.3","1276.6","1166.1","1028.6","909.1","916.7","1083.3","1111.1","1124","1249.3","1245.6","1293.4","1277.2","1278","1115.4","916.7","833.3","916.7","1290","1261.5","1448.8","1553.4","1183.5","1178.6","1173.1","1285.3","1250.1","1172","1129.1","1073.2","1059.5","1083.6","1128.2","1148.1","1051.9","1120.6","",
"Libya","LBY","Cereal yield (kg per hectare)","AG.YLD.CREL.KG","","214.7","221","255.3","235","341.9","319.9","292.4","242.3","326","219.6","229.8","581.1","627.1","398","472.4","463","286.8","435.4","351.7","386.9","550.2","769.6","756.9","579.9","595","672.1","620.8","659.9","665.7","674.5","701","702.1","696.5","676.2","679.1","678","836.9","705.7","652.1","637.7","619.4","632.3","620","620","622.8","622.6","623","621.7","634.1","669.9","664.5","681.4","663.8","666.8","665.3","669.9","676","680.5","668.8","668.7","669.4","669.9","",
"St. Lucia","LCA","Cereal yield (kg per hectare)","AG.YLD.CREL.KG","","1250","1250","1250","1500","1250","1500","1500","961.5","892.9","840","714.3","750","632.7","700","700","700","700","700","700","","","","","","","","","","","","","","","","","","","","","","","","","","","","","","","","","","","","","","","","","","","","",
"Latin America & Caribbean","LCN","Cereal yield (kg per hectare)","AG.YLD.CREL.KG","","1271.92921482157","1334.1793412716","1308.55982602927","1387.82550584829","1361.99900607109","1366.01952056329","1429.09623942446","1347.17697731887","1412.76312415759","1533.12723818617","1494.77426071715","1445.28930083403","1611.35255929036","1662.05102990554","1627.23031364781","1632.07008709032","1695.08727603872","1713.53770989784","1729.04431123546","1800.22539291331","1997.18310169948","1988.82449679063","1984.85080076741","2097.18337809152","2140.78014409841","2036.93863962721","2098.61647107709","2094.07452290186","2111.22367119796","2091.41449050075","2143.46126994427","2420.07255464312","2525.0806383229","2431.45320835462","2566.42726122747","2513.9048226223","2659.91655308205","2847.0293671839","2810.0091526102","2849.63525889352","3042.47591519069","2940.03907081954","3189.73150358219","3188.40844144927","3206.25424122902","3265.46821060572","3540.60588663412","3656.84683596861","3334.03301554541","3853.31612171576","3809.49879660726","3963.33854458769","4159.76791738345","4169.47538170421","4353.65709313673","4183.99233909074","4680.83689906231","4339.24445774563","4851.8945259423","4714.57893880141","4433.53355648433","4586.63397421245","",
"Least developed countries: UN classification","LDC","Cereal yield (kg per hectare)","AG.YLD.CREL.KG","","1072.02039835231","1036.08950995323","1086.79169789569","1105.62840158432","1074.36263982238","1023.95466359639","1103.46856012363","1120.75314671098","1140.17877306877","1117.10127002577","1087.11505038684","1057.50270950525","1146.67990865335","1133.64860934555","1207.61714496741","1197.92338788355","1197.55280542886","1230.49717023121","1236.35584774785","1325.13474699007","1329.92970323089","1318.31361265016","1366.3751546211","1322.03244046323","1327.26640427869","1318.22206605727","1344.19812913693","1329.5158569884","1388.89724497741","1380.07332822368","1372.90162548697","1318.82648765895","1394.63242894599","1284.84501371494","1371.56666513949","1433.30208216085","1367.34011389648","1430.39241045909","1561.86220253707","1601.12978248389","1595.25540768617","1612.89959667527","1577.05945806919","1644.06595042726","1621.05551113369","1752.31043479586","1815.73290661114","1821.77455728917","1900.92774374943","1910.83243555673","1868.04600449053","1985.44328582474","1913.91176902395","1956.48720149166","2030.12951612206","1933.07580315998","2018.6323185833","2049.67925265392","2084.18132650874","2116.70721523591","2138.3651453543","2123.72901282904","",
"Low income","LIC","Cereal yield (kg per hectare)","AG.YLD.CREL.KG","","858.524355026799","894.116549056744","883.02687198351","912.33787145636","880.111877646027","873.766673282148","931.204274931748","910.025878777588","962.624424873184","891.96055739555","910.894947745463","939.742067763475","906.086190413348","974.993168289774","983.874432641914","1029.89431353166","968.741985699919","1011.41577419954","1013.06267880251","1082.55652962039","1083.020091245","955.445811053211","990.36101162866","900.275804405638","945.335018349355","987.317471084371","963.112165754077","1047.23353197281","897.837599325135","918.953676881657","1039.89929535109","973.374242007593","1077.94586346953","921.048261438967","907.733396984331","960.212266892661","884.709781742852","989.088698716982","958.862923088528","895.098642968657","989.417047307521","1009.64846748797","1037.26073331072","1032.38941282362","1023.08734530066","1142.67301219972","1129.36599643316","1067.6349918413","1232.28526350683","1204.45134650052","1188.53481237416","1356.50983991984","1271.82729671934","1296.38371224144","1372.64009259113","1283.72160041395","1342.19292475034","1340.07452193896","1447.29832060696","1461.80713492783","1419.94741417573","1443.20327195758","",
"Liechtenstein","LIE","Cereal yield (kg per hectare)","AG.YLD.CREL.KG","","","","","","","","","","","","","","","","","","","","","","","","","","","","","","","","","","","","","","","","","","","","","","","","","","","","","","","","","","","","","","","","",
"Sri Lanka","LKA","Cereal yield (kg per hectare)","AG.YLD.CREL.KG","","1765.4","1869.1","1848.4","1917","1681.6","1732.9","2038.5","2283.1","2426.8","2154.7","1939.2","1966.8","1843.5","1885.8","1752.8","1812.1","2022.8","2144.1","2337.7","2501.1","2547.9","2755.3","3065.6","2632.8","2960.6","2990.5","2997.4","2917.1","2880.8","2965","2925.8","2957.7","3024.2","2902","3052.6","3008.5","3143.2","3400.1","3192","3338.2","3424.9","3405.1","3282.6","3563.7","3467.2","3579.8","3727.9","3616.7","3790.6","3974.3","3520.8","3582.9","3833.5","3801.9","3946.6","3845.3","3054.6","3777.1","4737.4","4746.8","4557.2","3046.9","",
"Lower middle income","LMC","Cereal yield (kg per hectare)","AG.YLD.CREL.KG","","1012.07026773425","1031.63586128817","1064.36652883144","1068.33595435671","986.783991181954","960.237206253588","1070.50071843944","1118.08494368525","1118.1090374643","1182.77955843509","1185.64240214835","1174.06924047952","1194.72814082561","1189.08991260401","1319.64219555543","1286.77340589489","1356.15477352957","1395.92915860604","1328.94773919093","1431.15468008686","1483.33842818744","1504.86836034365","1607.85955891069","1598.29017531388","1649.14776534443","1661.95180511784","1619.68003139352","1771.16429840176","1856.05694252264","1860.72598533869","1885.05395559385","1982.94115628407","2065.60829920478","2062.19285582959","2071.37441155084","2115.87561295493","2152.02838256598","2166.41183173549","2253.3087788143","2266.72534245462","2397.71446101516","2331.44799268303","2403.55913499418","2447.13388989814","2476.92100246927","2523.6724994802","2577.91256519504","2707.92043486249","2700.15612970863","2716.52014871726","2856.14903148214","2869.00903195189","2953.29474722048","3001.15048442261","2956.79549129985","3028.8554530491","3046.70216264025","3191.09678103621","3258.84553224403","3191.46478281394","3366.51904789699","3297.38517167354","",
"Low & middle income","LMY","Cereal yield (kg per hectare)","AG.YLD.CREL.KG","","1101.58649046739","1159.74628037825","1221.46513050157","1256.73900933978","1242.9184541644","1280.94450767401","1359.27723904306","1359.84375453933","1370.0329474695","1469.8259711239","1507.87084310518","1483.75515557924","1529.98592537368","1584.42166394714","1671.06455269137","1675.4802180247","1695.77129458368","1804.81529787458","1832.79395540636","1874.79390174137","1967.83246012519","2044.4734150595","2131.6064902983","2205.09392575681","2175.16469207273","2200.08320588232","2215.78286005734","2268.25519740968","2322.01136368567","2405.34788471376","2419.20676030501","2340.6554479642","2401.6753436964","2335.17161840881","2377.12691451065","2479.68811240306","2530.91812488925","2571.69560109172","2626.73146744577","2581.05064880164","2681.95492630858","2670.22627544284","2679.01406226722","2787.73388649513","2780.53470490275","2873.49098051329","2923.37762554968","3072.12058871778","3054.75737695928","3080.16028651626","3217.40066251688","3259.14044335713","3338.31802481164","3373.3560222397","3459.49966241425","3449.52212964094","3576.64970421365","3575.04991755039","3678.16497067378","3654.15562471612","3692.04936171899","3766.193829645","",
"Lesotho","LSO","Cereal yield (kg per hectare)","AG.YLD.CREL.KG","","836.2","814.7","813.3","809.6","756.2","799.3","747","680.2","680.4","605.5","622.8","375.1","588","909.5","703.1","640.1","1507.7","1402.2","1139.5","959.8","830.9","664.4","679.8","648.9","720.6","679.4","601.8","831","919.4","1036.9","460.3","612.1","972.6","818.2","776.4","1183.6","1015.8","1353.3","943.3","718.8","995.5","736.3","609.1","595.4","686.8","490.8","414.4","374.5","402.2","909.1","664.3","655.6","769","683.2","661.5","471.4","990.2","715.9","704.7","436.7","972.4","728.8","",
"Late-demographic dividend","LTE","Cereal yield (kg per hectare)","AG.YLD.CREL.KG","","1300.70365109592","1405.36668834048","1519.64104588959","1589.99648354035","1700.2987389341","1771.04295640605","1824.39243118554","1839.64071746159","1813.0363827463","1967.92363268933","2036.45096598604","2000.96412583014","2116.58090043339","2206.66443246432","2227.77705016141","2292.95659471715","2215.36605181832","2418.08219686882","2545.38000950105","2541.51580116274","2624.61086003166","2877.51405834754","3054.27778628183","3230.55182867472","3150.09215671773","3186.90013242453","3215.02107809593","3240.66624445636","3324.69407272787","3496.86028478602","3503.76584538879","2860.94514773305","2905.48608248779","2884.76973727866","2998.57261736905","3164.52107876936","3258.72911600756","3343.74196402073","3414.58148072754","3179.57405180142","3391.43478539836","3400.28670688926","3407.01037087985","3581.72190157543","3551.73499411692","3659.33930542743","3688.91746392059","3901.8236345884","3858.40387789799","3970.36627173341","4131.14614065935","4104.0727450316","4287.86608352667","4361.6224024429","4439.34735121955","4438.2443886196","4634.42380460462","4575.71937307261","4682.1841519372","4666.99620766595","4638.34600998252","4780.10987358976","",
"Lithuania","LTU","Cereal yield (kg per hectare)","AG.YLD.CREL.KG","","","","","","","","","","","","","","","","","","","","","","","","","","","","","","","","","1933.2","2102","1753.4","1852.8","2417.2","2529.4","2448.4","2020.8","2707.5","2505","2765.9","3037","3254.9","2940.2","1929.4","3007.1","3348.2","3449.6","2763.5","3029.9","4015.3","3687.8","3975.2","4564.6","3859.8","4230.2","3094.1","3801.6","4734.2","3937.2","4210.2","",
"Luxembourg","LUX","Cereal yield (kg per hectare)","AG.YLD.CREL.KG","","","","","","","","","","","","","","","","","","","","","","","","","","","","","","","","","","","","","","","","","5328.8","5142.3","5748","5678","6396.6","5634.8","5596.8","5202.9","6106.4","6202.1","5593.3","5193.2","5522.7","5967.4","5935.5","6027.1","4999.6","5339.5","5993.5","5972.6","5736.8","5593.3","6154.3","",
"Latvia","LVA","Cereal yield (kg per hectare)","AG.YLD.CREL.KG","","","","","","","","","","","","","","","","","","","","","","","","","","","","","","","","","1641.2","1774.4","1842.7","1687","2153.3","2144.2","2057.7","1885","2199","2091.5","2478.3","2176","2426.2","2802.9","2264","2941.6","3104.4","3075.3","2775.5","2738","3767.5","3373.8","3486.5","4513.1","3828.4","4250.2","3026.3","4310.1","4662.8","3900.2","4186","",
"Macao SAR, China","MAC","Cereal yield (kg per hectare)","AG.YLD.CREL.KG","","","","","","","","","","","","","","","","","","","","","","","","","","","","","","","","","","","","","","","","","","","","","","","","","","","","","","","","","","","","","","","","",
"St. Martin (French part)","MAF","Cereal yield (kg per hectare)","AG.YLD.CREL.KG","","","","","","","","","","","","","","","","","","","","","","","","","","","","","","","","","","","","","","","","","","","","","","","","","","","","","","","","","","","","","","","","",
"Morocco","MAR","Cereal yield (kg per hectare)","AG.YLD.CREL.KG","","407.6","1068.9","891.3","864.1","881.3","468.5","728.1","1348.1","880.9","942","1142.6","1120.8","686.4","1051.9","887.8","1187.3","581.9","999.3","928","1019.5","485.2","1146.8","760","837.5","1108.5","1509.7","853.7","1495.4","1342.9","1120","1575.9","587.7","560.4","1584.9","446.5","1687.2","833.9","1122.7","743.5","366.8","894.6","1068.7","1432.9","1512.1","783.9","1652.1","516.4","1002.9","1919.4","1547.5","1614.4","1016.6","1828.3","1454.3","2140.7","936","1757.4","2263.2","1453.7","747.3","2329","943.3","",
"Monaco","MCO","Cereal yield (kg per hectare)","AG.YLD.CREL.KG","","","","","","","","","","","","","","","","","","","","","","","","","","","","","","","","","","","","","","","","","","","","","","","","","","","","","","","","","","","","","","","","",
"Moldova","MDA","Cereal yield (kg per hectare)","AG.YLD.CREL.KG","","","","","","","","","","","","","","","","","","","","","","","","","","","","","","","","","2928.2","3832.4","2181.6","2989.5","2288.5","3432.6","2748.9","2443.9","2032.8","2487.1","2502.8","2353.5","2832","2793.4","2550.2","2110.9","3221.6","2372.7","2734","2865.9","1357.1","2851.8","3162.3","2370.9","3197.3","3651.9","3683.2","3859","1893.6","4947.6","1910.6","",
"Madagascar","MDG","Cereal yield (kg per hectare)","AG.YLD.CREL.KG","","1784.8","1761.6","1758.2","1806.4","1744.9","1585.5","1652.7","1686.2","1770.3","1857.8","1792.4","1797.6","1741.8","1809.5","1759","1847.4","1695.8","1621.2","1687.5","1681.8","1621.7","1593.7","1729.7","1742.6","1749.3","1782.2","1884.6","1823.3","1955.7","1945.3","1927.5","1934.2","1924.4","1926.3","1968","2007.9","2000.8","1875.4","1962.3","1890.9","2020.7","1967.4","2201.7","2353.2","2514.5","2565.3","2620.1","2811.3","3183.4","3271.6","3238","3289.2","3203.2","3010.1","3057.8","2852.1","2750.2","2645.1","2389","2468.9","2675.1","2793.4","",
"Maldives","MDV","Cereal yield (kg per hectare)","AG.YLD.CREL.KG","","888.3","875","897.3","912.5","923.9","916.1","905.8","852.9","783","892.2","760.9","781.3","952.8","986.8","889.9","829.5","798.1","823.5","800","850","766.9","740.3","714.3","1000","1000","1000","1250","1000","1375","1000","1000","1000","1000","999.9","1000","1000","1217","1226.8","1350.5","1476.6","1622.4","1671.4","1502.4","1970.1","1764.7","1928.6","1958.8","2078.8","2141.7","2247.1","2372.2","2494.2","2527.8","2309","2280.1","2467.8","2391.6","2469","2423.6","2423.9","2438.5","2435.9","",
"Middle East & North Africa","MEA","Cereal yield (kg per hectare)","AG.YLD.CREL.KG","","813.16264136391","1105.40565777676","1036.86613733561","991.52135496946","1030.65975751306","921.208003640146","1009.51834931638","1162.48984463833","1078.01791931765","1018.53509080369","1101.75189772772","1228.17348274878","988.463662214311","1110.80496776615","1148.10770022734","1240.85277806938","1041.78717551334","1186.91744035628","1143.23041594735","1240.00569180549","1141.68513210298","1276.2913206667","1157.38240669457","1213.17555506803","1348.180614698","1496.4414806553","1385.39953833221","1644.74760940174","1392.07919499737","1566.03634762927","1761.54725093581","1652.81358270285","1708.77530721041","1965.02063878328","1835.35760531386","2012.90502238297","1900.95170305566","1972.14709114784","1933.65491081213","1817.54784869947","2023.84463560908","2324.36982055693","2387.45731389263","2347.77496686438","2192.43375319654","2482.94625372329","2249.82902167061","2174.0836077655","2479.95772359559","2272.57917393372","2300.47108318795","2264.60011201026","2436.29846371554","2372.7739762843","2672.27922836088","2559.41279488139","2393.32806533057","2419.71993166462","2464.48847667813","2244.99449414628","2425.17193611064","2382.09981076953","",
"Mexico","MEX","Cereal yield (kg per hectare)","AG.YLD.CREL.KG","","1104.9","1124.5","1130.1","1302","1335.6","1290","1371.4","1430.4","1492.7","1540.8","1530","1513.6","1501.6","1613.8","1745","1729.8","1779.4","1918.5","2009","2191.1","2292.5","2415.5","2183.7","2340.5","2431.1","2332.4","2321.8","2180.5","2198.2","2424.4","2426.9","2708.2","2639.4","2518.3","2519.6","2552.9","2678.7","2639.3","2708.1","2760.9","2855.2","2913.1","2964","3078.6","3130.8","3213.3","3353","3452.3","3433.7","3501.2","3240.5","3453.4","3386.9","3581.9","3470.1","3748.8","3799.7","3826.3","3992.4","3806.5","3878.9","3981.3","",
"Marshall Islands","MHL","Cereal yield (kg per hectare)","AG.YLD.CREL.KG","","","","","","","","","","","","","","","","","","","","","","","","","","","","","","","","","","","","","","","","","","","","","","","","","","","","","","","","","","","","","","","","",
"Middle income","MIC","Cereal yield (kg per hectare)","AG.YLD.CREL.KG","","1122.84353956602","1183.5290535938","1251.73365029444","1286.32062430799","1274.37684414928","1315.48594890808","1396.95160623862","1396.65154855299","1404.85760374451","1520.32485518749","1559.57196506415","1531.96415318169","1582.64861701442","1637.84238868721","1730.73049617558","1732.75524126772","1761.11818396162","1874.99690308254","1903.98889797421","1944.83973907536","2048.22358061782","2146.09048453793","2238.47225014851","2322.23666363213","2296.26207683161","2318.52112816289","2333.10831268357","2399.8864121961","2470.16844893697","2558.46759464541","2567.1868231532","2464.06605997679","2516.88289505756","2478.79889850054","2523.22577085022","2632.56993606774","2700.61006561068","2741.77291688193","2799.77085923704","2748.85316748209","2867.26237197977","2850.34359732587","2877.46121705433","2972.36625999198","3005.68302912527","3081.49068476903","3139.69460239267","3319.62007848015","3279.90958027528","3334.78787421778","3485.43084530621","3502.68416982318","3620.32030579737","3662.63959588538","3719.44329663241","3754.91511067422","3871.32973924569","3886.5908768263","3983.2764817118","3951.87976742846","3995.09202499345","4082.78730274743","",
"North Macedonia","MKD","Cereal yield (kg per hectare)","AG.YLD.CREL.KG","","","","","","","","","","","","","","","","","","","","","","","","","","","","","","","","","2651.5","2011.5","2695.7","3006.8","2454.7","2748.1","3079.5","2940.6","2565","2287.8","2901.3","2422.3","3596.7","3205","3243.5","2625.2","3536.9","3385.9","3329.6","3502.1","2839.3","3381.3","3900","3051.1","3859.2","2807.5","3714.6","3554","3664.2","3537.8","3472.1","",
"Mali","MLI","Cereal yield (kg per hectare)","AG.YLD.CREL.KG","","707.5","729.4","644.8","748.6","811.9","787.3","748.2","766.8","872.9","829.6","831.4","687.9","673.4","796.2","880.6","679.1","615.7","1077.5","847.8","726.1","837.9","785","840.4","696.6","1084","1089.8","1033.4","962","939.7","726.4","1055.3","738","762.8","817.8","810.1","1100.6","1063.9","1204.2","1174.1","1006.5","986.3","788.6","981.4","1206.5","1089.5","1124.8","1101.2","1397.7","1800.4","1452.8","1046.8","1506.8","1512.4","1550.7","1575.5","1607.5","1601.9","1728.9","1767.7","1686","1441.2","1671","",
"Malta","MLT","Cereal yield (kg per hectare)","AG.YLD.CREL.KG","","1360.4","1373.3","1566.5","1462.1","1694.2","1438.5","1490.5","1230.2","1345.5","1374.8","1755.9","1983.8","2018.4","1758.7","2009.2","2470.9","3139.7","2795.3","2809.5","3196.2","3751.8","4125.3","3940.7","3563.6","3625.9","3656.8","3574.1","3303.6","3629.6","3743.1","3136.4","3026","2703.7","2607.1","2508.5","3500","3904.8","3790.7","3869.7","4007.5","4000","4781.3","4013.6","4083.2","4129","4032.3","4238.8","4714.3","4789.2","4691.1","4670.9","4639.7","4668.6","4740.4","4824.3","4820.4","4879.9","","","","","","",
"Myanmar","MMR","Cereal yield (kg per hectare)","AG.YLD.CREL.KG","","1535","1560.2","1521.2","1623.1","1575.6","1380.2","1545.7","1588.4","1616.1","1611.2","1635.1","1543.3","1680.1","1671","1742.2","1799.4","1845.3","1992.8","2197.4","2600.2","2766.5","2989.1","2874.7","2890.3","2896.7","2863.7","2885.9","2754.6","2747.6","2762.5","2699.5","2748.4","2882.8","2990.3","2820.2","2898.1","2813","2842.2","2963.2","3100.4","3157.6","3160.6","3286","3383.5","3493.7","3610","3723.5","3824.8","3839","3855.2","3643.4","3610.5","3646.1","3690.2","3710.9","3659.7","3671.5","3761.3","3714.3","3727.6","3743.6","3456.7","",
"Middle East & North Africa (excluding high income)","MNA","Cereal yield (kg per hectare)","AG.YLD.CREL.KG","","804.158384894838","1102.29907836921","1032.289822347","978.902922111707","1020.4943886453","914.304962778982","998.205566449379","1160.88357054508","1072.91237650718","1014.02046483988","1104.40452311835","1223.05403556146","984.850421488538","1109.5288916105","1146.43345437757","1247.22824007449","1041.34068526833","1192.32725354051","1148.73093779507","1245.86440831841","1137.97806217061","1267.88533628483","1126.71257066021","1173.37456168815","1296.08712309831","1435.42378730375","1303.71808757124","1553.64840154073","1293.5320551025","1471.14816652695","1669.19847760449","1553.53925197124","1599.28020571231","1865.97166247341","1778.22811798601","1983.35192920429","1856.69300765603","1936.28888358845","1887.92565454014","1770.359396145","1971.365700503","2274.6253965346","2338.04746857453","2290.27264877226","2135.21433285842","2429.39041924599","2189.73819511223","2111.6478869288","2447.10392502553","2234.94769279099","2264.06687785829","2234.48535824964","2411.93163092402","2331.98230194944","2630.26152122923","2519.15504885026","2356.86401243819","2385.32033617431","2435.37523736153","2210.43745257315","2399.55299020606","2346.25174466572","",
"Montenegro","MNE","Cereal yield (kg per hectare)","AG.YLD.CREL.KG","","","","","","","","","","","","","","","","","","","","","","","","","","","","","","","","","","","","","","","","","","","","","","","2971.2","1992.4","3239.7","3347.9","3321.4","3305.7","2638.8","3770.5","3451.5","3146.5","3261.7","3288","3311.8","3166.8","3260","3193.4","3307.2","",
"Mongolia","MNG","Cereal yield (kg per hectare)","AG.YLD.CREL.KG","","400","861.6","817.8","898.3","772.8","662.5","816.2","525.7","317.9","681.2","899","497.2","1085.3","752.8","1113.8","841.8","855.3","626.9","566.2","517","635.1","1042.6","1387.5","966.3","1395.6","1380.6","1106.6","1269.1","1248.3","1098.2","970.3","833.4","858.4","732","735","660.5","756.7","634.1","606.2","770.1","708.4","585.4","785.3","787.5","474.3","1098","942.5","1382.8","1551.8","1370.3","1487.2","1565.3","1319.8","1668","574.7","1279.6","843.7","1379.6","1271.9","1218.6","1420","1113.3","",
"Northern Mariana Islands","MNP","Cereal yield (kg per hectare)","AG.YLD.CREL.KG","","","","","","","","","","","","","","","","","","","","","","","","","","","","","","","","","","","","","","","","","","","","","","","","","","","","","","","","","","","","","","","","",
"Mozambique","MOZ","Cereal yield (kg per hectare)","AG.YLD.CREL.KG","","877.4","858.2","911.1","926.5","935.7","923.5","960.7","948.7","887.2","1000","941.1","979.3","873.8","777.7","571.7","795.8","772.8","710.4","622.8","595.7","591.7","498.4","489","510","531.3","544","398.2","393.3","395.7","476.7","344.2","177.6","564.7","520.3","652.4","821.8","821.4","839","985.4","868.1","880.1","588.7","819.2","774.2","428.4","692.4","581.4","533.5","884.3","1028.6","1041","1252.1","652.6","795.6","814.5","736.5","777.6","897.1","908.3","747","1035.9","1014.5","",
"Mauritania","MRT","Cereal yield (kg per hectare)","AG.YLD.CREL.KG","","369.8","378.8","374.5","376.1","340.5","369.3","374.9","387.3","399.1","343","206.8","209.9","217","330.2","435.7","558.8","414.3","328.2","308.1","422.3","420.4","451.1","464.3","501.3","638.7","699.1","1010.8","863.2","949.8","869.8","673.7","862.1","849","667.8","772.3","849.6","782.1","894.5","864.2","864.4","639.1","1011.8","797.7","637.5","841.2","661.3","705.8","765.8","713.3","955.2","1374.5","1034.4","1197","1678.8","1265.9","1198.3","1865.4","1512","1346.2","1322.1","2054.8","1720.5","",
"Mauritius","MUS","Cereal yield (kg per hectare)","AG.YLD.CREL.KG","","1512.6","1780.7","1289.5","1000","1644.4","2524.9","1723.9","2409.8","2858.7","2775.6","3592.8","3155.9","3200.5","2757.3","2212","2784","2773.4","2501.9","2545.3","2454.5","2609.1","2541.3","3038.5","4441.7","4740.6","4407.5","3543.6","3845.5","3738.4","4190.8","3723.8","4434.6","4243","3728.8","3853.3","4866.7","5043.5","5180","4902.4","8900","7203.7","7763.2","6555.6","6473.7","7539.7","7793.1","9453.7","7541","8000","6833.3","3901.8","3389.6","3219.1","3765.1","2695.9","3455","5234.8","5272.7","6880","8942.5","8640.6","9247.2","",
"Malawi","MWI","Cereal yield (kg per hectare)","AG.YLD.CREL.KG","","984.5","1027","876.7","1076.8","856.5","905.2","1381.3","995.3","967.3","888.4","1133.4","1149.8","1104","1133.1","1014.9","1110.2","1298.8","1246.8","1175","1187.4","1121.9","1169.1","1146.2","1180.6","1169","1076.1","1001.8","1156.4","1179.4","991.5","1141","481.6","1488.8","896.4","1309.2","1390.6","1054.4","1322.1","1745.4","1675.5","1175.5","1045.7","1209","1020.6","777.8","1444.7","2467","1598.7","2124.3","1906.9","2094.3","2087.1","2068.8","2218.1","1590.6","1347.4","1903.1","1531.2","1874","2004.4","2319.1","2008.9","",
"Malaysia","MYS","Cereal yield (kg per hectare)","AG.YLD.CREL.KG","","2097","2058.1","2143.8","1986.5","2144.2","2129","2015.5","2164.2","2318.1","2383","2468.6","2396.1","2632.2","2826.6","2641.2","2697","2611.7","2542.8","2822.8","2835.9","2824.4","2742.9","2579.9","2497.9","2642.4","2619.4","2450.9","2505.6","2601.9","2740.3","2787.4","2953.1","3003","3031.9","3119.2","3200","3023.3","2843.2","2910.3","3039.5","3108.1","3232.1","3347.2","3314.9","3407","3383.6","3540.6","3599.2","3734.7","3659.9","3780.2","3866.7","3948","4652","4054.2","4013.2","3797.4","3816.8","3552.2","3706.4","3824.3","3749.6","",
"North America","NAC","Cereal yield (kg per hectare)","AG.YLD.CREL.KG","","2203.3029548754","2430.22136601494","2580.22113799681","2378.66919220173","2731.87581875509","2763.27392738539","2781.51338285872","2858.92049783889","3108.65390773549","2960.73118716525","3376.03696159778","3458.56669268126","3293.16235639743","2733.79130506696","3178.52200034954","3266.63966184481","3392.43519756381","3712.93834278752","3934.25121625971","3425.21178983751","3840.14868483","3955.52181465864","3178.86907145609","3842.10773654317","4180.03236803848","4170.48455188667","4111.60653387325","3186.76287738533","3888.92079244938","4231.81349067829","4023.06678016851","4678.51110139582","3895.81808800044","4910.06981337811","4189.30664855705","4614.2362878894","4653.0655186701","5012.69141254831","5125.63132167613","5130.86161147829","5053.24343109523","4846.74895200562","5254.02426182703","6029.28218772872","5745.13441375188","5623.0944025751","5932.7660511114","5914.83614156803","6416.07409456149","6329.82768207968","6174.01874003421","5422.42257760186","6635.49691413728","6854.17694675897","6676.54214019325","7773.80311562806","7419.09743467828","7260.43869080045","7103.77483914177","7209.16333387306","7134.40687368241","7119.3313918178","",
"Namibia","NAM","Cereal yield (kg per hectare)","AG.YLD.CREL.KG","","415.8","419.3","420.7","398.2","383.6","366.8","353.4","358.4","352.7","354.1","343.5","346.7","347.4","350.9","355.1","354.3","361.6","366.1","371","376.8","383.3","385.1","399","414.3","321.7","401.6","355.4","395.1","441.6","457.1","547","159","356.1","334.5","220.1","274","446.6","379","214.4","391.2","440.9","270.8","301.5","418.3","465.6","620.5","481.3","495.5","364.8","405","427.5","431.1","458.7","226.1","370.7","261.5","426.3","502.5","965.1","549.3","494","649","",
"New Caledonia","NCL","Cereal yield (kg per hectare)","AG.YLD.CREL.KG","","1314.3","1452.6","1533.3","1976.5","1725","1973.3","1521.1","1660.4","1842.4","2348.6","2315.8","2354.2","2493.5","2611.9","2752.6","2197","2548.8","2354.8","1949.9","1930","2523.1","2438","2021.5","1117.8","2548.5","2069.1","1333.3","2038.8","1237.5","1865.1","2331.1","3003.7","2869.2","2259.1","3181.3","3754.5","3704.1","3718.9","3877.5","3995.8","3941.2","3870.1","4029.1","4012.8","3885.1","3956","4129.3","3820.9","3805.7","3923.5","3462.7","4610.9","4018.8","4800.1","4540","5713.9","6853.6","7574.8","7663.5","8569","8082.8","9589.9","",
"Niger","NER","Cereal yield (kg per hectare)","AG.YLD.CREL.KG","","505.2","547.8","560.1","599.3","467.5","496.2","571.3","394","493.7","390.2","424.8","417.6","323.9","406","346.4","423.4","431.3","431.5","447","457.4","415.6","400.3","401.9","257.1","425","418.9","326.5","475.2","352.7","310.3","333.2","309.2","326.2","267.9","312.3","291","287.7","389.5","380.1","289.2","394.4","422.9","429.5","341.5","436.6","449.6","424.8","496.5","386","494.8","362.8","520.3","407.7","446.8","551.3","536.5","541.9","554.8","501.5","551.9","360.6","557.4","",
"Nigeria","NGA","Cereal yield (kg per hectare)","AG.YLD.CREL.KG","","743","782.8","763.7","717.8","687.1","607.8","693.5","671.1","611","722.9","709.6","654.9","659.2","996.1","967.1","725.2","932.6","916.1","1053.3","1087","1655.5","1632.9","1526","1266.3","1247.9","1156.7","1203","1305.5","1252.9","1147.9","1094.1","1164","1153.1","1132.3","1210.5","1220.4","1182.8","1201.8","1239.3","1171.5","1233.6","1255.2","1308.8","1372.8","1421.7","1507.5","1399.8","1598.4","1531.1","1528","1334.4","1399","1234.7","1552.4","1552.7","1733.4","1614.7","1684.2","1628.2","1620.5","1619.2","1656.2","",
"Nicaragua","NIC","Cereal yield (kg per hectare)","AG.YLD.CREL.KG","","939.7","937.7","1031.7","1035.7","1003.7","1050.3","1054.7","1091.7","1063.5","1109.8","1082.7","891.3","1152.9","965.5","1153.7","1030.2","1072","1314.8","1380.4","1572.3","1471.3","1566.2","1712.6","1622.7","1658","1905.7","1665.4","1763.8","1549.1","1524.5","1417.1","1688.1","1787.1","1725.2","1681.3","1689.3","1686.4","1706.5","1634","1687.7","1692.9","1731.9","1860.2","1798.1","1778.7","1902.3","1822.5","1811","2076.7","2086.1","1994.8","1944.2","1763.2","1914.3","1940.4","1933.7","2104.1","2281.8","2248.8","2223.7","2403.1","2358.9","",
"Netherlands","NLD","Cereal yield (kg per hectare)","AG.YLD.CREL.KG","","3691.4","4277.4","3986.9","4395.8","3673.4","3513.6","4206.5","3939","3981.2","3768.4","4320.5","3982.5","4640.1","5042.4","4472.6","4779.9","4768.5","5797.9","5402.7","5689.2","5975.9","6740.9","6351.6","7188.9","6174.1","7419.9","6268","6194","6750.6","6990.1","7063.4","7459.2","7998.4","7164.5","7769.2","8292.9","7176.1","7307","7469.8","7905.5","7280.5","7313.9","7956.8","8066.3","7879.7","7854.2","7289.7","8332.3","9032.9","8569.3","7800.8","8545","8630.1","9073.7","8752.8","7776.9","8794.5","7905.1","8654.2","7919.9","7872.3","8942.6","",
"Norway","NOR","Cereal yield (kg per hectare)","AG.YLD.CREL.KG","","2791.8","2071.3","2578.1","2595.4","2553.6","2169.2","2729.1","3524.9","2625","3206.9","3226.3","2981.7","3260.2","3777.8","2556.6","2840.7","3566.5","3677.3","3557.6","3644.8","3698.7","3746.8","3335.5","4284.6","3885.9","3251.6","3814","3104.8","3408.9","4399.3","4015.5","2810.5","3923.4","3129.6","3629.3","4026.3","3885.9","4044.9","3709.5","3930.9","3709.5","3495.2","3940.7","4400.6","3992.9","3674.5","3855","4488.1","3446.3","4004.2","3436.9","3686.8","3374.3","4363.4","4803","4651.6","4561.4","2656.2","4709.8","4683.8","4183.7","4728","",
"Nepal","NPL","Cereal yield (kg per hectare)","AG.YLD.CREL.KG","","1846.6","1842.3","1843.9","1883.2","1867.3","1742","1738.2","1724","1750.9","1782.5","1716.9","1630.1","1772.8","1767.6","1789.6","1709.5","1604.3","1634","1456.9","1687.1","1700.9","1381.5","1745.3","1666.2","1659.1","1524.7","1684.1","1780.4","1886.9","1920.1","1721","1919.3","1714.3","1913.9","1923.7","1939.4","1959.9","1979.2","2113.5","2148.6","2149","2165.6","2287.4","2273.7","2282.4","2188.1","2323","2417","2272.8","2407.8","2626","2635.2","2678.9","2721.8","2647.9","2730.5","2840.7","3045.9","3106","3203.3","3063.2","3218.5","",
"Nauru","NRU","Cereal yield (kg per hectare)","AG.YLD.CREL.KG","","","","","","","","","","","","","","","","","","","","","","","","","","","","","","","","","","","","","","","","","","","","","","","","","","","","","","","","","","","","","","","","",
"New Zealand","NZL","Cereal yield (kg per hectare)","AG.YLD.CREL.KG","","3125.3","2763.6","2732.6","3325.4","3275.7","3521.3","3708.4","3560.4","3681.8","2974.8","3487.3","3786.8","3935.3","3259.8","3307.7","4003.3","4163","4033.7","3900","3941.4","4426.6","4537.7","4532.1","4804.1","4611.8","4451.8","4453.3","4611.1","4275.8","5034","5144.1","5300.1","5277.9","5593.4","5625.4","5774.3","5892.2","6294.4","6168.7","6316.5","6534.7","6276.3","7059.9","6462.1","7566.2","7028.7","7916.4","7379.8","6909.9","7387.1","6953.2","8012","8105.6","8033.9","8026.6","8383.8","8464.4","8064.3","8205.3","9039.6","8812","8522","",
"OECD members","OED","Cereal yield (kg per hectare)","AG.YLD.CREL.KG","","2021.41624728713","2195.3630879006","2278.56184733001","2206.13324530903","2375.21651375837","2409.99875810404","2499.65692419209","2558.1550599226","2669.24623951652","2568.52947028574","2925.88582514464","2936.53220181818","2918.25384113242","2736.59235820844","2912.66658175892","2920.17759502767","3020.72842018397","3317.09539058408","3367.14104149487","3153.82198830775","3358.16574019236","3478.07961879959","3072.89246963437","3640.46068267851","3723.52065654378","3721.37426777138","3694.49952564653","3345.43332434158","3663.29576847412","3877.1109881479","3837.23229285251","4024.20840274061","3693.67113738569","4154.09749226887","3812.65991600081","4167.74515293449","4185.84631003601","4375.86919595392","4364.93579772533","4426.96618305046","4335.78173127291","4317.87844496092","4251.16411771983","4958.09496660802","4665.51711316163","4610.62224546023","4716.96032899483","4892.82227707754","5081.45569821417","4986.90636752601","5035.91670413331","4728.27231439598","5350.76006642173","5561.70132027249","5448.5000204746","5862.86473728574","5764.96649962456","5562.40516212769","5639.42194187211","5694.87288754745","5667.9941078374","5668.81412042631","",
"Oman","OMN","Cereal yield (kg per hectare)","AG.YLD.CREL.KG","","1115.4","1115.4","1111.1","1107.1","1107.1","1133.3","1145.2","1193.5","1193.5","1218.8","1218.8","1197","1282.1","1282.1","1282.1","1250","1000","913.5","977.4","904.7","1065.2","1754.2","1754.2","1754.2","1037.7","1923.4","1912.8","1952.4","2070.5","2159.7","5251.5","5277.7","5254.9","5212.3","5156.4","5148.1","5128.2","5231","5181.5","5154.3","5100.9","5096","5066.8","4832.4","5019.1","4852.8","4868.3","4774.8","12179.6","9832.4","9423.9","9480.7","9047.3","7750.2","13982.3","12928.2","12960.6","13360.9","13436.1","18801.2","19211.2","24800.9","",
"Other small states","OSS","Cereal yield (kg per hectare)","AG.YLD.CREL.KG","","736.96036320615","855.502475596419","859.64594865519","781.787580642535","887.66520373831","754.367954386237","767.807160351795","732.85637647017","761.876502995791","638.763266963421","825.494161861215","825.995704143231","634.652919673839","946.613782574163","834.815493519108","846.336317604867","923.514571827124","989.088864985043","897.676139511223","860.116603953849","866.040644515136","839.427088719133","813.402127271745","963.989348707414","1009.80893695926","927.00179919024","905.793647335353","926.475321683338","889.055680317145","962.991807617418","909.881925620955","1121.93380184655","1388.80651497982","1004.31722890261","1134.37163067658","1163.51794115703","1127.1093945873","1147.13724106268","1002.09964945639","1123.18237870013","1220.11381562207","1056.6825937684","1124.42096548504","1198.88168129016","1335.20314600824","1211.49962799326","1343.70758796085","1294.32771505873","1310.85453422857","1340.86655357362","1333.10061510014","1437.64713141408","1568.45273353255","1330.53445181655","1847.62816554817","1372.47797184914","1622.20208048623","1297.89577934737","2140.06475967352","1882.35106975958","1646.65014627507","1910.39333948857","",
"Pakistan","PAK","Cereal yield (kg per hectare)","AG.YLD.CREL.KG","","856.4","858","877.7","886.5","886.6","840","904.2","1131.6","1192","1229.7","1196.6","1284.1","1325.8","1313.9","1391.4","1460.7","1470.3","1429.2","1540.3","1613.1","1670.2","1637.3","1675.3","1544.9","1601.9","1833.3","1628.2","1702.4","1779.7","1766.4","1805.8","1884.7","1959.5","1840.9","2050.4","2046.3","2044.2","2200.3","2217.8","2404.5","2230.5","2260.2","2320.6","2430.7","2615.8","2554","2743.9","2653.7","2789.7","2611","2953.4","2862.6","3001.3","3001.2","2942.4","3020.7","3180.4","3149","3160.6","3353.4","3489.4","3405.7","",
"Panama","PAN","Cereal yield (kg per hectare)","AG.YLD.CREL.KG","","951.5","993.9","947.3","954.7","988.9","935.7","989.7","1078.1","1107.6","1186.8","1198.8","992.2","1254.2","1266.4","1318","1014.1","1379.4","1352.8","1408.9","1538.9","1625.6","1448.8","1539.6","1515.1","1623.1","1634.8","1775.7","1738.7","1903.4","1866.7","1817.3","1772","1898.9","1943.3","1956.9","2029.9","1837.6","2247.5","2355.5","2237","2542.5","2591","2694.6","2159","2483.9","2395.5","2599.5","2694.3","2596.4","2246","2560.1","2539.8","2826.8","2983.2","2437.5","2992.5","2955.7","3227.5","3300.7","3377","3515.4","3515.2","",
"Peru","PER","Cereal yield (kg per hectare)","AG.YLD.CREL.KG","","1487.8","1516","1399.4","1539.2","1551.1","1574.9","1669.1","1522.3","1629.1","1750.7","1750.2","1698.3","1711.9","1743.1","1842.5","1924.7","1952.6","1796.2","1883.4","1818.2","2135","2170","2087.3","2522.8","2328.1","2300","2552.8","2480.8","2523.8","2603.1","2296","2500.2","2696.2","2907.9","2641.4","2858.3","2765.5","2750.4","3109.9","3084.1","3241.3","3372.9","3442.5","3278","3557.9","3520.5","3485.6","3833.2","3919","3897.9","3898","4149.6","4101.3","4017","4242.2","4370.1","4216.5","4530.8","4369.6","4557.2","4704.1","4634.6","",
"Philippines","PHL","Cereal yield (kg per hectare)","AG.YLD.CREL.KG","","996.3","1025.3","1030.2","1035.7","1045.5","1062.8","1113.1","1105.4","1330.7","1350.3","1272.2","1163.9","1186","1224.7","1286.3","1353.8","1488.1","1509.9","1581.3","1606.4","1646.6","1822.6","1659.9","1747.3","1841","1914.7","1847.3","1877.2","1945.4","2099.5","2042.3","2105.2","2212.5","2261","2273.4","2307.5","2374.7","2240.9","2464.8","2580.8","2667.8","2730.6","2823.4","2992.3","3049","3180.8","3319.8","3334.3","3228.9","3231.9","3340.6","3492.6","3531.8","3637.4","3556.1","3529","3692.3","3670.5","3737.9","3769.4","3834.8","3821.6","",
"Palau","PLW","Cereal yield (kg per hectare)","AG.YLD.CREL.KG","","","","","","","","","","","","","","","","","","","","","","","","","","","","","","","","","","","","","","","","","","","","","","","","","","","","","","","","","","","","","","","","",
"Papua New Guinea","PNG","Cereal yield (kg per hectare)","AG.YLD.CREL.KG","","2807.3","2597.5","2538.7","2074.2","2475.1","2103.6","2058.8","2003","1668.6","2008.8","2433.3","2150.6","2562","2258","1887.5","1606.1","1268.8","1535.2","2100.3","2364.4","1797.4","1302.2","2023.4","1926","2088","2010.1","1502.1","1823.9","2160.5","2602.7","2389.3","2656","2680","2863.9","2983.8","3429.3","4085.1","3887.9","3981.5","4024.2","4200","4004.9","3599.2","3620.4","3741","3716.7","3886.8","3967.6","4187.7","4343.9","4789.3","4191","4640.6","4726.4","4748.4","4642.9","4853","4805.4","4716","4793.6","4768.2","4751.8","",
"Poland","POL","Cereal yield (kg per hectare)","AG.YLD.CREL.KG","","1782.4","1600.1","1717.3","1607.3","1900.1","1884.7","1934.3","2121.9","2142.5","1948.4","2351","2404.6","2650.6","2840.9","2487","2685.6","2424.3","2742.6","2202.9","2336.8","2494.3","2615","2726.4","2989.6","2893.5","3039.1","3108.8","2903.7","3218.2","3283.8","3190.8","2399","2753","2566.1","3022.4","2901.1","2854.1","3071","2959.4","2534.8","3056.4","3240.8","2865.4","3537.6","3233.1","2598.2","3249.5","3217.2","3475.1","3584","3430.4","3704.9","3804.4","4268","3727.8","4033.5","4199.6","3366.7","3605.3","4691.7","4562.5","4861.5","",
"Pre-demographic dividend","PRE","Cereal yield (kg per hectare)","AG.YLD.CREL.KG","","804.969982495714","818.049036548705","802.568338254832","802.386902570032","775.402450898446","753.208908317038","824.94900564455","825.626263289458","814.417793376329","811.897234362661","815.187469954525","832.562797011131","804.571456307124","910.965022026247","926.716148238314","893.663799674366","902.671013079591","913.149017435148","908.768672001327","910.486636778674","997.092522572477","981.382726071539","954.941367660976","906.811305251499","987.16973672747","968.736252667735","963.255872522286","1012.73047745944","989.904184619395","946.153490890647","945.606653283876","894.21029597028","936.345727731327","889.717805752079","964.994223193034","999.674240944968","924.498691475387","994.49043861332","1023.64522379851","958.259732438334","1017.75383774239","1043.15671534328","1049.99122903772","1105.6300527078","1053.13038899301","1161.49802279959","1163.03739120356","1180.18869805983","1199.01757460209","1243.14391821871","1147.91868130134","1288.22687966479","1197.64036796973","1293.88552817922","1310.84457623128","1289.71221846723","1293.14031847278","1329.59469282841","1354.811848669","1397.53855715924","1369.6120336098","1366.04074037451","",
"Puerto Rico","PRI","Cereal yield (kg per hectare)","AG.YLD.CREL.KG","","1132.9","1269.8","1297.3","1341.7","1597.5","1476.1","1596.4","2227.9","2128","2637.6","3066.3","3042.2","4098.8","4283.1","4529.3","5464.1","6116.3","6170.3","6823.9","7391.3","9695.4","9671.6","9789.2","7956.5","2872.8","3125.1","2051.5","2358","1238.1","1080","1149.4","1069.8","1732.8","1410.3","1500","1595.7","1708.3","1870.6","1750","1730.8","1899.1","1958.4","2018.7","2080.2","2171","2375.6","2468.6","2468.1","2610.2","2738","2868.7","2750","3159.9","2110","3010.5","2885.6","2888.1","3021","2995.3","2946.3","2968.8","3277.6","",
"Korea, Dem. People's Rep.","PRK","Cereal yield (kg per hectare)","AG.YLD.CREL.KG","","2502.1","2594.1","2746.3","2847.9","2539","2744.8","2542.1","2469.3","2903.4","2890.4","2971.7","2829.6","3091.5","3183.4","3246.7","3393.4","3546.7","3539.8","3673.5","3570.7","3837.4","3355.8","3442.8","3686.7","3713.3","3992.3","3821.2","3871.2","3964.4","3923.4","5607.9","5593.8","6126.8","4733.8","2511.2","1858.7","1994.5","3115.7","2856.6","2375.4","3015.7","3190.8","3250.3","3429.6","3367.8","3543.7","2921.5","3554.9","3364.4","3424","3586.3","3922.4","3979.6","4151.8","3654","4079.7","4015.9","3504.3","4372.2","3499.7","3461.4","3516.5","",
"Portugal","PRT","Cereal yield (kg per hectare)","AG.YLD.CREL.KG","","784.8","880.6","828.6","814.3","855.7","804.4","1097.1","1136.4","953.4","1038.3","1321.1","1148.5","1158.8","1130.4","1137.5","1082.4","942.9","890.8","982.5","1274.8","1050","1205.6","1078","1491.8","1437.3","1771.5","1804.6","1642","2018","1877.7","2162.1","1805.4","2049","2406.9","2063.6","2462.4","2187.2","2760.6","2795","2793.5","2645.3","2918.6","2643.2","2965.6","2114","3209","3415.7","3589.7","3289.9","3351.3","4088.4","4091.6","4336.4","4416","4606.9","4422.4","4759.7","4809","5176.5","4881.3","5379.7","5137.1","",
"Paraguay","PRY","Cereal yield (kg per hectare)","AG.YLD.CREL.KG","","1251.8","1309","1273","1309.1","1347.8","1130.9","1329.8","1061.7","1235.6","1266.2","1257.4","1117.2","1363","1414.5","1373.3","1410.9","1418.9","1341.3","1495.7","1582.2","1527.8","1480.3","1501.8","1442","1748.3","1678.9","1998","1926.6","1765.9","1979.3","1649.7","1753.3","2009.7","2174.8","2092.3","2227.5","2416.1","2037.8","1951.2","1980.3","2160.3","2090.4","2323.5","2461.8","2167.9","2343.8","2698.8","2681.3","2357.4","3456.9","3481.8","3035.7","3683.2","3276.7","4148.9","4425.5","4446.5","4225.7","4601.1","4706.5","3823.1","4294","",
"West Bank and Gaza","PSE","Cereal yield (kg per hectare)","AG.YLD.CREL.KG","","","","","","","","","","","","","","","","","","","","","","","","","","","","","","","","","","","1112.5","1799.4","1622.6","1353","1555.7","649.2","2184.6","1277","2296.7","2053.6","1930.3","2094.1","1712.4","1749.5","1240.8","1214.2","1860.8","1580.6","1955.8","2182.7","2183.1","2110.5","2449.1","2187.1","2279.4","2180.3","2222","2251.9","2308.7","",
"Pacific island small states","PSS","Cereal yield (kg per hectare)","AG.YLD.CREL.KG","","1697.29459459459","1701.04353293851","1742.57924052567","1707.19729123688","1688.85381495286","1640.03518971198","1657.58336912877","1961.76480980423","1719.96910659175","1825.1550740119","1879.00683191732","1864.25028195489","1942.69906580016","1843.23460994246","2073.76475111626","2191.64355391952","1993.6936123348","1938.0281729961","2185.14945265852","2263.730049558","2322.41681927032","2241.1110850844","2072.75859905521","2132.2194379703","2301.1738545338","2130.51710442433","1790.97413113579","2219.94865512995","2209.80257619016","2124.10864767255","2229.22454033517","2077.27421081207","2171.4860059761","2168.09337554338","2421.91138448707","2015.71457892882","2048.55369391872","827.97018237962","2482.67942230184","2349.13740558686","2140.33267480843","2162.89865232603","2106.0232421875","2103.36991755006","2122.44743918054","2101.39000940291","2298.11125242248","1971.20319410319","2231.38369410424","2094.29778232685","2091.72326758597","1791.77729058945","2092.92868911175","2448.59669094693","2038.79823391602","2157.41246790757","2162.16898362682","2087.24600170503","2178.47161572052","2418.24277158543","2557.8115683733","2773.39582466568","",
"Post-demographic dividend","PST","Cereal yield (kg per hectare)","AG.YLD.CREL.KG","","2177.90583580428","2386.40248030469","2465.39216907696","2402.39549328247","2594.04429166059","2638.20585915761","2720.07042739668","2777.77822632729","2915.61945911349","2824.00173225967","3185.68327970879","3223.31987028466","3185.97781328902","2933.18123459222","3133.42795014207","3122.98479865134","3248.70779038864","3582.34291072919","3644.88346531113","3373.86364656542","3605.57125788735","3721.49126526955","3273.71334628695","3908.38984940937","4004.45370467905","3995.69463400923","3977.09013899612","3566.06101245916","3974.17048403277","4176.99997621715","4133.77376003294","4241.46746471505","3888.12090437027","4405.55802252687","3963.54182808526","4325.39866034343","4349.88464282964","4520.74459763046","4530.39388186656","4580.30176471409","4506.51108866508","4479.85733523468","4383.36154918543","5155.61068845207","4795.49667991663","4756.67090508927","4811.7024924065","5082.16089222487","5207.58471528218","5086.68624170532","5222.49441732573","4808.96954553649","5535.47471433062","5820.25681893088","5665.24092703788","6155.1769946155","5999.18217472576","5883.04521869577","5936.1356780934","5865.51189060677","5985.68858630566","5871.24228379328","",
"French Polynesia","PYF","Cereal yield (kg per hectare)","AG.YLD.CREL.KG","","","","","","","","","","","","","","","","","","","","","","","","","","","","","","","","","","","","","","","","","","","","","","","","","","","","","","","","","","","","","","","","",
"Qatar","QAT","Cereal yield (kg per hectare)","AG.YLD.CREL.KG","","","","","","","","","","","","3220","4360","3450","3630.8","3728.6","3430.8","2163.7","2569.1","2409.1","2623","2837.8","3758.2","3190.5","3238.5","3219.7","3262.4","3254.3","3227.2","3050","2897.4","2781.2","3145.4","3048.3","3169.8","3188","3377.8","3377","3362.6","3797.9","4099.4","4046.7","4069.6","3706.4","4121.6","3649.2","3547.4","4155.2","4921.9","6323.6","7592.6","6049.8","6076.4","5719","6494.7","5845.8","4692.7","4996.4","8709.4","6594.9","7124.6","8431.1","9148.5","",
"Romania","ROU","Cereal yield (kg per hectare)","AG.YLD.CREL.KG","","1509.8","1452.3","1555.6","1659.5","1862.3","2037.9","2046","1918.3","1953.8","1801.7","2355.9","2711","2384.2","2295.4","2446.5","3116.4","2950.8","2898.8","2941","2993.9","2627.2","3313.1","2918.5","3195.4","3102.6","3181.1","2821","3265.9","3049.3","3010.8","3191.7","2128.3","2422.7","2772.9","3085.1","2430.3","3541.4","2642.7","3188.1","1927.8","3029.4","2512.5","2534.9","3997.4","3334.2","3102.3","1645.2","3247.3","2824.8","3329.7","3993","2364.1","3863.2","4069.2","3543.9","3971.3","5227.7","5997.2","5457.5","3398.6","5187.8","3634.1","",
"Russian Federation","RUS","Cereal yield (kg per hectare)","AG.YLD.CREL.KG","","","","","","","","","","","","","","","","","","","","","","","","","","","","","","","","","1743.2","1635.8","1457.8","1255.4","1427.3","1788.2","1298.7","1450.8","1561.4","1934.7","1969.1","1777.4","1876.5","1852.7","1886.9","1989.8","2387.3","2280.6","1842.7","2260.3","1858.9","2241","2444","2391.7","2650.8","2967.1","2615.6","2713.5","2905.1","2705.4","3428.7","",
"Rwanda","RWA","Cereal yield (kg per hectare)","AG.YLD.CREL.KG","","854","1359.1","1437.5","1361.9","1454.2","1070","1067.1","958.6","995.1","1122.1","1074.4","1066.9","1049.1","936","1074.8","1097.4","1110.1","1114.5","1086.3","1211.9","1105.3","1199.1","1157.7","1065.5","1226.3","1243.8","1282.9","1216.2","1154.6","1042.6","1237.2","951.1","1446.1","1028.7","1139.5","1263","1129.1","972.6","824.8","848.3","913","1028.4","941.9","959.3","1183.6","1137.9","1015","1266.5","1734.1","1965.8","2089.4","2113.5","2129","1408","1428.8","1446.7","1387.1","1441.4","1443.2","1473.6","1519","1510.7","",
"South Asia","SAS","Cereal yield (kg per hectare)","AG.YLD.CREL.KG","","1018.98030015304","991.877612567078","1039.4064896432","1061.74808115344","949.056415658563","940.888316630597","1066.73096121683","1122.42727747456","1143.60138629118","1200.69142395345","1184.71778458381","1166.58379609985","1232.18162976514","1167.07007046355","1330.79723593943","1280.64770964757","1395.00463296383","1426.48882764046","1313.78445414896","1438.38129525465","1477.39711421761","1436.58620421703","1631.78653722227","1613.6956413723","1645.97697598674","1657.61548054453","1646.90587438201","1806.01061936279","1945.49897568425","1926.13908727729","1958.68654902455","2049.22929257055","2096.8978948952","2098.76927904636","2128.64258394615","2189.08151893135","2228.94429434768","2276.86913989979","2355.96811038708","2375.96714779074","2459.3126503448","2304.80666281587","2468.88968828588","2435.47459932975","2529.88855451661","2550.80528345969","2705.1974397422","2748.59938219392","2736.3549068638","2805.54558329039","2979.11161511777","3060.71883486309","3099.26679217656","3091.02236863405","3010.77453374615","3122.08659299734","3254.50792388391","3389.82799452888","3498.94925269953","3494.73306382132","3602.12990111326","3650.00511125994","",
"Saudi Arabia","SAU","Cereal yield (kg per hectare)","AG.YLD.CREL.KG","","1319.2","1317","1370.6","1350","1373.4","1362.6","1361.2","1139.5","1327.5","1277.3","734.7","714.2","563.5","730.2","837.8","659.1","751.8","744.6","799","587.6","1071.8","1864.9","2764","3235.1","3471.1","3840.3","4106","4127.2","4086.7","4244.8","4200.7","4191.6","4462.4","4546.5","3784.4","3429.5","3562.8","3540.5","3575.5","3516.4","3932","4047.6","4228.9","4675.2","4753.2","5047.1","5121.8","5221.3","4874.4","5507.8","5483.3","5164.2","5359.8","5192.8","5582.8","5440.9","5630.9","5605.5","5295.4","4819.4","4727.5","5002.1","",
"Sudan","SDN","Cereal yield (kg per hectare)","AG.YLD.CREL.KG","","913.1","811.2","877.6","783.6","698.8","605.3","908","668.5","802.6","721.2","756.6","604.7","604.2","672.1","692.6","776.8","648.9","722.4","544","629.5","760.1","480.3","494.1","290.4","559.8","565.4","364.8","628.3","369.4","463","681.2","651.6","503.2","508.3","424.9","607","430.5","594","429.5","505.2","626.2","487.2","643.7","657.2","505.8","644.8","729.5","567.1","587.3","451.7","563.8","539.4","594.1","683.4","572.1","686","600.9","731.8","554.4","595.2","508.3","759.7","",
"Senegal","SEN","Cereal yield (kg per hectare)","AG.YLD.CREL.KG","","549.4","544.3","573.3","588.3","588.7","530.8","636.3","461.2","699","475.6","655.7","370.9","508","740.5","708.2","706.8","508.1","833.2","616.8","547.4","904.7","684.3","573.3","612.1","819.9","761.7","841.4","712.1","847.3","795","822.6","798.6","836.5","757.7","872","758.5","716.7","667.8","870.4","879.4","887.1","651.6","1090.7","974.5","1201.1","879","722.5","1174.2","1134.6","1196.5","966.9","1221.3","1124.1","1111.5","1376.1","1350.6","1476.2","1644.3","1601.3","1821.6","1854.7","1931.9","",
"Singapore","SGP","Cereal yield (kg per hectare)","AG.YLD.CREL.KG","","","","","","","","","","","","","","","","","","","","","","","","","","","","","","","","","","","","","","","","","","","","","","","","","","","","","","","","","","","","","","","","",
"Solomon Islands","SLB","Cereal yield (kg per hectare)","AG.YLD.CREL.KG","","1739.1","1833.3","1920","2000","2074.1","2210.1","1085.7","2341","1388.7","2726","2626.6","3344.3","3093.9","3096.4","2065.1","2952.2","3231.4","2875.7","3411.4","3684.7","3441.5","3302.4","3693.4","2917.8","2743.8","2760.1","","","","4918.9","4823.7","4728.4","4633.1","4537.9","4442.6","4533.7","3854.4","3939.4","4500","4649.5","4649.6","4598.4","3207.6","3125","3000","3350.5","3001.1","2545.5","2272.7","2091.5","2248.5","2151.7","2039","1914","1879.7","1936.2","1873.3","1905","1909","1889.9","1899.8","1903.1","",
"Sierra Leone","SLE","Cereal yield (kg per hectare)","AG.YLD.CREL.KG","","940.6","1211.3","1220.9","1360.2","1304","1319.9","1327.8","1318.8","1600.4","1357.5","1288.7","1356.7","1346.5","1381.1","1476.2","1427.1","1441.6","1438.1","1238.4","1251.1","1256.3","1309.5","1243.9","1536","1253.7","1477.5","1283.8","1222.9","1238.1","1201.7","1233.7","1234","1187.8","1161.1","1195","1253.3","1205.6","1111.6","1118.9","1078.2","998.2","995.9","1011.8","1000.3","1117.8","1347.6","1290.4","1350.9","1645.9","1747.2","1751.1","1539","1777.5","1519.7","1339.7","1092.3","1141.7","813","1523","1633.7","1966.9","1877.4","",
"El Salvador","SLV","Cereal yield (kg per hectare)","AG.YLD.CREL.KG","","937.8","1083.9","1148","1167.2","1082.2","1286.8","1219.4","1353.8","1389.5","1621.2","1677.2","1207.3","1817.8","1474.1","1706.1","1433.4","1447.2","1733.9","1708.7","1706","1691.3","1555","1671.3","1949.9","1809.4","1620.1","1555.1","1931","1948.7","1939.3","1633.5","2039.3","1986.9","1609.6","2051.3","2119.3","1736.3","1886.7","2250","2155.3","1909.7","2476.9","2472.5","2486.1","2632.7","2802.9","2615.2","2905.3","2726.9","2726","2492","2782.2","2713","2485.7","2288.1","2745.5","2909.7","2379.7","2777","2732","2950.3","2659.3","",
"San Marino","SMR","Cereal yield (kg per hectare)","AG.YLD.CREL.KG","","","","","","","","","","","","","","","","","","","","","","","","","","","","","","","","","","","","","","","","","","","","","","","","","","","","","","","","","","","","","","","","",
"Somalia","SOM","Cereal yield (kg per hectare)","AG.YLD.CREL.KG","","489.4","485.4","467.3","463.8","463.5","468.1","467.3","471.8","475.9","491","498.8","494.2","478.7","468.5","473.1","408.8","428.7","447","422.6","462.6","530.6","532.6","643.6","643.8","746.9","920.2","693.7","699.1","792.1","627.6","560.9","504.7","452.5","410.4","494.6","504.5","481.1","419.6","581.7","733","812.7","769.8","688","581.1","650.9","493.7","605.8","557.5","416.4","575.2","457.2","1190","964","582.9","593.8","507.3","506.6","710.2","522.2","502.5","502.6","502.5","",
"Serbia","SRB","Cereal yield (kg per hectare)","AG.YLD.CREL.KG","","","","","","","","","","","","","","","","","","","","","","","","","","","","","","","","","","","","","","","","","","","","","","","4455.2","3232.6","4570.6","4601.1","4958.8","4751.4","3701.7","5157.8","5960.6","4787.3","6165.9","3967.9","6132.1","6127.3","6570.2","5769.9","4638","",
"Sub-Saharan Africa (excluding high income)","SSA","Cereal yield (kg per hectare)","AG.YLD.CREL.KG","","805.838846260799","821.990762225145","821.698496045164","789.580768903594","767.411357634551","771.993613619413","919.274176733614","794.03248758374","802.267290762525","829.32350899889","900.76569211453","917.265786307844","799.713655805162","1022.46699139366","1008.00081735415","953.142849954331","1016.45228176147","1031.64166741432","1007.48754046578","1064.49837791579","1239.79433574897","1075.86284001604","960.097869533313","923.44633853489","1055.72305588898","1050.07874094919","1035.1561282813","1098.34580143293","1130.63036599367","1052.49475928995","1060.73187099482","905.970760246157","1081.73270093902","1028.87122419379","992.317654924434","1128.61149901021","1049.2683495064","1069.73255665892","1109.53392254293","1125.50590686125","1129.70325697104","1132.72758033474","1113.27586319553","1191.15251831682","1159.3261205569","1236.44446929345","1212.05259735501","1288.04133270248","1312.83616579852","1363.31403653718","1281.01758159992","1410.56309470611","1327.56335920303","1444.7263727268","1448.93480918587","1410.50686403303","1522.66060928052","1535.11114793136","1540.78519456164","1612.33748243178","1619.33210721353","1612.88341960525","",
"South Sudan","SSD","Cereal yield (kg per hectare)","AG.YLD.CREL.KG","","","","","","","","","","","","","","","","","","","","","","","","","","","","","","","","","","","","","","","","","","","","","","","","","","","","","705.2","765.6","1253.7","907.3","879.1","885.2","843.7","880.5","885.5","844.6","1055.7","",
"Sub-Saharan Africa","SSF","Cereal yield (kg per hectare)","AG.YLD.CREL.KG","","805.838846260799","821.990762225145","821.698496045164","789.580768903594","767.411357634551","771.993613619413","919.274176733614","794.03248758374","802.267290762525","829.32350899889","900.76569211453","917.265786307844","799.713655805162","1022.46699139366","1008.00081735415","953.142849954331","1016.45228176147","1031.64166741432","1007.48754046578","1064.49837791579","1239.79433574897","1075.86284001604","960.097869533313","923.44633853489","1055.72305588898","1050.07874094919","1035.1561282813","1098.34580143293","1130.63036599366","1052.49475928995","1060.73187099482","905.970760246157","1081.73270093902","1028.87122419379","992.317654924434","1128.61149901021","1049.2683495064","1069.73255665892","1109.53392254293","1125.50590686126","1129.70325697104","1132.72758033474","1113.27586319553","1191.15251831682","1159.3261205569","1236.44446929345","1212.05259735501","1288.04133270248","1312.83616579852","1363.31403653718","1281.01758159992","1410.56309470611","1327.56335920303","1444.7263727268","1448.93480918587","1410.50686403303","1522.66060928052","1535.11114793136","1540.78519456164","1612.33748243178","1619.33210721353","1612.88341960525","",
"Small states","SST","Cereal yield (kg per hectare)","AG.YLD.CREL.KG","","904.319105314546","1041.68513705753","1012.19179391773","1008.67482428666","1079.97077274759","968.073824355811","947.530003385172","895.778161401169","927.187280438253","857.666472091881","998.907165420095","1010.46041185487","866.930751138936","1186.61564309563","1126.51978898736","1068.01900642729","1275.99711125708","1325.32243999767","1237.1041095463","1203.65823125413","1213.4061483088","1225.35435109076","1168.966125507","1331.09017661341","1345.42408430546","1289.85504686051","1221.34207257025","1190.63856611866","1179.20383036409","1181.03008084073","1250.00104653587","1390.74746377511","1614.58142074869","1247.3906599928","1462.06756560216","1470.03886523472","1453.28691992802","1474.49201639389","1338.86756117779","1383.76415320977","1521.08968329741","1345.50310886088","1469.91393835748","1502.28957999546","1586.48031398229","1498.784954245","1645.55428408118","1583.97761033503","1617.99205419973","1650.73256285676","1701.29864104","1780.97611798941","2029.65815164986","1800.03742574755","2331.48672627879","1886.29126845135","2134.47512658042","1838.86786605634","2700.65860702499","2385.3225527475","2134.2177747548","2422.5000230148","",
"Sao Tome and Principe","STP","Cereal yield (kg per hectare)","AG.YLD.CREL.KG","","1481.5","1481.5","1481.5","1481.5","1481.5","1448.3","1433.3","1466.7","1508.2","1516.1","1548.4","1538.5","1529.4","1514.3","1527.8","1515.2","1515.2","1515.2","1500","1500","1515.2","1515.2","1500","1555.6","1516.7","1500","1600","1764.7","2000","1928.6","2117.6","2222.2","2193.5","2263.2","2222.2","2250","2222.2","1931.4","2100","2230","2173.9","2107.4","2131.1","2145.7","2223.9","2454.5","2307.7","2153.8","1538.5","1615.2","2099.5","2099","2096","2065","2033.2","2012.5","2002.3","2002.4","2024.4","2040.2","2042.7","2045.2","",
"Suriname","SUR","Cereal yield (kg per hectare)","AG.YLD.CREL.KG","","2763.4","2897","2705.3","2890.2","2994.4","3330.9","3527.9","3267.7","3479.6","3708.3","3391.6","3284.2","3640.6","3656.4","3675.3","3559.9","4077.4","4051.7","3999.7","3959.5","3958.1","4144.6","3649.7","4031.7","3990.2","3985.5","3812.7","3811.1","3731.5","3765.1","3813.4","3795.1","3694","3626.9","3515.7","3700.7","3980.8","3756.5","3718.6","3896","3765.8","3921.2","3693.8","3559.2","3597.7","4128.7","4252.7","4188.7","4208.9","4232.4","4132.7","4361.9","4495.8","4433","4529.6","4433","4879","4868.4","4555.3","4319.1","4638.3","4758.6","",
"Slovak Republic","SVK","Cereal yield (kg per hectare)","AG.YLD.CREL.KG","","","","","","","","","","","","","","","","","","","","","","","","","","","","","","","","","","3775.8","4304.7","4116.4","4014.1","4388.2","4054.9","3857.4","2709.9","3889.7","3899.7","3136","4641.8","4511.8","3996.3","3561.2","5175.3","4331.5","3737.3","5009","3829.1","4490.4","6038.7","5079.6","6430.4","4856","5409.7","5336","6129.8","5976.8","4754.5","",
"Slovenia","SVN","Cereal yield (kg per hectare)","AG.YLD.CREL.KG","","","","","","","","","","","","","","","","","","","","","","","","","","","","","","","","","3230.1","3765.1","5024","4998.3","4857.9","5632.3","5793.1","5186.4","4803.1","4734.5","6117.9","4011.5","5826.2","6006.9","5116","5341.3","5474.7","5268.3","5981","6373.8","5761.9","4615.5","6472.5","6283.9","6464.6","5540","6071.9","6503.1","7385.5","6864.8","5564.5","",
"Sweden","SWE","Cereal yield (kg per hectare)","AG.YLD.CREL.KG","","2812.7","2644.7","2550","3237.6","3156.2","2543.8","3258.5","3394.9","2678.2","3240.7","3535.8","3368","3084","4191.4","3378.1","3427.3","3375.7","3699.6","3436.1","3520.8","3827","3923.9","3653.5","4492.1","3779.1","3907.7","3820.8","3681.5","4325.1","4963.7","4492.6","3359.4","4758.9","3891.4","4358.6","4893.6","4718.3","4379.7","4276.3","4560.3","4583.3","4780.4","4584.5","4892.9","4932.3","4292.2","5150.8","4820.5","5078.9","4510.4","4712.9","5101.8","5123.5","5646.9","6053.6","5438.2","5992.3","3535.5","6292.1","5994.4","5064.7","6107.4","",
"Eswatini","SWZ","Cereal yield (kg per hectare)","AG.YLD.CREL.KG","","469.3","486.1","541.1","477.8","482.9","453.4","685.1","552.1","619.5","648.2","1619","1753.5","1160.6","1554.3","1418.7","1469.2","1322.5","1803.3","967.1","1381.4","1685.4","901.5","720.2","1802.8","2045.5","1487","1288.9","1313.9","1053.2","1284","1050.4","1554.3","1381.2","1271.9","2169.6","1756.6","1906","1897.7","1633.7","1632.7","1417.6","996.5","1023.9","1246.5","1317.1","1423.1","567.6","1001.4","1289.5","1205.3","1343.6","1337.2","1367.3","1362.3","1259.7","1224.9","1240.4","1271.9","1284.4","1287","1432.4","1587.4","",
"Sint Maarten (Dutch part)","SXM","Cereal yield (kg per hectare)","AG.YLD.CREL.KG","","","","","","","","","","","","","","","","","","","","","","","","","","","","","","","","","","","","","","","","","","","","","","","","","","","","","","","","","","","","","","","","",
"Seychelles","SYC","Cereal yield (kg per hectare)","AG.YLD.CREL.KG","","","","","","","","","","","","","","","","","","","","","","","","","","","","","","","","","","","","","","","","","","","","","","","","","","","","","","","","","","","","","","","","",
"Syrian Arab Republic","SYR","Cereal yield (kg per hectare)","AG.YLD.CREL.KG","","528.6","987.1","820.3","762.4","893.9","618.4","869.9","718.2","861.9","346.5","588.7","1256.6","293.8","1001.9","788.2","1027.7","622.7","921.5","673.2","1420.4","1330","792","936","584.5","935.1","1167","814.7","1660.6","334.7","750","922.4","1174.8","1489.3","1536.5","1661.1","1853.2","1273.2","1585","1072.4","1148.6","1692.6","1993.5","1999","1657.5","1711.4","2002.3","1622.4","896.7","1707.7","1231.9","1679","1643.5","1576","1063.1","1905.8","1108.9","1233.4","750","2203.9","1832.3","820.4","949.9","",
"Turks and Caicos Islands","TCA","Cereal yield (kg per hectare)","AG.YLD.CREL.KG","","","","","","","","","","","","","","","","","","","","","","","","","","","","","","","","","","","","","","","","","","","","","","","","","","","","","","","","","","","","","","","","",
"Chad","TCD","Cereal yield (kg per hectare)","AG.YLD.CREL.KG","","592.2","544.1","758.6","635.4","546.6","658.7","668.8","669.3","727.3","705.7","634.9","482.6","512.7","645.6","578.8","510.8","523.3","515.4","491.7","546.6","721.9","675.8","522.6","503.8","624.2","584","554.3","734.4","549.2","559.2","618.6","729.9","501","746.5","581.8","601.3","582","685.2","672.8","531.3","634.7","670.9","827.3","671.2","749.9","766.8","799.3","775.2","598.3","762.8","632","934.8","822.8","855.7","801.9","844.7","825.2","893","886.3","867.1","814.3","845.5","",
"East Asia & Pacific (IDA & IBRD countries)","TEA","Cereal yield (kg per hectare)","AG.YLD.CREL.KG","","1274.17074737354","1380.17578430176","1510.86328029762","1598.04202043473","1683.29644110001","1765.81214438565","1820.2821583517","1842.7534578667","1847.12833983341","2042.20100112202","2078.46132173311","2016.91542252428","2152.40694902279","2239.1224043152","2303.19792329552","2355.2722839105","2296.37440211069","2537.30869414911","2728.05772243203","2695.30412524692","2822.67998517683","3127.1817319697","3304.18130705709","3489.62744756881","3394.67509682594","3451.91229620416","3513.04539731832","3479.60436599747","3570.98178495512","3784.82906047663","3757.36769303652","3850.24079153457","3984.26187323181","3975.25000417241","4083.23921214395","4264.99631111726","4216.06140860474","4305.01572913245","4301.37970326795","4214.7521348241","4260.95584977681","4341.30615797737","4341.8266352622","4563.96537834916","4619.74864243772","4699.26683093884","4734.23477401158","4911.62262701434","4866.15749279349","4930.03965050885","5071.01279376394","5185.91183126677","5238.19295902323","5270.23865060579","5375.15181311418","5366.53434975642","5425.36177681054","5455.10744461338","5544.65117504257","5554.55766360742","5594.32980989442","5623.30080567488","",
"Europe & Central Asia (IDA & IBRD countries)","TEC","Cereal yield (kg per hectare)","AG.YLD.CREL.KG","","1388.35025693308","1386.02613726054","1531.00796424708","1450.75517407636","1592.76068445801","1734.02038857328","1758.38080500481","1707.05709410215","1779.58666358759","1678.86595012552","2067.2429804437","2137.68318566722","2034.39382712621","2056.55026199041","2159.72792811739","2458.62322811472","2323.37144097518","2419.59613187727","2330.20557589939","2361.67654198306","2348.71125280299","2617.84812537291","2444.69298694227","2684.43411774713","2503.74368112983","2730.82150758521","2650.45039480628","2734.96180672899","2611.2157558502","2790.36787076778","2816.8952785292","1947.80061295709","1942.42500846651","1756.15211172644","1728.53521909507","1706.94622633919","2057.92198008827","1834.29038300425","1929.21496881163","1821.63697653486","2205.80767369513","2228.28773595592","2040.08715020572","2350.78862098873","2269.16238364169","2243.73740280576","2165.40471097165","2614.36828210074","2548.29858504645","2342.85133543625","2781.67842187358","2360.99424679562","2820.82131268277","2975.3759941312","2894.69414815845","3104.54467659905","3238.46211313343","3188.3501369116","3242.75271542638","3196.15540313031","3311.85290019323","3414.16294669198","",
"Togo","TGO","Cereal yield (kg per hectare)","AG.YLD.CREL.KG","","465","477.4","513.3","502.1","452.5","467.7","463.2","571.7","726.7","812.5","902.7","974.3","859","919.6","970.5","830.9","844","757.2","822.6","635.7","728","868.6","748.5","892.4","840.4","787.9","721.3","843.8","917.9","746.8","762.7","863.3","877.6","721.7","849.3","811.4","981.1","835.4","1060.8","1058.3","1150.3","1131.1","1154.7","1094.8","1132.6","1130.7","1121.6","1144.4","1242.9","1187.4","1226.3","1112.4","1090.1","1153.1","1236.2","1130.8","1137.2","1145.2","1143","1150.3","1149.5","1167.8","",
"Thailand","THA","Cereal yield (kg per hectare)","AG.YLD.CREL.KG","","1675.5","1737.2","1891.8","1830.1","1786.3","1842.8","1775.8","1821.9","1905.2","2075.8","1993.2","1781.4","1957.8","1878.8","1889.4","1899.5","1592","1968.7","1837.9","1911.1","1983.4","1918.9","2050.5","2102.6","2125.4","2089","2006.3","2203.5","2143.1","2009.2","2295.4","2254.1","2119.9","2409.4","2507.4","2525.7","2456.4","2522.6","2537.4","2719","2952.6","2998.3","2998.8","2961","3046.8","3009.5","3089.4","3063.5","2995.9","3071.3","3257.2","3256.6","3214","3141.1","2958.7","3064.5","3172.3","3151.7","3022","3013.9","3061.9","3092.5","",
"Tajikistan","TJK","Cereal yield (kg per hectare)","AG.YLD.CREL.KG","","","","","","","","","","","","","","","","","","","","","","","","","","","","","","","","","993.7","963.8","880.8","915.9","1038.8","1314.2","1235.3","1235.5","1310.7","1397.9","1889.3","2100.6","2150.4","2164.4","2158.7","2440","2141","3119.4","3117.2","2519.3","2891.1","3159.4","3189.4","3261","3348.7","3459.5","3404.4","3636.7","3482.6","3711.4","3265.8","",
"Turkmenistan","TKM","Cereal yield (kg per hectare)","AG.YLD.CREL.KG","","","","","","","","","","","","","","","","","","","","","","","","","","","","","","","","","2210.6","2333.6","2610.7","1700.7","824.2","1186.4","2148.6","2270.7","2122.4","2319","2921.1","2769.5","2931.6","2926.7","3288.4","1300","1100","1600","1700","1366","1490.8","1643.1","1738.3","1909.5","1880.2","1843.8","1496.8","2214.1","2191.4","2096.2","1874.6","",
"Latin America & the Caribbean (IDA & IBRD countries)","TLA","Cereal yield (kg per hectare)","AG.YLD.CREL.KG","","1272.48436145888","1335.19859994018","1308.24405129827","1388.31561691562","1362.90308220447","1366.6011239963","1429.97133276131","1347.62463567755","1412.75675607225","1533.11612273593","1494.01105848152","1445.66412196175","1613.6702305205","1661.08032566284","1624.80209765882","1629.07811052405","1691.77256738668","1710.20836257328","1726.19359776989","1796.6898962439","1994.89939865261","1985.67349222691","1981.48654966064","2094.12735535801","2138.55543932087","2033.78989469275","2097.17036777427","2092.03462099459","2109.24005471739","2090.18308994397","2143.31675241263","2423.56941711463","2530.14246285389","2435.06646874166","2569.58505270853","2517.74734815381","2663.44971135586","2853.95328748714","2810.39179089261","2851.82993048188","3043.50266327804","2938.81570316613","3189.74032859573","3190.02990076542","3210.0290386053","3268.20077863169","3544.09095982942","3662.1102082863","3344.90477129644","3869.32199372331","3817.75021751354","3971.24712912966","4168.64544149845","4178.51062880555","4360.49827274803","4191.40157296325","4689.55562620716","4346.4743061054","4860.59940563077","4721.75456342514","4439.83019511245","4591.73242848014","",
"Timor-Leste","TLS","Cereal yield (kg per hectare)","AG.YLD.CREL.KG","","1404","1217.2","1194.5","1154.7","1197.1","1240.7","1280.1","1477.5","1355.9","1276.8","1233.3","1421.4","1476","1583.3","1500","1400","1414.6","1320","1280.7","1269.8","1305.1","1296","1292.3","1374.6","1334.8","1335","1420.4","1523.7","1601.4","1608.1","1737.5","1735.4","2031.7","2025.2","2017.4","2046.6","1779.4","2094.9","1555.8","1936.8","1338.7","1667.2","1443.4","1562.7","1541.9","1503.4","1276.1","1442.7","2315.5","2451.4","2586.1","2089.9","2656.4","2923.1","2595.7","2567.9","2383.3","2503.6","2354.2","2658.5","1201.9","2046.1","",
"Middle East & North Africa (IDA & IBRD countries)","TMN","Cereal yield (kg per hectare)","AG.YLD.CREL.KG","","804.158384894838","1102.29907836921","1032.289822347","978.902922111707","1020.4943886453","914.304962778982","998.205566449379","1160.88357054508","1072.91237650718","1014.02046483988","1104.40452311835","1223.05403556146","984.850421488539","1109.5288916105","1146.43345437757","1247.22824007449","1041.34068526833","1192.32725354051","1148.73093779507","1245.86440831841","1137.97806217061","1267.88533628483","1126.71257066021","1173.37456168815","1296.08712309831","1435.42378730375","1303.71808757124","1553.64840154073","1293.5320551025","1471.14816652695","1669.19847760449","1553.53925197124","1599.28020571231","1866.75285879746","1778.19923184481","1983.72719766192","1857.31743643118","1936.72377594509","1888.9916815411","1769.82381973432","1972.22330462146","2274.59666978206","2338.37757233194","2290.66984128328","2135.25866234286","2430.18169543503","2190.21477582979","2112.89580300515","2448.59351708119","2235.14354178396","2264.45168545727","2234.66639116923","2412.1490667517","2332.12783078901","2630.74637609775","2519.22245670176","2357.0233861433","2385.48522341575","2435.5764898519","2210.42824706608","2399.62311174549","2346.28273894457","",
"Tonga","TON","Cereal yield (kg per hectare)","AG.YLD.CREL.KG","","","","","","","","","","","","","","","","","","","","","","","","","","","","","","","","","","","","","","","","","","","","","","","","","","","","","","","","","","","","","","","","",
"South Asia (IDA & IBRD)","TSA","Cereal yield (kg per hectare)","AG.YLD.CREL.KG","","1018.98030015304","991.877612567078","1039.4064896432","1061.74808115344","949.056415658563","940.888316630597","1066.73096121683","1122.42727747456","1143.60138629118","1200.69142395345","1184.71778458381","1166.58379609985","1232.18162976514","1167.07007046355","1330.79723593943","1280.64770964757","1395.00463296383","1426.48882764046","1313.78445414896","1438.38129525465","1477.39711421761","1436.58620421703","1631.78653722227","1613.6956413723","1645.97697598674","1657.61548054453","1646.90587438201","1806.01061936279","1945.49897568425","1926.13908727729","1958.68654902455","2049.22929257055","2096.8978948952","2098.76927904636","2128.64258394615","2189.08151893135","2228.94429434768","2276.86913989979","2355.96811038708","2375.96714779074","2459.3126503448","2304.80666281587","2468.88968828588","2435.47459932975","2529.88855451661","2550.80528345969","2705.1974397422","2748.59938219392","2736.3549068638","2805.54558329039","2979.11161511777","3060.71883486309","3099.26679217656","3091.02236863405","3010.77453374615","3122.08659299734","3254.50792388391","3389.82799452888","3498.94925269953","3494.73306382132","3602.12990111326","3650.00511125994","",
"Sub-Saharan Africa (IDA & IBRD countries)","TSS","Cereal yield (kg per hectare)","AG.YLD.CREL.KG","","805.838846260799","821.990762225145","821.698496045164","789.580768903594","767.411357634551","771.993613619413","919.274176733614","794.03248758374","802.267290762525","829.32350899889","900.76569211453","917.265786307844","799.713655805162","1022.46699139366","1008.00081735415","953.142849954331","1016.45228176147","1031.64166741432","1007.48754046578","1064.49837791579","1239.79433574897","1075.86284001604","960.097869533313","923.44633853489","1055.72305588898","1050.07874094919","1035.1561282813","1098.34580143293","1130.63036599366","1052.49475928995","1060.73187099482","905.970760246157","1081.73270093902","1028.87122419379","992.317654924434","1128.61149901021","1049.2683495064","1069.73255665892","1109.53392254293","1125.50590686126","1129.70325697104","1132.72758033474","1113.27586319553","1191.15251831682","1159.3261205569","1236.44446929345","1212.05259735501","1288.04133270248","1312.83616579852","1363.31403653718","1281.01758159992","1410.56309470611","1327.56335920303","1444.7263727268","1448.93480918587","1410.50686403303","1522.66060928052","1535.11114793136","1540.78519456164","1612.33748243178","1619.33210721353","1612.88341960525","",
"Trinidad and Tobago","TTO","Cereal yield (kg per hectare)","AG.YLD.CREL.KG","","2352.1","2381.4","2411","2439.5","2411.1","2424.2","2642.7","2659.2","2707.4","2901.6","3022.4","3002.1","2981","2960","2686.3","2957.9","2948.7","2986.2","3259.6","3201.6","3038.6","3073.9","3075.7","2470.1","2358.5","2408.6","2562.4","2721.8","2565.5","3326.1","3094.4","3594.6","3262.2","3582.1","3604","3424.4","2468","2463.2","1712.4","2277.3","1449.4","1669.3","1532.7","1573.3","1555.2","1478.4","1673.8","1724.5","1657.5","1667.4","1639.5","1471.7","1610.5","1329.4","1110.4","1444.3","1627.5","1688.1","1530.5","1522.7","1589.6","1637.6","",
"Tunisia","TUN","Cereal yield (kg per hectare)","AG.YLD.CREL.KG","","499.2","729.5","749.6","641.6","738.8","693.1","618.8","701.1","662.6","553.5","713.9","905.4","825.3","813.8","931.6","734","712.7","667.5","597","915.5","971.7","1086.1","582.9","716.9","1084.8","758.5","1154.9","935.7","642.8","1144.6","1546.3","1516.8","1210.3","893.9","1109.8","1447.1","1061.2","1296","1229","984.5","1715.3","1233.7","1515.5","1309.6","1442.8","1256.1","1622.5","1467.3","1877.6","1694.1","1710.8","1674.3","1136.2","1805.8","1102.7","1541.2","1304","1223.4","1947","1324.5","1452","1640.8","",
"Turkiye","TUR","Cereal yield (kg per hectare)","AG.YLD.CREL.KG","","989.4","1136","1343.4","1117.9","1138.6","1272.7","1303.4","1215.7","1291.7","1215","1573.5","1435.1","1238.1","1294.2","1632.4","1805.5","1791.7","1824.6","1880.1","1855.1","1871.7","1978.7","1838.4","1971.1","1931","2135.5","2137.4","2250.2","1742.1","2214.2","2240.5","2124.4","2255.9","1922.3","2057.3","2112.3","2151.3","2387.5","2099.8","2370.6","2178.3","2242","2308.6","2477.9","2634.4","2661.9","2410.2","2601.3","2808","2727.1","2970","2958.3","3256.9","2831.5","3307.8","3105.4","3257.4","3163.9","3200.8","3341.5","2918.5","3464.7","",
"Tuvalu","TUV","Cereal yield (kg per hectare)","AG.YLD.CREL.KG","","","","","","","","","","","","","","","","","","","","","","","","","","","","","","","","","","","","","","","","","","","","","","","","","","","","","","","","","","","","","","","","",
"Tanzania","TZA","Cereal yield (kg per hectare)","AG.YLD.CREL.KG","","805.7","831.3","958.6","804.4","801.4","760.2","702.5","581.1","638.5","573.8","708.1","668","903","764.6","1052.2","1007.6","1005.9","999.6","1166.3","1020.2","1003.1","1429.5","1300.9","1270.7","1366.8","1126.6","1274.3","1220.1","1489.2","1506.5","1234.1","1087.6","1227.4","1151.7","1702.8","1588.1","1101.2","1198.8","1766.4","1440.7","2043.5","1899.5","858.1","1370.6","1101.6","1326.7","1427.3","1333.9","1110.4","1647.9","1390.4","1314.8","1418","1669.1","1617.2","1711.1","1692","1938.5","1883.7","1828.3","1747.1","1593.1","",
"Uganda","UGA","Cereal yield (kg per hectare)","AG.YLD.CREL.KG","","902.3","903.7","926.6","884.4","910.5","908.9","913.1","1074.5","1185.5","1362.6","1087.9","1227.6","1173.5","1079.8","1350.8","1217.2","1205.4","1210.1","1613.7","1491","1561.7","1309","1617.3","1041.9","1469.5","1181.3","1427.5","1438.3","1515.8","1497.6","1434.1","1530.1","1541","1495","1571.2","1204.9","1218.1","1526.4","1633.9","1539.4","1641.1","1638.8","1677.6","1468","1573.8","1522.9","1526","1827.7","2038.6","1978.5","2056.9","2029.1","1997.5","2080.6","2086.8","2134.2","2287.7","2523.1","2841.5","3025.6","4345.3","2289.5","",
"Ukraine","UKR","Cereal yield (kg per hectare)","AG.YLD.CREL.KG","","","","","","","","","","","","","","","","","","","","","","","","","","","","","","","","","2834.1","3289.3","2724.6","2512.3","2010.2","2490.3","2109.4","2002.9","1950.8","2729.5","2752.2","2278.4","2845.2","2623","2427.7","2206.7","3486.9","3003.8","2726.6","3753.7","3156.8","4030.8","4400.2","4140.9","4651.6","4311.3","4847.3","4975.8","4293.4","5454.6","4614.1","",
"Upper middle income","UMC","Cereal yield (kg per hectare)","AG.YLD.CREL.KG","","1234.82601730422","1339.81631548971","1440.82020585234","1503.37263916361","1567.17924859784","1660.25427620638","1726.58534363121","1685.37092104196","1710.06510248922","1871.45290429533","1930.38673206054","1880.36945222469","1982.98164756227","2082.90345121301","2132.78542352327","2165.65804239067","2162.12187529452","2347.51285599003","2473.74511009752","2465.84467713004","2618.19755590112","2777.6480938784","2877.36016647664","3063.69088998891","2978.29128230919","3013.41681532537","3073.48634370532","3065.39007538304","3141.07081390913","3315.42819722991","3305.42802966719","2844.75679188421","2885.65759842655","2826.53171790825","2909.98562609809","3084.12833654911","3171.30817843439","3281.84328177849","3311.24402668705","3197.12892973563","3298.66387094372","3321.97286348243","3345.19168336749","3480.69241003471","3520.38881335962","3630.6135097669","3683.66140759277","3899.9024854718","3827.4868080114","3948.83469901856","4085.18446341165","4105.23202142706","4248.31750378636","4281.67749443069","4417.3559059298","4416.8437887084","4628.57460237909","4525.29015713657","4645.49237966738","4649.02092121762","4574.53800482503","4768.96246554374","",
"Uruguay","URY","Cereal yield (kg per hectare)","AG.YLD.CREL.KG","","859.7","936.9","794.6","1084.2","951.4","872.5","753.1","890.5","1038.8","1157","1035","1117.8","1265.2","1385.2","1157.8","1296.2","1079.5","1343.9","1509.2","1618.3","1804.1","2056","1876.3","1955.2","1840.9","1870.6","2100.1","2539","2633.7","2182.3","2419.4","2733.4","2478.6","2969.4","3187.8","3290.1","3078","3434.9","3896.2","3892","3338.6","3467.4","3504","4409.7","4339.9","4493.5","4347.2","4324.6","3884.9","4176.4","4410.9","4070.5","3766.2","4351.8","4142.9","4766.7","5056.6","3941.1","5329.4","4964.3","5499.4","4344.6","",
"United States","USA","Cereal yield (kg per hectare)","AG.YLD.CREL.KG","","2522.3","2683.1","2800.6","2639.3","3040.8","3016.7","3161.2","3212.8","3464.3","3154.9","3725.6","3908.2","3683.2","2997.5","3461.3","3533","3683.2","4109.8","4426.2","3771.9","4256.7","4370.6","3535.9","4374.1","4763.3","4698.9","4735.4","3706.9","4473.9","4755.1","4507.6","5357.8","4298.8","5560","4644.8","5175.3","5275.3","5676.5","5736.5","5854.3","5891.1","5546.8","6023.7","6851.1","6450.7","6400.4","6704.4","6598.3","7226.2","6978.1","6803.5","5911.9","7300.9","7638.1","7430.1","8614.2","8281.3","8196","8005.5","8144.5","8252.2","8071.7","",
"Uzbekistan","UZB","Cereal yield (kg per hectare)","AG.YLD.CREL.KG","","","","","","","","","","","","","","","","","","","","","","","","","","","","","","","","","2004.8","1785.3","1720.5","2052.5","2009.1","2167.1","2587.8","2630.8","2684.3","3042.9","3765.9","3522.4","3596.1","4042.1","4103.2","4396.9","4285.3","4553.1","4434.2","4414.5","4597.9","4746.4","4806.6","4835.2","4827","4298.2","4103.9","4537.1","4480.2","4734.3","4974.6","",
"St. Vincent and the Grenadines","VCT","Cereal yield (kg per hectare)","AG.YLD.CREL.KG","","4000","4000","4000","4000","4000","3500","3360","3440","3185.2","3185.2","3259.3","3169","3142.9","3142.9","3214.3","3214.3","3214.3","3357.1","3333.3","3312.5","3235.3","3333.3","3351.4","3315.8","3300","3000","3333.3","2998","3325.6","3566.8","3333.3","3374.3","3465.7","3580.8","3758.1","3333.3","4292.2","3333.3","3000","15000","14285.7","14857.1","14825","14444.4","14418.6","13571.4","12181.8","12727.3","16750","18774.2","27640","25878.8","23958.3","24485.7","24218.8","24742.9","28225","27837.8","28125","29241.4","30400.2","31620.7","",
"Venezuela, RB","VEN","Cereal yield (kg per hectare)","AG.YLD.CREL.KG","","1115.6","1164","1119.1","1199.7","1271.5","1308.3","1180.4","1233.2","1200.8","1305.1","1234.8","1264.3","1368.4","1451.6","1634.6","1549.3","1892.6","1868.7","1913.3","1914.1","1885.4","1973.5","1936.4","2030.1","2029.1","1947","1994.1","2123.7","2343.4","2486.1","2558.7","2592.8","2939.6","2962.8","2974.1","3034.3","3084","3092.5","3322.1","3247.9","3308.6","3184.8","3210.6","3385.8","3353.8","3415.7","3594.4","3428.4","3171.6","3576","3461.1","3760.2","4007.3","4040.7","3505.7","3458.2","3122.7","2883.3","3132.6","4034.8","3505.1","3384.1","",
"British Virgin Islands","VGB","Cereal yield (kg per hectare)","AG.YLD.CREL.KG","","","","","","","","","","","","","","","","","","","","","","","","","","","","","","","","","","","","","","","","","","","","","","","","","","","","","","","","","","","","","","","","",
"Virgin Islands (U.S.)","VIR","Cereal yield (kg per hectare)","AG.YLD.CREL.KG","","","","","","","","","","","","","","","","","","","","","","","","","","","","","","","","","","","","","","","","","","","","","","","","","","","","","","","","","","","","","","","","",
"Viet Nam","VNM","Cereal yield (kg per hectare)","AG.YLD.CREL.KG","","1856.4","1953.3","2070.9","1909.8","1898.4","1762","1878.6","1681","1756.8","2103.7","2167.9","2143.9","2168","2114.6","2064.1","2167.9","1873.6","1746.1","2002.6","2016.1","2127.9","2433.6","2539.4","2645.8","2691.8","2715.1","2606.8","2849.8","3089.2","3072.9","3006.4","3212.6","3361.6","3458.7","3570","3666.3","3758.3","3876","3971.2","4112.4","4167.3","4440.9","4506.7","4690.9","4726.2","4749.8","4846.2","4897.6","5080.3","5177.5","5381.2","5462","5425.5","5577.8","5601.2","5441","5434.4","5685.4","5715.8","5797.3","5947.1","5905.2","",
"Vanuatu","VUT","Cereal yield (kg per hectare)","AG.YLD.CREL.KG","","500","500","500","500","500","471.4","466.7","475","500","529.4","500","526.3","500","500","500","500","500","500","500","520","520","520","520","520","519.7","515.4","507.7","500","507.7","510.9","463.8","469.4","475.1","480.8","486.4","492.1","497.8","503.5","509.1","514.8","520.5","526.2","531.8","532.4","531","535.7","551.7","546.7","558.1","563.6","570.8","571.4","633.3","615.8","600.8","601.8","606.8","613.1","616","617.5","609.3","608.2","",
"World","WLD","Cereal yield (kg per hectare)","AG.YLD.CREL.KG","","1421.61931441335","1510.86319369065","1576.09410405956","1576.94632511776","1625.01496915492","1665.76421008332","1748.66530142392","1765.70773566302","1789.41003893558","1816.38862348586","1965.6043414344","1953.46956740206","1985.43788569294","1966.86774687546","2080.38963682139","2088.67769251362","2135.93467177796","2296.36694515943","2331.5755099258","2297.40844974315","2438.72135679948","2534.28800407778","2443.62476643272","2691.79118326562","2695.35947081804","2690.08652129414","2677.48752263924","2600.40810185872","2754.99566633829","2870.94913188413","2859.41726971991","2775.59161233684","2735.20125370407","2818.80995875159","2758.08609175154","2938.75994965284","2987.78597049438","3060.08741646579","3099.40741187199","3069.18892459386","3126.78362014272","3101.76671026973","3094.62170449617","3373.07784410307","3262.695741296","3307.42861646256","3373.13924261178","3537.64309891583","3555.47662709117","3546.90743044674","3656.04648098519","3614.79246241568","3822.79627521714","3896.2492880021","3928.00085485211","4008.42739418534","4075.04406690677","4035.03857477814","4131.81959813035","4100.76803936595","4152.23271838927","4182.38297042313","",
"Samoa","WSM","Cereal yield (kg per hectare)","AG.YLD.CREL.KG","","","","","","","","","","","","","","","","","","","","","","","","","","","","","","","","","","","","","","","","","","","","","","","","","","","","","","","","","","","","","","","","",
"Kosovo","XKX","Cereal yield (kg per hectare)","AG.YLD.CREL.KG","","","","","","","","","","","","","","","","","","","","","","","","","","","","","","","","","","","","","","","","","","","","","","","","","","","","","","","","","","","","","","","","",
"Yemen, Rep.","YEM","Cereal yield (kg per hectare)","AG.YLD.CREL.KG","","782.5","780.7","771.8","776.1","773.6","777","794.2","793.6","810.2","780.8","853.7","787.1","843.7","799.8","951","823.2","883.3","956.5","997.3","1016.5","1099","961.4","526.4","533.1","518.3","804","840.2","970.5","1005","907.7","699.7","1110.3","1109.3","1091.6","1105","937.1","895.4","1081.5","1111.2","1085","1064.3","943.8","785.2","715.2","713.1","930.2","1019.5","939.1","995.2","1092.4","1022.5","1064.4","1008.2","962.7","784.2","687","699","682.8","864.9","1423.4","1524.8","871.4","",
"South Africa","ZAF","Cereal yield (kg per hectare)","AG.YLD.CREL.KG","","1099.1","1142.1","1128","913.9","911.4","1010.4","1725.6","1006","1041.1","1187","1498.2","1593.9","1007.5","1875.8","1624.4","1391.5","1752","1876.2","1609.6","2017.3","2680.3","1659.8","960.2","1083.9","1575.9","1589.4","1628.7","1671.5","2281.9","1877.3","1986.1","944.7","2160.1","2585","1419.2","2490.2","2271.8","2181.7","2191.4","2765.9","2424.1","2772.6","2536.8","2777.9","3309.6","3141","2790.3","4063.2","4405.5","4150.4","4017","4243.5","4043","4899.6","3348.4","3623.1","5331.8","4651.9","4101.8","5121.1","5151.1","4964","",
"Zambia","ZMB","Cereal yield (kg per hectare)","AG.YLD.CREL.KG","","822.2","801.4","706.9","788.9","823.5","878","869.6","785.2","774","624.4","876.3","1007.1","838.7","967.7","1311.1","1375.7","1504.7","1515.4","1529.1","1567.5","1930.6","1572.1","1651.2","1646.1","1842.8","1930.6","1610.3","2457.4","1717.3","1351.9","1640.6","763.1","2302.9","1417.5","1331.4","1911.7","1413.4","1211.2","1323.6","1682.3","1403.7","1629.6","1721.2","1825.3","1905.4","2145.9","2258.6","2188","2072.2","2540.9","2745.1","2708.8","2596.1","2774.9","3026.4","2432.2","2489.9","2168.1","2400.4","2481.6","2525","2457.4","",
"Zimbabwe","ZWE","Cereal yield (kg per hectare)","AG.YLD.CREL.KG","","919.7","905.9","822.5","820.5","930.8","937.8","1294.5","1020.2","1145.3","942.3","1391.9","1637","961.3","1485.5","1360.2","1394.1","1475.9","1378.9","1144.2","1184.8","1747.9","1138.6","633","789.6","1867","1692.6","853","1589.9","1508","1624","1336","412.1","1502","1134.5","548.2","1258.7","1054.2","1016.6","1069","1159.5","1193.9","539.1","795.3","1205.9","653.8","934.2","806.7","309.7","452.4","733.4","587.4","695.7","668.5","831.4","557.5","435.1","1203.3","1254.2","749.7","1148.7","1545.3","1411.6","",
