Data Source,https://databank.worldbank.org/source/world-development-indicators,,,,,,,,,,,,,,,,,,,,,,,,,,,,,,,,,,,,,,,,,,,,,,,,,,,,,,,,,,,,,,,,,,,
,,,,,,,,,,,,,,,,,,,,,,,,,,,,,,,,,,,,,,,,,,,,,,,,,,,,,,,,,,,,,,,,,,,,
Last Updated Date,2024-06-28,,,,,,,,,,,,,,,,,,,,,,,,,,,,,,,,,,,,,,,,,,,,,,,,,,,,,,,,,,,,,,,,,,,
,,,,,,,,,,,,,,,,,,,,,,,,,,,,,,,,,,,,,,,,,,,,,,,,,,,,,,,,,,,,,,,,,,,,
Country Name,Country Code,Indicator Name,Indicator Code,1960,1961,1962,1963,1964,1965,1966,1967,1968,1969,1970,1971,1972,1973,1974,1975,1976,1977,1978,1979,1980,1981,1982,1983,1984,1985,1986,1987,1988,1989,1990,1991,1992,1993,1994,1995,1996,1997,1998,1999,2000,2001,2002,2003,2004,2005,2006,2007,2008,2009,2010,2011,2012,2013,2014,2015,2016,2017,2018,2019,2020,2021,2022,2023,
Aruba,ABW,"Death rate, crude (per 1,000 people)",SP.DYN.CDRT.IN,6.594,6.456,6.394,6.275,6.25,6.216,6.047,5.967,5.957,5.916,5.88,5.861,5.754,5.677,5.657,5.699,5.741,5.838,5.934,6,6.06,5.935,6.118,6.253,6.366,6.498,6.69,6.78,6.902,7.129,7.1,6.869,6.418,6.411,6.388,6.366,6.338,6.359,6.339,6.313,6.335,6.348,6.42,6.549,6.808,6.839,6.887,6.958,7.179,7.094,6.745,6.945,7.187,7.403,7.729,7.968,8.336,8.414,8.597,8.778,9.69,11.235,11.084,,
Africa Eastern and Southern,AFE,"Death rate, crude (per 1,000 people)",SP.DYN.CDRT.IN,20.9181075540334,20.6814037084123,20.3931182132739,20.2546340226112,19.8084915885047,19.7955586733842,20.0475420648391,19.4645380816404,19.2369192473959,19.0942882435246,18.8765433133638,18.474162520435,18.8197995486089,18.1259370849401,18.237209408909,18.0930053686215,17.5592278381769,17.3564034992962,17.2442005722328,16.9003662966933,16.6805167351597,16.443989250957,16.2441479956268,17.6213835986256,17.5989568342311,17.2709323329327,16.7716874800497,16.3449467825335,17.224145717891,15.6406540782482,15.6053387597827,15.8224838028085,16.0772796978922,15.6194055296085,16.2807659084593,14.8200950507174,14.8321153104661,14.6342154835785,15.1479185859315,14.2454433701731,13.7756980933728,13.5923980889675,13.3095890478815,12.9812714657523,12.6284413203686,12.2334892737562,11.731215202071,11.2880673010023,10.8631297240559,10.361905180101,9.93944940849568,9.49932316123333,9.10105039129286,8.77559521857908,8.47589915037443,8.23961884085647,7.97369554309813,7.77341304202724,7.58811041050679,7.43464404886078,7.62054776213486,8.03689904019719,7.8409513727739,,
Afghanistan,AFG,"Death rate, crude (per 1,000 people)",SP.DYN.CDRT.IN,31.921,31.349,30.845,30.359,29.867,29.389,28.872,28.396,27.895,27.398,26.875,26.364,25.845,25.297,24.773,24.241,23.718,23.179,23.875,24.797,24.209,23.611,25.622,25.107,30.03,29.661,23.705,23.285,19.945,19.047,18.449,17.946,17.222,14.838,14.689,14.092,13.627,13.334,13.565,12.463,12.096,11.713,11.28,10.698,10.277,9.941,9.679,9.359,8.832,8.535,8.254,7.931,7.711,7.478,7.395,7.331,7.077,7.027,6.981,6.791,7.113,7.344,6.906,,
Africa Western and Central,AFW,"Death rate, crude (per 1,000 people)",SP.DYN.CDRT.IN,26.3630666887252,26.093769341175,25.6439771556482,25.3738057834741,25.1513587648314,24.9138314986727,24.7178386325875,25.0427120933781,24.4807922334798,24.2535903083807,23.6858416949464,23.233556398841,22.6391816021718,22.1419625492138,21.6325134842891,21.0882774704315,20.4759313622694,19.9349877450175,19.5332174895031,19.2198539844069,18.9414392888356,18.678833447633,18.4492672166775,18.2304651739581,18.0722106561437,17.9328140101541,17.8180106024575,17.6218511423561,17.3719567783027,17.2013302679002,17.1733099659743,17.1106437864012,17.0061810136889,16.8905706325357,16.9277414493801,16.8024984468257,16.6539925023573,16.4683126164869,16.2328521703044,15.9118015784897,15.562004323077,15.2871599275165,15.0069056553924,14.6594767328923,14.3481043739539,13.983940615008,13.6472352610825,13.3531705711484,13.0872625099774,12.7510675864292,12.492764849511,12.1939338950132,11.9648052153854,11.7304514578138,11.54479793313,11.3524757061357,11.1136353993849,10.9090124903075,10.7118398833043,10.4887479307689,10.6012972524141,10.6789520483923,10.2641883918587,,
Angola,AGO,"Death rate, crude (per 1,000 people)",SP.DYN.CDRT.IN,26.659,27.483,27.211,26.913,26.582,26.205,25.92,25.58,25.192,24.824,24.407,23.906,23.436,23.004,22.61,22.884,22.842,22.571,22.227,21.936,21.71,21.462,21.247,21.979,21.788,21.576,21.429,22.934,22.387,22.161,21.993,20.475,21.634,21.41,20.352,18.826,18.635,18.367,19.106,18.701,18.287,17.789,17.275,15.804,15.151,14.497,13.943,13.133,12.478,11.788,11.177,10.63,10.031,9.607,9.181,8.826,8.555,8.242,7.99,7.811,7.821,8.009,7.863,,
Albania,ALB,"Death rate, crude (per 1,000 people)",SP.DYN.CDRT.IN,16.681,15.735,14.871,13.918,12.993,12.146,11.396,10.738,10.131,9.552,9.013,8.558,8.121,7.742,7.417,7.137,6.937,6.711,6.595,6.445,6.05,5.973,5.899,5.838,5.808,5.794,5.73,5.627,5.578,5.554,5.526,5.515,5.466,5.48,5.52,5.549,5.571,5.923,5.664,5.732,5.798,5.872,5.953,6.057,6.181,6.306,6.477,6.318,6.57,6.81,7.029,7.238,7.573,7.819,7.868,7.947,8.035,8.15,8.308,8.48,10.785,11.325,11.194,,
Andorra,AND,"Death rate, crude (per 1,000 people)",SP.DYN.CDRT.IN,,,,,,,,,,,,,,,,,,,,,,,,,,,,,,,,,,,,,,,,,,,,,3.8,3.6,3.3,2.8,2.8,3.2,2.8,,3.9,,,,4.3,,4.4,3.9,,,4.6,,
Arab World,ARB,"Death rate, crude (per 1,000 people)",SP.DYN.CDRT.IN,21.1832582305605,20.5955636028913,20.3328513123352,19.7006221141873,19.0278100736443,18.7113128673272,18.4698468956073,18.0485721297602,17.5922623884623,17.2213440957184,16.7765272691671,16.0992828918835,15.6469358607841,15.1141426752987,14.6434436318323,14.2258890518446,14.124212706607,13.1582118617778,12.6574189607002,12.1885858143804,11.7971381892542,11.4551677289635,11.1909134338343,10.8348968759625,10.4313910994807,9.99509260099249,9.33111189023729,9.44390982224332,9.9887695692119,8.63078032331319,8.37194722596308,8.5981281802604,8.46120542836536,7.64349799566039,7.0497961711187,7.12644560408394,6.95405236349267,6.84753002786556,7.00279379464078,6.48496558226998,6.32506372364943,6.21247454060024,6.11731128146867,6.18810499721393,6.2144099559407,6.14085867950435,5.99436834159105,5.8813489301434,5.76297990242594,5.58475415377825,5.54997680937013,5.50163675956184,5.5592977916797,5.6026295857631,5.51941454072581,5.45167048490701,5.40864973985369,5.25335170114034,5.22699181399284,5.19886642116107,5.61610840015073,5.75036744684021,5.6257614199651,,
United Arab Emirates,ARE,"Death rate, crude (per 1,000 people)",SP.DYN.CDRT.IN,15.546,14.963,14.29,13.61,12.667,11.812,10.966,10.177,9.381,8.418,7.668,7.072,6.592,6.193,5.847,5.638,5.46,4.992,4.597,4.249,3.913,3.632,3.446,3.348,3.184,3.108,3.058,2.864,2.801,2.745,2.704,2.608,2.598,2.557,2.566,2.559,2.58,2.52,2.473,2.298,2.107,2.047,1.987,1.661,1.613,1.563,1.449,1.229,1.011,0.867,0.795,0.82,0.85,0.896,0.948,1.014,1.102,1.202,1.324,1.471,1.766,1.874,1.865,,
Argentina,ARG,"Death rate, crude (per 1,000 people)",SP.DYN.CDRT.IN,8.844,8.724,8.924,8.917,9.093,9.062,9.001,9.076,9.296,9.478,9.151,9.364,9.277,9.183,9.154,8.983,9.026,8.76,8.681,8.646,8.722,8.582,8.695,8.601,8.746,8.547,8.34,8.157,7.96,7.841,7.743,7.536,7.595,7.631,7.403,7.535,7.541,7.778,7.651,7.615,7.6,7.549,7.518,7.864,7.48,7.423,7.369,7.748,7.467,7.41,7.661,7.51,7.394,7.494,7.447,7.543,7.947,7.692,7.68,7.6,8.509,8.955,8.589,,
Armenia,ARM,"Death rate, crude (per 1,000 people)",SP.DYN.CDRT.IN,12.201,11.715,11.213,10.831,10.365,9.853,9.489,9.144,8.943,8.663,8.491,8.292,8.123,8.115,8.046,8.036,7.993,7.976,7.864,7.738,7.803,7.735,7.717,7.705,7.684,7.592,7.566,7.743,14.853,7.556,7.524,7.664,7.67,7.803,7.869,7.969,7.837,7.994,7.808,8.261,8.27,8.344,8.593,8.573,8.919,8.914,9.063,9.117,9.387,9.356,9.384,9.559,9.761,9.813,9.704,9.607,9.634,9.664,9.75,9.662,12.792,13.007,11.881,,
American Samoa,ASM,"Death rate, crude (per 1,000 people)",SP.DYN.CDRT.IN,,,,,,,,,,,,,,,,,,,,,,,,,,,,,,,,,,,,,,,,,,,,,,,4,,,,,,,,4.2,,,5.1,,,5.6,,7.8,,
Antigua and Barbuda,ATG,"Death rate, crude (per 1,000 people)",SP.DYN.CDRT.IN,9.553,9.154,8.788,8.4,7.994,7.539,7.108,6.705,6.365,6.025,5.844,5.701,5.725,5.774,5.8,5.908,5.959,6.091,6.129,6.254,6.358,6.459,6.584,6.77,6.92,7.052,7.196,7.327,7.461,7.608,7.666,7.753,7.745,7.666,7.533,7.416,7.257,7.104,6.96,6.734,6.587,6.305,6.072,6.142,6.075,6.015,6.077,5.914,5.813,5.727,5.7,5.624,5.585,5.565,5.544,5.649,5.662,5.746,5.787,5.865,5.961,6.365,6.094,,
Australia,AUS,"Death rate, crude (per 1,000 people)",SP.DYN.CDRT.IN,8.6,8.5,8.7,8.7,9,8.8,8.9,8.7,9.1,8.7,9,8.6,8.3,8.3,8.4,7.8,8,7.6,7.5,7.3,7.3,7.3,7.5,7.3,7.1,6.6,7.3,7.5,7.2,7.3,7,6.9,7.1,6.9,7.1,6.9,7,7,6.8,6.8,6.7,6.6,6.8,6.6,6.5,6.4,6.4,6.7,6.7,6.5,6.5,6.6,6.6,6.4,6.6,6.6,6.6,6.5,6.3,6.7,6.3,6.7,7.3,,
Austria,AUT,"Death rate, crude (per 1,000 people)",SP.DYN.CDRT.IN,12.7,12.1,12.7,12.8,12.3,13,12.5,12.9,12.9,13.3,13.2,13,12.6,12.2,12.4,12.7,12.6,12.2,12.5,12.2,12.2,12.2,12.1,12.3,11.7,11.8,11.5,11.2,11,10.9,10.8,10.8,10.6,10.4,10.2,10.2,10.2,10,9.8,9.8,9.6,9.3,9.4,9.5,9.1,9.1,9,9,9,9.3,9.2,9.1,9.4,9.4,9.2,9.6,9.2,9.5,9.5,9.4,10.3,10.3,10.3,,
Azerbaijan,AZE,"Death rate, crude (per 1,000 people)",SP.DYN.CDRT.IN,14.929,14.498,14.026,13.497,12.983,12.376,12.02,11.499,10.988,10.648,10.247,9.939,9.604,9.413,9.291,9.238,9.139,9.335,9.558,9.789,9.77,6.9,6.7,6.6,6.8,6.8,6.7,6.7,6.8,6.4,6.1,6.3,7.1,7.2,7.3,6.7,6.2,6,5.9,5.8,5.8,5.6,5.7,6,6,6.2,6.2,6.3,6,5.9,5.9,5.9,5.9,5.8,5.8,5.7,5.8,5.8,5.8,5.6,7.5,7.6,6,,
Burundi,BDI,"Death rate, crude (per 1,000 people)",SP.DYN.CDRT.IN,21.657,21.409,21.2,20.97,20.737,22.226,21.133,21.296,21.318,21.713,21.636,21.692,39.912,26.085,21.549,21.573,21.478,21.197,20.999,20.408,19.821,19.091,18.467,17.82,17.373,17.172,17.269,17.569,20.561,18.639,19.067,19.393,19.519,24.9,18.937,18.823,18.599,17.626,16.646,15.965,15.907,15.316,14.501,13.984,13.369,12.841,12.366,11.871,11.316,10.92,10.538,10.094,9.625,9.178,8.798,8.553,8.18,7.772,7.648,7.352,7.562,7.474,7.311,,
Belgium,BEL,"Death rate, crude (per 1,000 people)",SP.DYN.CDRT.IN,12.4,11.6,12.2,12.6,11.7,12.2,12.1,12,12.7,12.5,12.3,12.4,12.1,12.1,11.9,12.2,12.1,11.5,11.7,11.4,11.5,11.4,11.4,11.6,11.2,11.3,11.3,10.7,10.6,10.8,10.4,10.4,10.4,10.6,10.3,10.3,10.3,10.2,10.3,10.3,10.2,10.1,10.2,10.3,9.7,9.9,9.6,9.5,9.8,9.6,9.7,9.4,9.8,9.8,9.3,9.8,9.5,9.6,9.7,9.5,11,9.7,10,,
Benin,BEN,"Death rate, crude (per 1,000 people)",SP.DYN.CDRT.IN,28.468,28.142,27.765,27.345,26.896,26.432,25.915,25.435,24.908,24.51,24.108,23.668,23.096,22.631,22.128,21.569,20.869,20.28,19.63,19.298,18.929,18.61,18.219,17.79,17.44,16.963,16.451,16.01,15.543,15.2,14.75,14.461,14.088,13.748,13.473,13.192,12.927,12.596,12.36,12.103,11.964,11.825,11.77,11.649,11.546,11.337,11.128,10.961,10.798,10.7,10.461,10.372,10.224,10.085,9.996,9.857,9.761,9.592,9.428,9.248,9.364,9.434,9.323,,
Burkina Faso,BFA,"Death rate, crude (per 1,000 people)",SP.DYN.CDRT.IN,27.102,26.912,26.658,26.505,26.382,26.098,25.999,25.755,25.632,25.403,25.107,24.851,24.457,24.063,23.435,22.706,22.004,21.364,20.736,20.183,19.757,19.513,18.982,18.607,18.201,17.943,17.809,17.668,17.496,17.346,17.079,16.985,16.918,16.967,16.823,16.651,16.461,16.498,16.029,15.719,15.314,15.071,14.837,14.435,13.976,13.499,13.065,12.633,12.022,11.609,11.253,10.838,10.507,10.309,9.96,9.634,9.313,9.113,8.809,8.75,8.813,8.958,8.662,,
Bangladesh,BGD,"Death rate, crude (per 1,000 people)",SP.DYN.CDRT.IN,21.222,20.509,19.732,19.673,18.815,19.318,18.052,17.826,17.649,17.58,22.303,41.023,17.093,16.986,17.429,16.628,16.431,16.144,16.058,15.894,15.61,15.351,15.032,14.571,14.077,13.705,13.217,12.77,12.542,12.372,11.725,12.565,10.574,10.343,9.962,9.496,9.478,8.563,7.511,6.662,6.855,6.75,6.597,6.549,6.44,6.425,6.494,6.793,6.701,6.612,6.106,6.112,5.868,5.975,5.891,5.776,5.632,5.442,5.241,5.28,5.816,5.68,5.296,,
Bulgaria,BGR,"Death rate, crude (per 1,000 people)",SP.DYN.CDRT.IN,8.1,7.9,8.7,8.2,7.9,8.2,8.3,9,8.6,9.5,9.1,9.7,9.8,9.5,9.8,10.3,10.1,10.7,10.5,10.7,11.1,10.7,11.2,11.4,11.3,12,11.6,12,12,12,12.5,12.8,12.6,12.9,13.2,13.6,14,14.7,14.3,13.6,14.1,14,14.4,14.4,14.3,14.8,14.9,15,14.8,14.5,14.9,14.7,15,14.4,15.1,15.3,15.1,15.5,15.4,15.5,18,21.7,18.4,,
Bahrain,BHR,"Death rate, crude (per 1,000 people)",SP.DYN.CDRT.IN,16.084,14.72,13.44,12.185,11.083,10.032,9.251,8.528,7.87,7.324,6.904,6.45,6.035,5.601,5.247,4.944,4.644,4.412,4.222,4.012,3.842,3.686,3.588,3.532,3.435,3.415,3.369,3.331,3.298,3.24,3.206,3.156,3.103,2.989,2.956,2.896,2.766,2.75,2.76,2.703,2.595,2.516,2.509,2.483,2.429,2.308,2.235,2.108,2.002,1.925,1.883,1.927,1.935,1.933,2.028,2.109,2.071,2.039,1.992,2,2.239,2.479,2.476,,
"Bahamas, The",BHS,"Death rate, crude (per 1,000 people)",SP.DYN.CDRT.IN,8.353,8.098,7.855,7.602,7.358,7.235,7.117,7.007,6.859,6.741,6.637,6.53,6.427,6.401,6.206,6.131,5.951,6.006,6.196,6.349,6.362,6.354,6.14,5.916,5.903,5.996,6.036,6.225,6.14,6.027,5.855,6.135,5.799,5.861,5.814,5.91,5.985,5.908,5.81,5.74,5.706,5.757,5.785,5.791,5.835,5.818,5.853,6.024,6.128,6.257,6.269,6.454,6.491,6.49,6.483,6.724,6.717,6.84,6.935,7.943,8.076,8.986,7.298,,
Bosnia and Herzegovina,BIH,"Death rate, crude (per 1,000 people)",SP.DYN.CDRT.IN,9.535,9.105,8.758,8.369,8.037,7.759,7.49,7.35,7.261,7.204,7.082,6.991,6.892,6.778,6.618,6.518,6.569,6.54,6.669,6.739,6.817,6.926,7.018,7.076,7.286,7.61,7.473,7.363,7.463,7.596,7.378,7.769,19.114,19.58,10.635,9.709,8.425,8.314,8.33,7.683,8.358,8.187,8.859,8.187,8.258,9.242,8.901,9.383,9.103,9.29,9.499,9.851,9.888,11.055,12.276,12.011,11.613,11.842,12.056,12.266,14.094,15.712,15.865,,
Belarus,BLR,"Death rate, crude (per 1,000 people)",SP.DYN.CDRT.IN,7.751,7.574,7.811,7.738,7.241,7.356,7.379,7.396,7.626,7.626,7.927,7.914,8.128,8.156,8.361,8.746,8.8,8.9,9.1,9.5,9.9,9.6,9.6,9.9,10.5,10.6,9.7,9.9,10.1,10.2,10.8,11.2,11.4,12.6,12.7,13.1,13.1,13.5,13.6,14.2,13.5,14.1,14.8,14.5,14.3,14.5,14.2,13.7,13.8,14.1,14.5,14.3,13.4,13.2,12.8,12.6,12.6,12.6,12.7,12.8,16.553,16.544,15.49,,
Belize,BLZ,"Death rate, crude (per 1,000 people)",SP.DYN.CDRT.IN,12.329,15.079,11.823,11.478,11.168,10.801,10.543,10.186,9.757,9.375,8.92,8.575,8.462,8.385,8.222,7.861,7.731,7.629,7.48,7.259,7.092,6.926,6.937,6.796,6.531,6.177,6.04,5.821,5.594,5.59,5.555,5.673,5.718,5.599,5.362,5.448,5.42,5.631,5.863,5.781,5.858,5.936,5.755,5.678,5.552,5.51,5.245,5.067,4.935,4.752,4.66,4.591,4.457,4.388,4.584,4.7,4.695,4.712,4.74,4.727,5.244,6.353,6.253,,
Bermuda,BMU,"Death rate, crude (per 1,000 people)",SP.DYN.CDRT.IN,9.9,,7.4,,,,7.2,,,,7.6,8.2,7.3,6.8,6.3,7.1,6.8,6.6,6,6.6,7.3,,,,7.1,,,,,7.7,7.3,7.7,7.9,8.2,8.1,7.9,6.9,,,,8,7.2,6.7,7.2,6.8,7.1,7.1,7,6.8,7.2,7.4,6.8,6.8,7.6,7.8,7.7,7.7,7.5,8.3,8.4,8.8,11.3,9.1,,
Bolivia,BOL,"Death rate, crude (per 1,000 people)",SP.DYN.CDRT.IN,22.968,22.637,22.241,21.911,21.577,21.207,20.793,20.461,20.09,19.689,19.313,18.894,18.497,18.084,17.684,17.344,16.978,16.604,16.245,15.865,15.472,15.129,14.791,14.508,14.112,13.784,13.461,13.107,12.699,12.319,11.925,11.518,11.191,10.736,10.689,10.625,10.525,10.329,10.156,9.992,9.826,9.636,9.287,9.038,8.787,8.554,8.345,8.204,7.995,7.788,7.66,7.496,7.433,7.306,7.262,7.216,7.104,7.107,7.124,7.127,9.3,9.945,9.062,,
Brazil,BRA,"Death rate, crude (per 1,000 people)",SP.DYN.CDRT.IN,14.025,13.662,13.301,12.952,12.621,12.279,11.968,11.66,11.341,11.062,10.82,10.595,10.367,10.157,9.954,9.744,9.568,9.392,9.203,8.989,8.779,8.558,8.346,8.153,7.97,7.796,7.615,7.447,7.31,7.165,7.158,7.068,6.951,6.855,6.74,6.685,6.564,6.488,6.429,6.386,6.399,6.303,6.329,6.313,6.258,6.106,6.123,6.119,6.106,6.155,6.199,6.283,6.34,6.31,6.272,6.433,6.538,6.493,6.516,6.572,7.42,8.326,8.139,,
Barbados,BRB,"Death rate, crude (per 1,000 people)",SP.DYN.CDRT.IN,9.474,9.194,8.927,8.672,8.505,8.423,8.255,8.308,8.398,8.293,8.59,8.521,8.543,8.548,8.535,8.482,8.499,8.404,8.366,8.265,8.178,8.343,8.554,8.539,8.696,9.042,9.109,9.236,9.447,9.467,9.701,9.762,9.822,9.638,9.729,9.863,9.735,9.781,9.705,9.509,9.47,9.338,9.296,9.329,9.258,9.218,9.082,8.985,9.026,8.937,9.037,8.952,8.879,8.851,8.797,8.772,8.792,8.85,8.927,8.91,8.973,9.007,9.114,,
Brunei Darussalam,BRN,"Death rate, crude (per 1,000 people)",SP.DYN.CDRT.IN,11.655,10.73,10.449,9.268,8.7,8.278,7.827,7.517,7.257,7.001,6.75,6.487,6.18,5.868,5.595,5.339,5.13,4.952,4.809,4.687,4.573,4.492,4.405,4.319,4.235,4.168,4.089,4.041,3.981,3.926,3.87,3.817,3.756,3.677,3.603,3.532,3.466,3.415,3.375,3.346,3.331,3.326,3.339,3.36,3.396,3.438,3.491,3.551,3.615,3.684,3.751,3.813,3.926,4.043,4.162,4.29,4.42,4.556,4.7,4.834,4.975,5.211,5.431,,
Bhutan,BTN,"Death rate, crude (per 1,000 people)",SP.DYN.CDRT.IN,29.82,29.361,28.86,28.33,27.775,27.187,26.556,25.896,25.235,24.406,23.621,22.873,22.114,21.347,20.637,19.946,19.252,18.587,17.959,17.338,16.732,16.13,15.535,14.976,14.444,13.951,13.431,12.921,12.426,11.97,11.543,11.145,10.699,10.312,10.024,9.555,9.189,8.858,8.529,8.221,8.368,7.827,7.669,7.542,7.498,7.473,7.353,7.166,7.009,6.922,6.808,6.737,6.689,6.683,6.705,6.759,6.837,6.94,6.766,6.626,6.545,6.477,6.356,,
Botswana,BWA,"Death rate, crude (per 1,000 people)",SP.DYN.CDRT.IN,16.77,16.301,15.839,15.418,15.031,14.635,14.343,14.032,13.715,13.375,13.033,12.656,12.209,11.739,11.291,10.857,10.431,9.997,9.6,9.231,8.881,8.534,8.208,7.904,7.65,7.468,7.366,7.345,7.6,7.652,7.986,8.423,8.933,9.282,10.025,10.596,10.988,11.508,12.081,12.633,13.128,13.424,13.533,13.409,13.073,12.568,11.883,10.935,10.253,9.719,8.93,8.738,8.671,8.157,7.927,7.435,6.783,6.308,6.922,6.974,6.95,9.461,6.897,,
Central African Republic,CAF,"Death rate, crude (per 1,000 people)",SP.DYN.CDRT.IN,25.41,24.9,24.396,23.898,23.394,22.893,22.4,21.893,21.39,20.852,20.302,19.767,19.238,18.743,18.271,17.833,17.461,17.212,17.003,16.825,16.68,16.535,16.448,16.349,16.273,16.19,16.126,16.09,16.07,16.071,16.088,16.132,16.206,16.273,16.4,16.577,16.795,16.99,17.068,17.159,17.325,17.245,17.168,16.889,16.658,16.367,16.08,15.696,15.313,14.907,14.534,14.092,13.622,13.392,13.517,12.15,11.711,11.544,11.23,10.873,11.041,11.393,11.003,,
Canada,CAN,"Death rate, crude (per 1,000 people)",SP.DYN.CDRT.IN,7.8,7.7,7.7,7.8,7.5,7.6,7.5,7.4,7.4,7.3,7.3,7.3,7.4,7.4,7.4,7.3,7.2,7.1,7.1,7,7.1,7,7.1,7,7,7,7.2,7.2,7.3,7.3,7.3,7,6.9,7.1,7.1,7.2,7.2,7.2,7.2,7.2,7.1,7.1,7.1,7.1,7.1,7.1,7,7.2,7.2,7.1,7.1,7.1,7.1,7.2,7.3,7.4,7.4,7.6,7.7,7.6,8.1,8.2,8.6,,
Central Europe and the Baltics,CEB,"Death rate, crude (per 1,000 people)",SP.DYN.CDRT.IN,8.632179424896,8.49502251033684,9.11482855009066,8.51122842093292,8.5057399011432,8.67903437986204,8.51306874034181,9.02137213739809,9.19753865651332,9.71148515267178,9.62541169199662,9.85595952187929,9.52753926747689,9.82208767485937,9.6654065743982,9.97306587769185,10.0735586821424,10.1723757677585,10.4360201444996,10.3748173095532,10.9398403798579,10.5512597084468,10.6022492179086,10.9492993881309,11.0292390705962,11.2973762849856,11.0427294581049,11.1044736409181,10.968745417021,11.0488326950756,11.1751433470436,11.4146375713028,11.4216329738049,11.4844267326696,11.4337373679571,11.4948485633807,11.5200571644401,11.4090142282431,11.2773899337906,11.2557640956203,11.0069233625195,11.0038623624526,11.1644498611445,11.3194437927004,11.1167788912576,11.3449858605434,11.2858738457596,11.3894110866263,11.3721251360797,11.434333580072,11.4294836462092,11.3167231657085,11.4967288607324,11.4105615229753,11.375115818527,11.8380895973408,11.6171630592915,11.9764024346954,12.1174003213682,11.9818000612645,13.7020454985942,15.3958080823773,13.2668985782612,,
Switzerland,CHE,"Death rate, crude (per 1,000 people)",SP.DYN.CDRT.IN,9.8,9.4,9.9,10,9.3,9.5,9.4,9.2,9.5,9.5,9.2,9.3,9,9,8.9,8.8,9.1,8.9,9.2,9.1,9.4,9.4,9.3,9.5,9.1,9.2,9.2,9.3,9,9.2,9.5,9.2,9.1,9,8.9,9,8.9,8.9,8.8,8.7,8.7,8.5,8.5,8.6,8.1,8.2,8.1,8.1,8,8.1,8,7.8,8,8,7.8,8.2,7.8,7.9,7.9,7.9,8.8,8.2,8.5,,
Channel Islands,CHI,"Death rate, crude (per 1,000 people)",SP.DYN.CDRT.IN,12.3550638360229,13.3363574506691,11.8978082511839,12.9614802953474,11.6025212155358,11.8869304723422,11.7382617382617,11.1981606063187,12.6024581532681,12.4703880417737,12.6939001512359,12.4179368379693,12.2417874631125,12.0596151528542,12.0172768276939,12.4136621490114,11.9006391083966,11.8187168922896,11.6709878042094,12.2643723113023,11.821790223778,11.6488989183721,11.032758806919,11.6365247820539,10.2380556017979,10.9404271262645,10.770874132099,10.0686901896319,9.85010706638116,9.84715718102681,9.90746865242779,10.448088049337,9.25984606826232,10.5488049138737,9.55315654261368,9.77840753652874,9.65024003135103,9.50198190165031,9.01456893024804,9.02555745074614,8.93287269624104,8.88088521267563,9.20043216210156,8.72988587106734,8.39251561476013,8.30442482571984,8.11922229167352,7.89035731767009,7.87829745913578,8.21982905324266,8.23918487507408,7.92046585011944,8.30911417782009,8.26063556829418,8.06652083126181,8.47771132622233,8.6122122391141,8.81275913204007,8.71701971194375,8.54731125671448,8.47393243061603,8.44900771934701,8.21466115958846,,
Chile,CHL,"Death rate, crude (per 1,000 people)",SP.DYN.CDRT.IN,10.992,10.748,10.577,10.982,10.094,9.755,9.647,9.128,8.718,8.679,8.365,8.298,8.524,7.764,7.374,6.806,7.158,6.497,6.323,6.422,6.212,5.823,5.77,6.044,5.943,5.732,5.54,5.327,5.459,5.538,5.625,5.313,5.201,5.316,5.217,5.352,5.337,5.138,5.258,5.246,4.959,5.157,5.035,5.247,5.293,5.301,5.352,5.754,5.557,5.612,5.962,5.805,6.074,6.037,6.12,6.121,6.107,6.139,6.327,6.346,7.221,7.426,7.199,,
China,CHN,"Death rate, crude (per 1,000 people)",SP.DYN.CDRT.IN,25.43,14.24,10.02,10.04,11.5,9.5,8.83,8.43,8.21,8.03,7.6,7.32,7.61,7.04,7.34,7.32,7.25,6.87,6.25,6.21,6.34,6.36,6.6,6.9,6.82,6.78,6.86,6.72,6.64,6.54,6.67,6.7,6.64,6.64,6.49,6.57,6.56,6.51,6.5,6.46,6.45,6.43,6.41,6.4,6.42,6.51,6.81,6.93,7.06,7.08,7.11,7.14,7.13,7.13,7.12,7.07,7.04,7.06,7.08,7.09,7.07,7.18,7.37,,
Cote d'Ivoire,CIV,"Death rate, crude (per 1,000 people)",SP.DYN.CDRT.IN,26.907,26.332,25.73,25.213,24.619,24.079,23.484,22.925,22.364,21.788,21.167,20.568,19.929,19.256,18.518,17.851,17.134,16.626,16.168,15.7,15.3,14.925,14.663,14.359,14.228,13.957,13.753,13.579,13.547,13.698,13.882,14.03,14.107,14.173,14.21,14.249,14.254,14.255,14.379,14.365,14.291,14.148,13.933,13.795,13.465,13.117,12.753,12.364,11.952,11.529,11.187,10.927,10.517,10.144,9.847,9.543,9.374,9.17,8.961,8.728,8.817,9.001,8.843,,
Cameroon,CMR,"Death rate, crude (per 1,000 people)",SP.DYN.CDRT.IN,28.64,28.151,22.284,22.049,21.794,21.384,20.973,20.413,19.802,19.165,18.599,18.112,17.642,17.331,17.144,17.03,16.926,16.859,16.677,16.472,16.157,15.807,15.412,14.935,14.528,14.038,13.867,13.408,13.204,13.11,13.09,13.153,13.199,13.356,13.561,13.64,13.756,13.713,13.723,13.614,13.426,13.237,13.036,12.758,12.565,12.408,12.104,11.886,11.583,11.3,10.992,10.641,10.235,9.833,9.548,9.179,8.886,8.594,8.379,8.16,8.419,8.582,8.225,,
"Congo, Dem. Rep.",COD,"Death rate, crude (per 1,000 people)",SP.DYN.CDRT.IN,23.167,23.642,23.547,23.328,23.756,23.213,22.149,21.937,21.616,21.373,21.094,20.777,20.532,20.354,20.068,19.962,19.769,19.629,19.722,19.206,19.005,18.814,18.648,18.455,18.274,18.164,17.994,17.727,17.429,17.142,16.833,16.591,16.391,16.177,15.967,15.689,16.403,15.676,15.876,15.636,14.637,14.384,14.186,13.854,13.465,13.136,12.777,12.529,12.275,11.98,11.653,11.301,11.166,10.857,10.551,10.396,10.077,9.865,9.573,9.38,9.537,9.7,9.352,,
"Congo, Rep.",COG,"Death rate, crude (per 1,000 people)",SP.DYN.CDRT.IN,17.613,17.09,16.528,16.103,15.714,15.377,15.004,14.776,14.376,14.061,13.77,13.502,13.283,13.031,12.769,12.556,12.341,12.151,11.923,11.697,11.456,11.245,11.056,10.854,10.643,10.59,10.531,10.545,10.698,10.895,11.146,11.459,11.741,12.006,12.225,12.287,12.387,16.201,13.847,12.746,12.204,11.84,11.463,10.973,10.416,9.831,9.439,9.059,8.689,8.377,8.123,7.942,7.753,7.532,7.358,7.196,7.02,6.924,6.797,7.388,6.923,7.063,7.275,,
Colombia,COL,"Death rate, crude (per 1,000 people)",SP.DYN.CDRT.IN,11.873,11.477,11.096,10.701,10.356,10.025,9.711,9.428,9.139,8.853,8.579,8.263,7.956,7.685,7.404,7.127,6.894,6.676,6.484,6.343,6.173,6.066,5.96,5.897,5.832,6.532,5.788,5.829,5.83,5.826,5.834,5.818,5.78,5.71,5.653,5.58,5.536,5.476,5.442,5.432,5.351,5.35,5.26,5.179,5.134,5.072,5.016,4.993,4.947,4.912,4.924,4.945,4.982,5.041,5.106,5.168,5.213,5.249,5.311,5.411,6.606,7.735,7.409,,
Comoros,COM,"Death rate, crude (per 1,000 people)",SP.DYN.CDRT.IN,25.08,24.68,24.278,23.942,23.607,23.169,22.743,22.208,21.581,21.003,20.45,19.922,19.419,19.036,18.655,19.267,18.013,17.699,17.325,16.988,16.642,16.28,15.865,15.607,15.137,14.736,14.32,14.016,13.562,13.265,12.806,12.498,12.134,11.734,11.41,11.159,10.927,10.819,10.767,10.513,10.51,10.292,10.317,10.174,10.009,9.997,9.899,9.819,9.677,9.553,9.457,9.313,9.175,8.999,8.865,8.685,8.516,8.326,8.235,8.203,8.274,8.718,8.528,,
Cabo Verde,CPV,"Death rate, crude (per 1,000 people)",SP.DYN.CDRT.IN,18.469,17.847,17.338,16.815,16.357,15.917,15.446,15.114,14.744,14.332,13.913,13.595,13.34,12.983,12.541,11.983,11.576,11.086,10.71,10.424,10.24,10.186,10.185,10.194,10.207,9.919,9.597,9.229,8.868,8.642,8.315,8.137,7.977,7.887,7.807,8.178,7.347,6.97,6.624,6.321,5.844,5.446,5.291,5.19,5.175,5.151,5.601,5.636,6.15,6.205,6.409,5.938,5.808,5.472,5.401,5.695,5.198,4.868,5.275,5.162,5.692,6.028,5.659,,
Costa Rica,CRI,"Death rate, crude (per 1,000 people)",SP.DYN.CDRT.IN,10.232,9.926,9.716,9.36,9.019,8.626,8.192,7.829,7.477,7.15,6.943,6.529,6.335,5.874,5.706,5.402,5.134,4.849,4.587,4.577,4.462,4.219,4.005,3.927,3.975,4.014,3.935,3.902,3.83,3.826,3.758,3.823,3.865,3.894,3.961,4.057,4.019,3.985,4.114,4.088,3.995,4.089,3.999,4.055,4.047,4.078,4.176,4.304,4.421,4.433,4.552,4.379,4.541,4.62,5.059,5.034,4.986,5.18,5.276,5.468,5.627,7.192,7.113,,
Caribbean small states,CSS,"Death rate, crude (per 1,000 people)",SP.DYN.CDRT.IN,11.3851389442749,11.1298959507499,10.5023653902528,10.2566663946824,9.89131383859402,9.68719987963386,9.46653064296554,9.22920849242184,9.04326627614857,8.89243387579801,8.75415479641463,8.6761879174945,8.55877293888853,8.488438937399,8.37259806643623,8.2697184404935,8.20988671605173,8.18707892466582,8.14588145938573,8.12301777287602,8.08532952786098,8.01425044396384,7.96899021999491,7.9556667217559,7.83279880233115,7.83719661765551,7.82270872873549,7.81164650393464,7.7593677768337,7.71157698777986,7.67023209052019,7.64467579832198,7.55667351818566,7.42383384663161,7.35879855171436,7.40128206430585,7.39280091117596,7.40432885508264,7.37064366220009,7.36017069751327,7.33360455701923,7.34659165301891,7.37245058776604,7.46575727682463,7.4049618711922,7.3102091893594,7.18436023889655,7.09300737791407,7.06708835328547,7.0442361616082,7.08819952199749,7.16767715956817,7.20839973996154,7.26278092734288,7.27363663674877,7.2024225371888,7.17173593960004,7.17481914348063,7.16671380651946,7.38657567045283,7.65683942714294,8.97640352991303,8.67606009996006,,
Cuba,CUB,"Death rate, crude (per 1,000 people)",SP.DYN.CDRT.IN,8.629,8.545,8.381,8.482,8.068,7.877,7.693,7.513,7.335,7.146,6.936,6.703,6.533,6.349,6.183,6.054,5.983,5.974,6.02,6.136,6.262,6.437,6.392,6.379,6.393,6.43,6.484,6.557,6.638,6.732,6.841,6.962,7.085,7.195,7.264,7.32,7.314,7.281,7.238,7.22,7.244,7.318,7.436,7.567,7.695,7.806,7.907,8.001,8.096,8.191,8.297,8.421,8.571,8.672,8.833,9.063,9.348,9.622,9.815,9.861,10.23,14.652,9.852,,
Curacao,CUW,"Death rate, crude (per 1,000 people)",SP.DYN.CDRT.IN,8.087,7.93,7.763,7.606,7.494,7.368,7.222,7.08,6.994,6.857,6.707,6.623,6.487,6.366,6.299,6.34,6.28,6.332,6.309,6.292,6.337,6.391,6.446,6.506,6.597,6.586,6.645,6.658,6.729,6.865,6.864,6.932,7.021,7.111,7.204,7.349,7.473,7.617,7.747,7.914,8.084,8.256,8.352,8.379,8.448,8.49,8,7.9,8.6,7.9,8.4,8.5,8.2,8.1,8.8,8.8,9.3,8.9,8.8,8.8,9.3,11.1,9.3,,
Cayman Islands,CYM,"Death rate, crude (per 1,000 people)",SP.DYN.CDRT.IN,,,,,,,,,,,,,,,,,,,,,,,,,,5.6,6,4.6,4.6,4.5,4.1,4.1,4,4,4,3.4,3.6,3.4,3.1,3.3,3.4,3.2,2.8,3.5,4.6,3.8,3.4,3,3,3.1,3,3.2,3.3,3.2,2.9,2.9,3.1,3.4,3.3,3.7,3.3,4,4.5,,
Cyprus,CYP,"Death rate, crude (per 1,000 people)",SP.DYN.CDRT.IN,10.025,9.814,9.425,10.932,10.72,8.864,8.807,8.796,8.87,9.054,9.113,9.24,9.341,9.515,17.101,9.44,9.182,9.114,8.906,8.948,9.03,9.15,9.275,9.121,9.218,8.969,9.069,8.797,8.866,8.714,8.835,8.881,8.715,8.508,8.425,8.078,7.805,7.624,7.463,7.509,7.458,7.316,7.113,6.952,6.916,6.889,6.796,6.598,6.599,6.443,6.412,6.354,6.439,6.399,6.317,6.358,6.462,6.453,6.612,6.769,6.93,7.257,6.971,,
Czechia,CZE,"Death rate, crude (per 1,000 people)",SP.DYN.CDRT.IN,9.8,9.9,10.8,10.4,10.5,10.7,10.8,11.1,11.7,12.2,12.5,12.5,12.1,12.5,12.7,12.4,12.4,12.4,12.4,12.4,13.2,12.7,12.7,13,12.8,12.7,12.8,12.3,12.1,12.3,12.5,12.1,11.7,11.4,11.4,11.4,10.9,10.9,10.6,10.7,10.6,10.5,10.6,10.9,10.5,10.6,10.2,10.2,10.1,10.3,10.2,10.2,10.3,10.4,10,10.5,10.2,10.5,10.6,10.5,12.1,13.3,11.3,,
Germany,DEU,"Death rate, crude (per 1,000 people)",SP.DYN.CDRT.IN,12,11.6,11.9,12,11.6,12,11.9,11.9,12.6,12.7,12.5,12.3,12.3,12.2,12.1,12.6,12.3,11.9,12.2,12.1,12.2,12.2,12,12,11.8,12,11.9,11.6,11.5,11.5,11.6,11.4,11,11.1,10.9,10.8,10.8,10.5,10.4,10.3,10.2,10.1,10.2,10.3,9.9,10.1,10,10.1,10.3,10.4,10.5,10.6,10.8,11.1,10.7,11.3,11.1,11.3,11.5,11.3,11.9,12.3,12.7,,
Djibouti,DJI,"Death rate, crude (per 1,000 people)",SP.DYN.CDRT.IN,20.192,20.006,19.78,19.577,19.418,19.143,18.887,18.582,18.207,17.815,17.433,17.494,16.688,16.267,15.963,15.701,15.526,15.144,14.788,14.446,14.123,13.877,13.518,13.225,12.881,12.632,12.368,12.178,11.944,11.855,11.711,11.816,12.113,11.483,11.613,11.141,11.152,11.208,11.041,10.899,10.831,10.676,10.52,10.328,10.258,9.988,9.796,9.643,9.487,9.361,9.11,9.07,8.924,8.807,8.672,8.598,8.568,8.37,8.347,8.421,8.821,9.147,8.962,,
Dominica,DMA,"Death rate, crude (per 1,000 people)",SP.DYN.CDRT.IN,14.029,12.858,11.68,13.344,9.898,9.76,10.552,9.558,9.894,10.423,9.454,9.834,8.366,7.912,7.566,7.346,7.461,7.62,6.974,6.821,6.689,6.329,6.547,6.613,7.488,8.097,8.212,8.613,8.55,9.781,9.915,10.32,10.008,9.655,9.548,9.281,9.394,9.255,9.406,10.1,9.141,9.951,9.61,10.193,9.728,9.837,9.544,10.477,9.845,10.906,11.573,12.998,12.186,12.569,12.401,10.93,10.714,11.455,8.417,8.369,8.177,8.986,8.921,,
Denmark,DNK,"Death rate, crude (per 1,000 people)",SP.DYN.CDRT.IN,9.5,9.4,9.8,9.8,9.9,10.1,10.3,9.9,9.7,9.8,9.8,9.8,10.1,10.1,10.2,10.1,10.6,9.9,10.4,10.7,10.9,11,10.8,11.2,11.2,11.4,11.3,11.3,11.5,11.6,11.9,11.6,11.8,12.1,11.7,12.1,11.6,11.3,11,11.1,10.9,10.9,10.9,10.7,10.3,10.1,10.2,10.2,9.9,9.9,9.8,9.4,9.4,9.3,9.1,9.2,9.2,9.2,9.5,9.3,9.4,9.8,10.1,,
Dominican Republic,DOM,"Death rate, crude (per 1,000 people)",SP.DYN.CDRT.IN,16.894,16.33,15.766,15.321,14.657,15.138,13.619,13.066,12.513,11.985,11.492,11.105,10.808,10.518,10.208,9.898,9.616,9.356,9.117,9.167,8.712,8.389,8.084,7.808,7.524,7.227,6.941,6.678,6.452,6.258,6.078,5.92,5.79,5.694,5.624,5.695,5.784,5.878,6.025,6.092,6.169,6.201,6.202,6.091,6.089,5.933,5.873,5.859,5.831,5.831,5.821,5.84,5.802,5.803,5.827,5.883,5.964,6.032,6.06,6.006,6.46,6.678,6.068,,
Algeria,DZA,"Death rate, crude (per 1,000 people)",SP.DYN.CDRT.IN,23.785,23.723,25.046,22.615,22.917,23.106,23.215,22.953,22.684,22.381,21.882,21.276,20.542,19.79,18.903,18.065,17.495,16.631,15.661,14.615,13.583,12.285,10.959,9.727,8.556,7.579,6.818,6.447,5.972,5.884,5.731,5.629,5.617,5.629,5.758,5.69,5.188,5.201,5.288,5.131,5.037,4.987,4.932,5.016,4.95,4.943,4.947,4.945,4.91,4.735,4.754,4.713,4.767,4.673,4.555,4.437,4.472,4.542,4.482,4.392,5.398,4.546,4.329,,
East Asia & Pacific (excluding high income),EAP,"Death rate, crude (per 1,000 people)",SP.DYN.CDRT.IN,22.9196995320839,14.4773757099981,11.2937300345043,11.2552789712248,12.2074715241268,11.1778100718645,10.2050067149716,9.68805066631914,9.52729429633473,9.26419333288444,8.90260395346725,8.60143931055525,8.81912188211875,8.25768229856075,8.42831951560617,8.57692096748129,8.41225634155951,7.80018747992045,7.26413442094054,7.16576429911912,7.19389538722227,7.1687769764637,7.28500454026879,7.45594978667629,7.3497862265742,7.25816893100782,7.26214746030499,7.1125194868866,7.02921450263653,6.89985696652385,6.95558634125383,6.94143350762815,6.85483919202168,6.80890825105228,6.69378440799576,6.7775686381121,6.75499341964528,6.69252319693524,6.67322475501044,6.64728117952417,6.64134999765703,6.61568821341318,6.5888276218722,6.53307132883542,6.64577338443475,6.62374621531106,6.82282944260022,6.90600241162649,7.08313539805288,7.01824945023225,7.04430991299442,7.06451998881375,7.06439560798089,7.05985105921841,7.04890662069053,7.0234447676651,7.01764978868566,7.04399688889885,7.05088139447986,7.07072259809583,7.22469638363751,7.65464741301179,7.54943645621471,,
Early-demographic dividend,EAR,"Death rate, crude (per 1,000 people)",SP.DYN.CDRT.IN,18.9029721071651,18.5421198792287,18.2060400148062,17.8467579103201,17.4787073723689,18.1667377324386,17.4622007456944,16.9822455410441,16.2210266983864,15.9306067732388,15.9543343862043,16.7152939429273,15.0685695429626,14.7451366412508,14.4485375732821,14.3792691265769,14.0100531712579,13.4453931183877,13.1218827553999,12.7591618378295,12.4661714939287,12.2040092228191,11.9206330961242,11.7405973658666,11.409852841154,11.0909595725648,10.8157315236391,10.4080651158979,10.1716143649649,9.92128555941057,9.70161107264476,9.52376720423562,9.25797548538807,9.10146591169077,9.17862173495165,8.75997385024945,8.61378494075269,8.43115437693002,8.26126178964481,8.09849688715801,7.97685475619772,7.88550950215598,7.74678352768731,7.66019717734408,7.5987199166327,7.45980747706785,7.33446441394963,7.2664765635991,7.24501719292007,7.10909648304758,7.03476801523926,6.9124306463423,6.81318798190744,6.71742411267992,6.61478451221907,6.53840384767829,6.48981877216154,6.45232899167011,6.44709331446064,6.46372308721627,7.1556654039416,8.30228652754551,7.81507139267571,,
East Asia & Pacific,EAS,"Death rate, crude (per 1,000 people)",SP.DYN.CDRT.IN,20.8863531799018,13.5885138349285,10.8569954571475,10.7700021580174,11.5610347937737,10.6749705116841,9.80146416490435,9.33483586010478,9.19946463277179,8.9585011239606,8.65597768443111,8.34613268283004,8.50361632177117,8.06242131689923,8.18947308133037,8.30850176471579,8.16149434315711,7.5966719859618,7.12752749310195,7.02423962519068,7.08623969212892,7.02689059056538,7.12520096465938,7.29514881377916,7.18567223277663,7.1105411147552,7.11260248299305,6.98741861512641,6.92936062196391,6.81059732350475,6.87795382527739,6.86312839334163,6.80053215128457,6.76563215655332,6.6705098589244,6.7624062787606,6.72833726761269,6.67879373390393,6.6701181398769,6.66949427467885,6.65323421043453,6.62685142527588,6.61134013170069,6.57385912964526,6.68595813693827,6.69070487910001,6.86255657842283,6.9537471676739,7.12992436170931,7.06818931170821,7.11701794045333,7.1615974704795,7.1707796833412,7.16898227858,7.16424382066621,7.15393923335925,7.16413966087131,7.20399293420287,7.2224307559024,7.25350039150343,7.38382261208313,7.81854380033055,7.83482414309312,,
Europe & Central Asia (excluding high income),ECA,"Death rate, crude (per 1,000 people)",SP.DYN.CDRT.IN,11.8512513498862,11.6210991232788,11.5208522469038,11.197861391922,10.9224848088007,10.8134253817541,10.675373972182,10.6433413420532,10.5512768547256,10.607276389511,10.5003545344825,10.3379031845812,10.2886609215817,10.2031135283495,10.1479907651084,10.0848634913433,10.0496626209464,10.0271822796093,9.98562701140465,9.6505829552472,9.71304230122166,9.45234307872165,9.35238706791586,9.36590098621341,9.47292023167567,9.3612036662169,8.86785589226156,8.88241509152735,8.9695668918424,8.6710195947931,8.74015800794068,8.96542361108678,9.45006660406553,9.79275856054559,9.69435337234444,9.83117522868885,9.65413764816634,9.42675702272176,9.22176505889607,9.2868799781675,9.23867326012293,9.10445679859377,9.22266421751985,9.2283499740751,9.11230657485154,9.31009036371599,9.13570008451684,9.09502263065438,8.99215315589649,8.65275786511341,8.62508134254448,8.50778722774619,8.3680320558937,8.24494042535272,8.23192429691528,8.23939965846536,8.17082267348673,8.0731522907295,8.03407312192368,7.96545095980969,9.26640719532929,9.85543962106031,9.06085410759424,,
Europe & Central Asia,ECS,"Death rate, crude (per 1,000 people)",SP.DYN.CDRT.IN,10.0618008164819,9.94435010854186,10.1753911698753,10.0484066391094,9.74094320919432,9.91706629043169,9.84942370814091,9.91988875761543,10.1327056030649,10.3542067333894,10.2186790885243,10.223457964364,10.1837378349788,10.2506267486873,10.1859117356219,10.3527148144568,10.3915181629893,10.2845811253815,10.3822229963239,10.3289471946635,10.4627959478583,10.3190343069352,10.2041335615427,10.3883801093591,10.4047200733553,10.4586922765639,10.0944157315628,10.0333056063546,10.0780015529193,10.0163786790712,10.1485730038017,10.2532173261496,10.4302741195184,10.9882430837391,11.0582627983091,11.0145153595078,10.8141842721297,10.6250829551611,10.5198820493351,10.7104999064293,10.6914557803505,10.6431513257347,10.8141759540423,10.9284068775977,10.5382366968596,10.7026441907284,10.3865613485945,10.3318085103376,10.3124800256571,10.143540641328,10.13616641863,9.96006143133251,10.0305729271456,9.92523976155769,9.83943419426718,10.1218404610047,9.96594195510807,10.0033288438676,10.0277301796976,9.90552020115597,11.2835611552871,11.8606026887972,10.8441608055368,,
Ecuador,ECU,"Death rate, crude (per 1,000 people)",SP.DYN.CDRT.IN,15.371,14.977,14.596,14.217,13.869,13.553,13.267,12.994,12.726,12.522,12.138,11.765,11.358,10.927,10.475,10.029,9.621,9.23,8.892,8.595,8.328,8.078,7.839,7.614,7.291,6.979,6.655,6.345,6.073,5.851,5.678,5.627,5.498,5.468,5.375,5.33,5.275,5.222,5.157,5.074,5.007,4.935,4.875,4.821,4.788,4.78,4.794,4.817,4.847,4.856,4.852,4.826,4.793,4.762,4.752,4.773,4.86,4.872,4.911,4.913,7.534,6.719,4.85,,
"Egypt, Arab Rep.",EGY,"Death rate, crude (per 1,000 people)",SP.DYN.CDRT.IN,21.364,20.738,20.024,19.349,18.705,18.127,17.774,17.63,17.341,17.304,17.09,16.813,16.537,16.378,15.772,15.31,14.839,14.38,13.876,13.411,12.892,12.521,11.992,11.427,10.901,10.397,9.944,9.428,8.935,8.536,8.194,7.834,7.684,7.453,7.264,7.025,6.836,6.653,6.57,6.48,6.384,6.285,6.202,6.318,6.248,6.206,6.151,6.128,6.08,6.05,6.018,5.956,5.91,5.964,5.823,5.823,5.662,5.482,5.511,5.581,5.851,6.327,6.39,,
Euro area,EMU,"Death rate, crude (per 1,000 people)",SP.DYN.CDRT.IN,10.4833284756977,10.2379283479747,10.5687675788191,10.594207145789,10.2730777544483,10.501774171128,10.3642844801252,10.3986685078686,10.7102790621235,10.8797263532595,10.6214026356394,10.6347711030128,10.4932846802755,10.5539415917467,10.4304986092539,10.6126250156375,10.5107485600704,10.2688370416564,10.3212954632434,10.2060848563715,10.2985822609863,10.2553793267708,10.082306772181,10.290699124591,10.0795408530579,10.220775805802,10.0971813892446,9.93863190906405,9.93311664126072,9.93708715330967,10.0229956522261,10.0063205498642,9.84849041055275,9.97069923965853,9.83557531678145,9.86119022777126,9.83801235374578,9.73975471463043,9.80600420559908,9.76738783404274,9.62635183336885,9.50368508721362,9.57974873490878,9.78556705554471,9.25678532336772,9.46096051102079,9.2589114432609,9.35081167482119,9.43066554595579,9.44700909947454,9.44951099006797,9.44974646929012,9.73160369975807,9.69074626713894,9.50425430228133,10.0941628723796,9.86976534319589,10.1498366839012,10.1690611657358,10.0761307328153,11.1523986703271,11.1144280959498,11.1866780407191,,
Eritrea,ERI,"Death rate, crude (per 1,000 people)",SP.DYN.CDRT.IN,25.715,25.289,24.93,24.593,24.178,23.895,23.59,23.373,23.068,22.706,22.336,21.936,21.551,21.146,21.052,20.967,20.598,20.153,19.812,19.463,19.024,18.775,18.762,18.427,18.084,17.794,17.161,16.916,16.435,16.507,15.215,14.627,13.545,13.035,12.528,12.022,11.635,11.263,14.821,18.754,11.084,9.954,9.727,9.431,9.242,8.908,8.439,8.192,7.989,7.685,7.492,7.249,7.08,6.998,6.806,6.654,6.58,6.504,6.353,6.309,6.424,6.729,6.727,,
Spain,ESP,"Death rate, crude (per 1,000 people)",SP.DYN.CDRT.IN,8.6,8.3,8.7,8.8,8.4,8.4,8.4,8.4,8.4,8.9,8.3,8.8,8.1,8.5,8.3,8.3,8.3,8.1,8.1,7.8,7.7,7.8,7.5,7.9,7.8,8.1,8,8,8.2,8.4,8.6,8.7,8.5,8.6,8.6,8.7,8.8,8.7,9,9.2,8.9,8.8,8.8,9.1,8.6,8.8,8.3,8.5,8.4,8.3,8.2,8.3,8.6,8.3,8.5,9.1,8.8,9.1,9.1,8.8,10.4,9.5,9.7,,
Estonia,EST,"Death rate, crude (per 1,000 people)",SP.DYN.CDRT.IN,10.5,10.6,10.9,10.5,10,10.4,10.5,10.4,10.7,11.3,11.2,10.9,11.1,11.1,10.9,11.6,12.1,11.8,12.2,12.3,12.3,12.3,11.9,12.1,12.6,12.7,11.7,11.8,11.9,11.8,12.4,12.6,13.1,14.2,15.2,14.5,13.4,13.3,14,13.4,13.2,13.3,13.3,13.2,13,12.8,12.9,13,12.5,12.1,11.9,11.5,11.7,11.6,11.8,11.6,11.7,11.8,11.9,11.6,11.9,14,12.8,,
Ethiopia,ETH,"Death rate, crude (per 1,000 people)",SP.DYN.CDRT.IN,23.349,22.865,22.573,22.174,21.959,21.878,23.934,21.713,21.664,21.756,21.818,21.792,22.978,22.879,24.867,24.881,22.487,22.538,22.532,21.802,21.487,21.183,21.04,28.374,27.792,26.791,26.357,19.495,19.782,19.762,20.055,18.88,18.295,17.808,17.345,16.892,16.317,15.808,15.413,15.539,14.758,14.36,13.96,13.258,12.745,12.226,11.539,10.807,10.143,9.485,9.001,8.52,8.119,7.734,7.502,7.208,6.93,6.767,6.569,6.439,6.616,6.776,6.497,,
European Union,EUU,"Death rate, crude (per 1,000 people)",SP.DYN.CDRT.IN,10.0503750969377,9.84079026721088,10.2292791494331,10.1193891906677,9.87217625240933,10.0892418704009,9.95123124035424,10.0918531612246,10.3571444251581,10.5968131087606,10.3729467080389,10.4522893865409,10.2545041533418,10.3834867297895,10.2555601139297,10.4619692260727,10.4207190189496,10.2472374759009,10.3486843500781,10.2538450091848,10.459917653125,10.3314158668868,10.2133527131597,10.4445984654441,10.3056352462443,10.4966617483052,10.3548210683874,10.2488813110154,10.2210570313726,10.2307024775709,10.3262231385991,10.355265763609,10.2390974777061,10.3319506883514,10.1975195169106,10.244134595491,10.2471107523199,10.1375173898114,10.1400580578462,10.1184536244794,9.94636783647683,9.84474033406144,9.93843729328598,10.1176414028741,9.65751076803283,9.8494701673467,9.67583454934919,9.75903747586982,9.81837931582117,9.84643613368633,9.83905922630447,9.81195654932546,10.0675554328384,10.0092990259905,9.85047734064385,10.396667511123,10.1776989457887,10.4615365375869,10.5107373571832,10.4025854012258,11.6026000520246,11.8654673944772,11.5089328547422,,
Fragile and conflict affected situations,FCS,"Death rate, crude (per 1,000 people)",SP.DYN.CDRT.IN,20.6474051918174,20.425653408044,20.1798322799136,19.9740671777528,19.594041629286,19.5196952475332,19.5869070472752,19.4085082708071,19.0724288119882,18.9793476308945,18.6939743146336,18.2546714408214,18.3159178666666,17.7960167647494,17.7241110958329,17.5216195534462,17.1682273151339,16.7616780391259,16.6718717335292,16.505218134787,16.3005084342386,16.1439182235475,16.1238344989375,16.7634128093355,16.8882594153471,16.7080965442382,16.1375266660464,15.7976696814513,16.3061707859262,15.1963969492994,15.1621380196504,15.2922228284708,15.3390417100936,14.9679463098196,14.4169612506249,14.5567769818613,14.4274220416993,14.1641661298235,14.3395691449819,13.6882948940654,13.3038614575565,13.1207689183451,12.8648480127119,12.6447779634939,12.4230703173585,12.1755583115975,11.8349378633904,11.5586415709596,11.4721794531973,10.8902358557461,10.7691669372451,10.353581507734,10.1979464184881,10.0192511399972,9.87556496146069,9.71220972763266,9.5520001615218,9.35616395354347,9.19919600098847,9.047475207388,9.27042973980787,9.57773132117494,9.25640573300361,,
Finland,FIN,"Death rate, crude (per 1,000 people)",SP.DYN.CDRT.IN,9,9.1,9.5,9.3,9.3,9.7,9.5,9.5,9.7,9.9,9.6,9.9,9.5,9.3,9.5,9.3,9.5,9.3,9.2,9.2,9.3,9.3,9,9.3,9.2,9.8,9.6,9.7,9.9,9.9,10,9.8,9.9,10.1,9.4,9.6,9.6,9.6,9.6,9.6,9.5,9.4,9.5,9.4,9.1,9.1,9.1,9.3,9.2,9.3,9.5,9.4,9.6,9.5,9.6,9.6,9.8,9.8,9.9,9.8,10,10.4,11.4,,
Fiji,FJI,"Death rate, crude (per 1,000 people)",SP.DYN.CDRT.IN,10.728,10.146,9.577,9.082,8.571,8.141,7.912,7.802,7.585,7.62,7.472,7.399,7.377,7.739,7.433,7.426,7.443,7.344,7.252,7.075,7.185,7.192,7.161,6.929,6.668,6.409,6.361,6.37,6.283,6.24,6.159,6.121,6.069,6.055,6.007,5.984,5.985,6.016,6.036,6.116,6.457,6.565,6.999,6.875,6.866,6.885,6.9,7.052,7.141,7.141,7.113,7.114,7.212,7.424,7.584,8.05,7.885,7.703,7.832,7.941,8.078,8.859,8.235,,
France,FRA,"Death rate, crude (per 1,000 people)",SP.DYN.CDRT.IN,11.4,11.3,11.2,11.1,11.1,11.1,11,11,10.9,10.9,10.8,10.8,10.7,10.6,10.5,10.4,10.4,10.3,10.2,10.2,10.2,10.1,10,10,9.9,9.8,9.7,9.6,9.5,9.4,9.3,9.2,9.2,9.2,9.1,9.1,9.1,9.1,9.1,9.1,8.9,8.8,8.8,9.1,8.3,8.5,8.3,8.3,8.5,8.5,8.5,8.4,8.7,8.7,8.4,8.9,8.9,9.1,9.1,9.1,9.9,9.8,9.8,,
Faroe Islands,FRO,"Death rate, crude (per 1,000 people)",SP.DYN.CDRT.IN,,,,,,,,,,,7.4,8,6.9,7.7,7.6,6.9,7,6.5,7.1,6.3,7.1,6.7,7.1,8.1,7.8,7.5,8.1,8,9,7.9,7.5,8.4,8.5,8.2,7.8,8.4,9.1,8.6,8.5,9,7.8,7.8,8.4,8.5,7.9,8.6,8.7,7.9,7.9,7.9,7.2,7.9,8.5,7.6,8.2,7.8,7.7,9,7.8,8,7,8.1,9.1,,
"Micronesia, Fed. Sts.",FSM,"Death rate, crude (per 1,000 people)",SP.DYN.CDRT.IN,12.386,11.938,11.505,11.235,10.961,10.583,10.376,10.044,9.82,9.536,9.304,9.025,8.833,8.598,8.368,8.168,7.962,7.775,7.567,7.501,7.294,7.159,6.998,6.798,6.594,6.473,6.354,6.281,6.035,5.925,5.794,5.715,5.638,5.686,5.812,5.75,5.626,5.41,5.252,5.073,4.953,4.707,5.128,4.667,4.678,4.694,4.648,4.676,4.657,4.66,4.587,4.612,4.676,4.743,4.844,5.008,5.073,5.265,5.472,5.728,6.065,6.211,6.275,,
Gabon,GAB,"Death rate, crude (per 1,000 people)",SP.DYN.CDRT.IN,20.64,20.315,20.014,19.671,19.348,18.945,18.612,18.302,17.977,17.674,17.288,16.963,16.631,16.347,16.005,15.698,15.309,14.984,14.599,14.309,14.027,13.754,13.518,13.151,12.883,12.549,12.264,12.021,11.846,11.593,11.437,11.266,11.076,10.875,10.754,10.62,10.545,10.421,10.275,10.167,10.002,9.847,9.767,9.538,9.405,9.299,9.074,8.924,8.686,8.559,8.284,8.184,7.914,7.786,7.659,7.418,7.238,7.054,6.986,6.856,6.909,7.258,7.307,,
United Kingdom,GBR,"Death rate, crude (per 1,000 people)",SP.DYN.CDRT.IN,11.5,12,11.9,12.2,11.3,11.6,11.8,11.2,11.9,11.9,11.8,11.5,12,11.9,11.9,11.8,12.1,11.7,11.9,12,11.7,11.7,11.8,11.7,11.4,11.9,11.7,11.3,11.4,11.5,11.2,11.3,11,11.4,10.8,11.1,10.9,10.8,10.8,10.8,10.3,10.2,10.2,10.2,9.7,9.6,9.4,9.4,9.4,9,8.9,8.7,8.9,9,8.8,9.2,9.1,9.2,9.2,9,10.1,9.7,9.1,,
Georgia,GEO,"Death rate, crude (per 1,000 people)",SP.DYN.CDRT.IN,12.684,12.506,12.09,11.745,11.62,11.134,10.931,10.923,10.691,10.515,10.521,10.333,10.247,10.128,10.13,10.049,10.127,9.959,9.988,9.874,10.044,9.817,9.783,9.903,10.067,9.918,9.998,10.267,10.157,10.369,10.499,10.634,10.975,11.012,10.73,10.569,10.652,10.814,11.062,11.125,11.188,11.482,11.409,11.463,11.633,11.445,11.587,11.876,12.318,12.194,12.347,12.418,12.691,12.783,12.576,12.531,12.411,12.603,12.963,12.88,13.976,15.166,15.197,,
Ghana,GHA,"Death rate, crude (per 1,000 people)",SP.DYN.CDRT.IN,18.998,18.668,18.747,18.733,18.671,18.628,18.621,18.613,18.661,18.649,18.422,18.263,17.76,17.311,16.892,16.421,15.934,15.583,15.349,15.168,15.111,14.808,14.556,14.396,14.157,13.798,13.294,12.799,12.302,11.818,11.492,11.209,11.02,10.865,10.941,10.676,10.513,10.322,10.142,9.962,9.922,9.974,9.744,9.513,9.476,9.247,9.14,9.026,8.905,8.706,8.626,8.417,8.238,8.092,7.817,7.773,7.46,7.39,7.373,7.143,7.448,7.627,7.585,,
Gibraltar,GIB,"Death rate, crude (per 1,000 people)",SP.DYN.CDRT.IN,8.564,8.693,8.676,8.875,8.43,8.225,8.694,7.972,8.257,8.453,8.194,8.004,8.204,8.041,8.511,8.041,8.341,8.015,7.917,7.907,7.407,7.597,7.779,7.301,7.04,6.887,7.001,8.128,6.799,8.713,7.359,7.54,8.654,7.034,6.859,8.639,8.096,6.659,6.659,6.363,6.637,6.96,7.541,8.063,7.387,7.145,7.874,9.186,8.15,7.51,7.678,7.123,6.327,8.041,7.395,8.606,8.032,8.182,8.191,8.283,8.685,11.546,8.511,,
Guinea,GIN,"Death rate, crude (per 1,000 people)",SP.DYN.CDRT.IN,28.389,28.144,27.936,27.638,27.409,27.104,26.82,26.504,26.063,25.885,25.616,25.348,25.032,24.852,24.641,24.258,23.898,23.599,23.233,22.899,22.545,22.216,21.786,21.463,21.062,20.659,20.378,20.031,19.891,19.669,19.494,19.077,18.476,17.994,17.707,17.107,16.551,15.935,15.388,15.028,14.804,14.543,14.094,13.733,13.39,13.037,12.717,12.427,12.12,11.918,11.669,11.451,11.193,10.947,10.856,10.702,10.352,10.121,9.94,9.712,9.847,9.99,9.87,,
"Gambia, The",GMB,"Death rate, crude (per 1,000 people)",SP.DYN.CDRT.IN,28.943,28.5,28.097,27.604,27.143,26.629,26.139,25.594,25.135,24.661,24.168,23.722,23.222,22.821,22.353,22.1,21.761,21.56,21.542,20.907,20.555,20.99,19.826,19.489,19.148,18.565,18.115,17.558,17.061,16.608,16.102,15.541,14.983,14.408,13.712,13.163,12.751,12.607,12.254,12.024,11.841,11.69,11.57,11.237,10.847,10.56,10.132,9.856,9.432,9.171,8.941,8.501,8.174,8.073,7.916,7.74,7.454,7.396,7.323,6.999,7.373,7.543,7.137,,
Guinea-Bissau,GNB,"Death rate, crude (per 1,000 people)",SP.DYN.CDRT.IN,27.099,27,26.707,28.586,28.103,27.523,26.882,26.202,25.612,25.159,24.897,24.559,24.311,24.037,22.154,22.7,23.193,23.584,23.726,23.532,23.165,23.059,22.93,22.796,22.679,22.469,22.155,21.83,21.36,20.996,20.568,20.167,19.479,18.951,18.704,17.914,17.572,17.991,17.779,17.408,15.956,15.553,15.07,14.661,14.077,13.87,13.092,12.55,12.15,11.52,11.035,10.579,10.155,9.819,9.549,9.223,8.898,8.642,8.401,8.206,8.574,8.716,8.597,,
Equatorial Guinea,GNQ,"Death rate, crude (per 1,000 people)",SP.DYN.CDRT.IN,23.669,23.37,23.088,22.8,22.591,22.323,22.142,21.927,21.771,34.616,34.376,27.748,21.972,21.778,24.196,27.975,35.86,23.737,23.44,23.012,18.545,18.147,17.791,17.493,17.367,17.133,16.949,16.808,16.633,16.458,16.246,16.072,15.873,15.648,15.478,15.248,15.044,14.731,14.432,14.108,13.738,13.363,12.989,12.636,12.356,12.141,11.887,11.706,11.508,11.391,11.214,10.979,10.557,10.26,9.965,9.616,9.345,9.096,8.85,8.582,9.026,9.042,8.708,,
Greece,GRC,"Death rate, crude (per 1,000 people)",SP.DYN.CDRT.IN,7.3,7.6,7.9,7.9,8.2,7.9,7.9,8.3,8.4,8.2,8.4,8.4,8.6,8.7,8.5,8.9,8.9,9,8.7,8.6,9.1,8.9,8.8,9.2,8.9,9.4,9.2,9.6,9.2,9.2,9.2,9.3,9.4,9.3,9.3,9.5,9.5,9.4,9.6,9.6,9.7,9.4,9.5,9.7,9.6,9.6,9.6,9.9,9.7,9.8,9.8,10,10.6,10.2,10.4,11.2,11,11.6,11.2,11.7,12.2,13.6,13.4,,
Grenada,GRD,"Death rate, crude (per 1,000 people)",SP.DYN.CDRT.IN,11.431,10.738,10.006,9.268,8.788,8.772,8.78,8.757,8.315,8.145,7.997,7.982,7.941,7.879,7.827,7.756,7.782,8.28,8.285,8.268,8.226,8.108,8.003,9.757,7.676,7.576,7.535,7.532,7.465,7.425,7.348,7.233,7.098,6.99,6.943,6.85,6.836,6.827,6.815,6.904,7.131,7.084,7.14,7.272,7.946,7.233,7.242,7.005,6.963,6.883,7.058,7.021,7.281,7.335,7.502,7.572,7.82,7.9,7.956,8.008,8.061,8.151,7.942,,
Greenland,GRL,"Death rate, crude (per 1,000 people)",SP.DYN.CDRT.IN,,,,,,,,,,,,,,,,,,7.6,6.3,7.9,7.6,7.5,7.9,8.3,8.3,8.2,8.3,8.2,7.9,8.2,8.4,8.3,8,7.8,8,8.6,7.9,8.8,8.1,8.5,8,8.3,7.9,7.2,8.4,8.2,7.8,8,7.6,7.8,9,8.4,8,7.9,8.2,8.4,8.7,8.9,8.7,9.8,9.2,9.4,9.3,,
Guatemala,GTM,"Death rate, crude (per 1,000 people)",SP.DYN.CDRT.IN,18.949,18.396,17.94,17.579,17.296,17.13,17.09,16.872,16.577,16.339,15.729,15.067,14.373,13.604,13.02,12.602,15.783,12.018,11.885,11.731,11.755,11.691,14.866,10.481,10.104,9.751,9.445,9.136,8.861,8.681,8.595,8.435,8.334,8.143,7.976,7.679,7.33,7.006,6.747,6.419,6.19,6.013,5.859,5.727,5.625,5.666,5.469,5.419,5.377,5.329,5.296,5.233,5.171,5.112,5.071,5.071,5.038,5.015,4.995,4.892,5.337,6.504,6.767,,
Guam,GUM,"Death rate, crude (per 1,000 people)",SP.DYN.CDRT.IN,6.443,6.317,6.278,6.044,5.901,5.971,6.118,5.801,5.594,5.507,5.427,5.338,5.333,5.245,5.233,5.123,5.075,4.838,4.657,4.471,4.502,4.502,4.48,4.48,4.467,4.481,4.493,4.504,4.491,4.495,4.486,4.57,4.578,4.579,4.629,4.636,4.791,4.788,4.774,4.706,4.663,4.436,4.411,4.293,4.273,4.303,4.437,4.566,4.648,4.784,4.947,5.122,5.368,5.537,5.71,5.958,6.046,6.127,6.21,6.304,7.178,7.337,6.55,,
Guyana,GUY,"Death rate, crude (per 1,000 people)",SP.DYN.CDRT.IN,10.915,10.637,10.298,10.013,9.77,9.571,9.416,9.284,9.176,9.091,9.03,8.969,8.894,8.848,8.784,8.73,8.675,8.63,8.577,8.541,8.502,8.506,8.52,8.528,8.526,8.533,8.509,8.479,8.458,8.42,8.358,8.266,8.218,8.031,7.916,8.023,7.977,7.896,7.638,7.525,7.399,7.286,7.351,7.453,7.402,7.414,7.297,7.16,7.288,7.321,7.399,7.455,7.513,7.538,7.459,7.431,7.475,7.472,7.499,7.444,8.026,9.987,9.762,,
High income,HIC,"Death rate, crude (per 1,000 people)",SP.DYN.CDRT.IN,9.44648622129113,9.30574790219025,9.51909304330004,9.42638432710678,9.14620377338766,9.27566006494548,9.2073928619825,9.19837973973138,9.43793716486661,9.49886748572583,9.41428254170778,9.3222686093021,9.27272858755719,9.35264921388294,9.22843245757195,9.26313532377936,9.27950928028666,9.09920719334808,9.17804480411885,9.11362235100411,9.30120868508261,9.12726601256331,9.02617401328188,9.19365900882817,9.17070585984907,9.22271084227259,9.0359687801383,8.96508719168832,9.0605955786376,9.03273292654819,9.0936390097649,9.10454582198213,9.12856925084047,9.53164793181468,9.59476362307123,9.56066499217286,9.41598497940069,9.29756114298377,9.24103570940269,9.38604683284558,9.32128981929247,9.29380372042236,9.39100642221162,9.45865036839059,9.177325746812,9.30869000159436,9.05180228246616,9.02029956612944,9.05754371643254,8.9297131921746,8.98523032089947,8.93935724288632,9.0296790653157,9.00736990682694,8.96723475611991,9.22175820347377,9.16695738440453,9.27491417721987,9.32969755657038,9.28483406515842,10.3731236684749,10.7885035049881,10.2891137239872,,
"Hong Kong SAR, China",HKG,"Death rate, crude (per 1,000 people)",SP.DYN.CDRT.IN,6.427,6.1,6.3,5.9,5.3,5,5.3,5.4,5.1,5,5.1,5,5.2,5,5,4.8,5,5.1,5.1,5.2,5,4.8,4.8,5,4.7,4.6,4.7,4.8,4.9,5.1,5.2,5,5.3,5.2,5,5.1,5,4.9,5,5,5.1,5,5.1,5.5,5.4,5.7,5.5,5.7,6,5.9,6,6,6.1,6,6.2,6.3,6.4,6.3,6.4,6.5,6.8,6.9,8.7,,
Honduras,HND,"Death rate, crude (per 1,000 people)",SP.DYN.CDRT.IN,18.449,17.976,17.185,16.643,16.144,15.61,15.086,14.615,14.087,13.661,13.245,12.856,12.425,12.967,14.265,11.109,10.853,10.57,10.278,9.988,9.686,9.401,9.129,8.813,8.541,8.339,8.056,7.841,7.685,7.329,7.044,6.736,6.546,6.388,6.176,5.898,5.728,5.56,7.784,5.26,5.141,4.992,4.848,4.781,4.674,4.573,4.525,4.5,4.5,4.371,4.348,4.271,4.221,4.198,4.16,4.147,4.183,4.221,4.257,4.315,4.945,5.608,5.404,,
Heavily indebted poor countries (HIPC),HPC,"Death rate, crude (per 1,000 people)",SP.DYN.CDRT.IN,23.8185871027378,23.5374550319257,23.0866640653992,22.9400373915009,22.5779727938067,22.4177793487493,22.4601899481984,21.9080170804789,21.6420455879225,21.4354750075476,21.179899794651,20.9122487508921,21.1071646649052,20.4744098376345,20.4606468788236,20.1550514931564,19.5648105783422,19.2867961918357,19.1420699935881,18.8328678941009,18.5465540926599,18.3102041726832,18.1170812422269,19.1426253997263,19.1998064703925,18.8506699798202,18.1451009945791,17.38335117985,17.568773467599,16.6822958053975,16.5927111682835,16.6801922466725,16.5793438459096,15.9914378130858,16.8007116578364,15.2639712789576,15.1137028992024,14.8326838802687,14.8121169059289,14.2529218998811,13.7097286276419,13.3570257513708,12.9901526569074,12.5717689924449,12.2053836546202,11.7838166224268,11.3031051533874,10.9072374347468,10.5328846201619,10.1224459641509,9.94562623049641,9.45167652280896,9.12284424716475,8.8199980895672,8.55539488964869,8.31884042166319,8.05193443664731,7.86010637051552,7.67399800007669,7.50258755200557,7.71060152176083,7.87810405711913,7.60819734768365,,
Croatia,HRV,"Death rate, crude (per 1,000 people)",SP.DYN.CDRT.IN,10,9.1,10,9.1,10.1,9.3,8.8,9.5,10,10.7,10,10.1,10.8,10.2,10,10.1,9.9,9.9,10.6,10.5,10.9,11.2,11,11.8,11.6,11.1,11,11.2,11.1,11,10.9,11.7,11.3,11.1,10.6,10.9,11.1,11.5,11.5,11.5,11.2,11.2,11.4,11.8,11.2,11.656,11.341,11.798,11.8,11.8,11.8,11.9,12.1,11.8,12,12.9,12.3,13,12.9,12.7,14.1,16.2,14.8,,
Haiti,HTI,"Death rate, crude (per 1,000 people)",SP.DYN.CDRT.IN,21.263,20.887,20.552,21.605,19.94,19.601,19.351,18.911,18.584,18.259,17.931,17.632,17.437,17.216,17.092,16.975,16.857,16.748,16.641,16.506,16.374,16.148,15.969,15.732,15.523,15.233,14.976,14.704,14.401,14.245,14.029,13.654,13.278,12.881,12.619,12.041,11.648,11.396,11.023,10.564,10.341,10.239,10.023,9.689,10.184,9.239,9.084,8.937,8.853,8.695,17.738,8.762,8.486,8.376,8.243,8.181,8.161,8.014,7.998,7.953,8.176,8.676,8.48,,
Hungary,HUN,"Death rate, crude (per 1,000 people)",SP.DYN.CDRT.IN,10.2,9.6,10.8,9.9,10,10.7,10,10.7,11.2,11.3,11.6,11.9,11.4,11.8,12,12.4,12.5,12.4,13.1,12.8,13.6,13.5,13.5,13.9,13.8,13.9,13.8,13.4,13.2,13.8,14,14,14.3,14.5,14.2,14.1,13.9,13.5,13.7,14,13.3,13,13.1,13.4,13.1,13.5,13.1,13.2,13,13,13,12.9,13,12.8,12.8,13.4,13,13.5,13.4,13.3,14.5,16.1,14.2,,
IBRD only,IBD,"Death rate, crude (per 1,000 people)",SP.DYN.CDRT.IN,18.9848533601334,14.8999463236272,13.3676086328114,13.1745495515387,13.4957292993798,13.2038866602625,12.6329874315898,12.3238634281802,11.9121328866764,11.7331364953898,11.449666818151,11.1676582659904,11.1586239478762,10.7660172969372,10.6853180240922,10.4871121083926,10.3478979798317,10.0418652838355,9.70547863135195,9.55281561927849,9.50622593737722,9.36478650219974,9.29473161145883,9.25919624026199,9.11353188053973,8.94567213522791,8.75339281039437,8.5917762771868,8.46457111081128,8.28838755991145,8.26438852167263,8.17353963940874,8.10950146927883,8.13101451565691,8.04357107510739,7.97696038298947,7.86696696690693,7.75258260609227,7.66878776630402,7.64688693444277,7.61061230466037,7.56558126560172,7.52758900203221,7.50285511234741,7.47066406854519,7.4220125907889,7.43090408873716,7.42106230496146,7.4279475279681,7.37401432762683,7.35294867880794,7.28638238505896,7.22187653455671,7.15398558330563,7.09119139034562,7.05292064935756,7.02725694473164,7.0092846975967,7.03653710905867,7.05705495723353,7.66355215703677,8.68305717021753,8.24997744599609,,
IDA & IBRD total,IBT,"Death rate, crude (per 1,000 people)",SP.DYN.CDRT.IN,19.584434371978,16.1401916743565,14.799340446498,14.5919361666456,14.7660729193418,14.4967264433283,13.9672132790257,13.6569671021346,13.2490009933436,13.0571480807459,12.8871118654482,13.0843498952453,12.4536530891051,12.0568080114375,11.9810056176337,11.8929837894052,11.6981713830561,11.2980746812548,10.9798525126643,10.7998282460038,10.7142399906317,10.559648875537,10.47857045979,10.507780079967,10.378987338707,10.2056085166481,9.98472778822653,9.79873881592848,9.73102993169037,9.45642180436853,9.40815950432015,9.36882893733901,9.2843713851516,9.25423940625216,9.22435678221716,9.04671086085712,8.94028178305727,8.79511371218522,8.72456768251022,8.58118961890801,8.4992808566724,8.42170692085049,8.34549669133066,8.27369531167386,8.20554340190824,8.11985009552716,8.05509099975574,8.00705473373927,7.99017818483736,7.87151825191501,7.81062382418389,7.69604845015358,7.6105335966438,7.52154972149695,7.44169776471371,7.37785528052485,7.31593610918188,7.26481657486313,7.24992418511614,7.23386194248488,7.73960966947672,8.53084102451177,8.1246005964874,,
IDA total,IDA,"Death rate, crude (per 1,000 people)",SP.DYN.CDRT.IN,22.4812678251319,22.0528028229927,21.5759160894542,21.288315669545,20.7516329007292,20.5682606667422,20.216457536181,19.8790216293287,19.4659425806162,19.1947277811269,19.5331688180362,21.9398530962354,18.4251809460786,17.98240635843,17.896046658956,18.2706471074479,17.784251491828,16.9187125967583,16.6317970458664,16.2775396880131,15.972231776814,15.7157724853677,15.5413609862247,15.7981534586405,15.6922624716884,15.4469957316605,15.0624385774361,14.7344617447086,14.8678418467977,14.1532393439521,13.9674617214167,14.0912506951483,13.8784016539456,13.5957958635607,13.7369418561297,13.0895871798025,12.9509024339061,12.648174370994,12.5839232914308,11.9573189184439,11.6710543497718,11.4383221773318,11.1889280054789,10.9179626632984,10.6942605628194,10.4530356988299,10.1144753388675,9.91427480797526,9.79644757568892,9.44926689759285,9.24235000527526,8.9607049471131,8.79622126568188,8.63104129350404,8.48870311327967,8.33796188891103,8.15894466324152,8.0017788176027,7.85715910408587,7.72987425191924,7.94971214955619,8.1173181173342,7.79019429167727,,
IDA blend,IDB,"Death rate, crude (per 1,000 people)",SP.DYN.CDRT.IN,22.3232601636912,21.823452916739,21.1709436461531,20.6109639036297,20.1347424581513,19.6896826799266,19.1672484774159,19.1636516597633,18.4766452797188,18.0604924589408,17.4366986440249,18.0025440580649,16.6276637734755,16.2836662073246,16.0059777170361,15.6815230792698,15.306602468089,15.0365570624069,14.8035442265717,14.401970593857,14.1653487657029,13.8698966695916,13.7559154208877,13.5698040882424,13.4232773709834,13.3475170882886,13.3187536270403,13.2837542438308,13.1574368072773,12.9901062231693,12.8962112861267,12.922720451812,12.962790865639,12.9693868515036,12.9885228750304,13.0222831947778,12.8810154593105,12.7531404494597,12.5774983656766,12.2897178985602,12.0420403595531,11.8999956489873,11.6844820398617,11.4858290008877,11.2616154088663,11.2031657855446,10.7975748484299,10.6554073769558,10.5101476843579,10.2996992860474,10.1209754263571,9.93037444370936,9.82512828449217,9.65889119265911,9.57424330956927,9.46173442971647,9.3665557451855,9.23208758644712,9.11992715841108,8.99945021228363,9.18060998009658,9.35367185417439,9.01393053372033,,
Indonesia,IDN,"Death rate, crude (per 1,000 people)",SP.DYN.CDRT.IN,18.024,17.641,17.18,16.824,16.31,20.958,16.791,15.015,14.604,14.112,13.677,13.273,12.844,12.465,12.094,11.771,11.45,11.131,10.871,10.573,10.264,10.061,9.757,9.495,9.256,8.937,8.706,8.591,8.507,8.31,8.111,8.007,7.786,7.636,7.596,7.505,7.541,7.458,7.431,7.39,7.383,7.329,7.248,7.223,7.995,7.336,7.323,7.314,7.41,7.386,7.406,7.456,7.494,7.457,7.43,7.46,7.529,7.579,7.496,7.539,8.964,10.065,9.59,,
IDA only,IDX,"Death rate, crude (per 1,000 people)",SP.DYN.CDRT.IN,22.5511210508738,22.1541364968608,21.7547322628705,21.5873439762696,21.023933191218,20.9560511355893,20.679651907641,20.1947944862695,19.9024666917268,19.6952186208567,20.4593053940456,23.6847179777468,19.2241373188017,18.7387355250743,18.7393967255535,19.4302977837766,18.899844827295,17.7709720494518,17.4632777033911,17.1346462520688,16.8074541569504,16.5811283641061,16.3858729573662,16.8563218785921,16.7722603578512,16.4505675308403,15.9006717274149,15.4358733211249,15.6998520946921,14.7220215998837,14.493843616794,14.6681941586821,14.3306333094224,13.9047241150544,14.1062528650471,13.122852853462,12.9855329334772,12.5960250847214,12.5871235160688,11.7913965541006,11.4851598951762,11.2060920279428,10.9396748520055,10.6327469718168,10.4093236344354,10.0763845744338,9.77162763142018,9.54216824734636,9.43758153391446,9.0207758119373,8.79859380071241,8.47027922130939,8.27599126751515,8.11162886073879,7.94067272639334,7.77182572899696,7.55272392998535,7.38628509181933,7.22722871617345,7.09841466844761,7.33905228086856,7.5052365060724,7.18514147855407,,
Isle of Man,IMN,"Death rate, crude (per 1,000 people)",SP.DYN.CDRT.IN,16.917,17.589,17.432,18.043,17.469,17.555,17.551,17.182,17.374,17.62,17.455,17.363,17.735,17.034,17.34,16.819,16.742,16.731,16.668,16.513,16.3,15.872,16.064,15.855,15.972,16.498,16.176,15.908,15.451,15.653,14.76,14.529,13.979,14.899,14.113,14.261,13.838,13.781,13.318,13.854,12.885,12.239,12.227,11.871,11.121,10.719,10.504,10.5,10.32,10.167,9.97,9.845,9.896,9.992,9.781,10.905,9.979,10.023,10.054,10.09,10.414,10.604,10.461,,
India,IND,"Death rate, crude (per 1,000 people)",SP.DYN.CDRT.IN,19.633,19.446,19.205,18.964,18.761,19.642,19.342,19.082,17.778,17.51,17.228,16.938,16.643,16.27,15.786,15.381,15.009,14.662,14.288,13.965,13.676,13.37,13.044,12.72,12.412,12.102,11.82,11.522,11.236,10.956,10.691,10.455,10.23,10.021,9.807,9.612,9.419,9.229,9.05,8.875,8.701,8.558,8.363,8.188,8.04,7.876,7.743,7.642,7.558,7.479,7.385,7.267,7.118,6.96,6.79,6.67,6.603,6.593,6.644,6.71,7.35,9.448,9.074,,
Not classified,INX,"Death rate, crude (per 1,000 people)",SP.DYN.CDRT.IN,,,,,,,,,,,,,,,,,,,,,,,,,,,,,,,,,,,,,,,,,,,,,,,,,,,,,,,,,,,,,,,,,
Ireland,IRL,"Death rate, crude (per 1,000 people)",SP.DYN.CDRT.IN,11.5,12.3,11.9,11.8,11.4,11.5,12.2,10.8,11.4,11.5,11.4,10.7,11.3,11.1,11.1,10.4,10.5,10.2,10.2,10,9.8,9.5,9.3,9.4,9.1,9.4,9.5,8.9,9,9.1,8.9,8.9,8.7,9,8.6,8.9,8.7,8.6,8.5,8.7,8.2,7.8,7.5,7.3,7,6.8,6.7,6.4,6.3,6.3,6.1,6.2,6.3,6.4,6.3,6.4,6.4,6.3,6.4,6.3,6.5,6.8,6.9,,
"Iran, Islamic Rep.",IRN,"Death rate, crude (per 1,000 people)",SP.DYN.CDRT.IN,23.053,22.268,22.157,20.887,20.209,19.593,18.938,18.373,18.141,17.154,16.478,15.706,15.147,14.214,13.594,13.039,12.537,12.072,12.398,11.047,10.95,11.621,10.995,10.42,9.219,8.78,8.373,8.071,7.668,6.686,7.176,6.207,6.015,5.821,5.661,5.514,5.415,5.357,5.311,5.18,5.15,5.168,5.1,5.459,5.007,4.97,4.911,4.838,5.041,5.127,5.108,4.978,4.892,4.911,4.905,4.842,4.726,4.692,4.715,4.872,5.567,6.437,6.152,,
Iraq,IRQ,"Death rate, crude (per 1,000 people)",SP.DYN.CDRT.IN,13.894,13.788,14.027,14.044,13.767,13.208,12.78,12.226,11.972,11.639,11.172,10.746,10.432,10.045,10.366,10.013,9.021,8.712,8.548,8.308,9.381,10.126,9.894,9.698,9.595,9.342,9.211,9.036,10.824,10.735,10.565,8.541,6.707,6.577,6.575,6.606,6.56,6.718,6.78,6.46,6.172,6.041,5.975,6.474,6.688,6.732,7.214,7.214,6.65,6.07,5.85,5.646,5.505,5.413,5.16,4.961,5.13,4.637,4.282,4.301,5.239,4.753,4.433,,
Iceland,ISL,"Death rate, crude (per 1,000 people)",SP.DYN.CDRT.IN,6.6,7,6.8,7.2,7,6.7,7.1,7,6.9,7.1,7.1,7.3,6.9,7,7,6.5,6.1,6.5,6.4,6.6,6.8,7.2,6.8,7,6.6,6.8,6.6,7,7.3,6.8,6.7,7,6.6,6.6,6.5,7.2,7,6.8,6.6,6.9,6.5,6.1,6.3,6.3,6.2,6.2,6.3,6.2,6.3,6.3,6.4,6.2,6.1,6.7,6.3,6.6,6.9,6.5,6.4,6.3,6.3,6.3,7,,
Israel,ISR,"Death rate, crude (per 1,000 people)",SP.DYN.CDRT.IN,5.7,5.8,6,6.1,6.3,6.3,6.3,6.4,6.7,6.9,7.1,7,7.2,7,7.1,7.1,6.7,6.9,6.8,6.7,6.7,6.5,6.9,6.9,6.7,6.6,6.8,6.7,6.6,7.1,6.8,6.5,6.4,6.6,6.5,6.3,6.1,6.2,6.2,6.1,6,5.8,5.8,5.8,5.6,5.6,5.5,5.6,5.4,5.2,5.2,5.3,5.3,5.2,5.2,5.3,5.2,5.2,5,5.1,5.3,5.4,5.4,,
Italy,ITA,"Death rate, crude (per 1,000 people)",SP.DYN.CDRT.IN,9.6,9.3,10,10.1,9.5,9.9,9.4,9.6,10,10.1,9.7,9.7,9.6,10,9.7,10,9.9,9.8,9.6,9.6,9.8,9.7,9.5,10,9.5,9.7,9.6,9.4,9.5,9.4,9.6,9.7,9.6,9.7,9.7,9.8,9.7,9.8,10,9.8,9.8,9.6,9.8,10.2,9.5,9.8,9.6,9.8,9.9,10,9.9,10,10.3,10,9.8,10.7,10.1,10.7,10.5,10.6,12.5,11.9,12.1,,
Jamaica,JAM,"Death rate, crude (per 1,000 people)",SP.DYN.CDRT.IN,8.838,8.796,8.824,8.575,8.551,8.5,8.421,8.463,8.622,8.596,8.469,8.443,8.428,8.31,8.249,8.233,8.112,8.139,8.125,8.078,7.984,7.843,7.663,7.74,7.645,7.513,7.417,7.206,7.118,6.877,6.861,6.974,7.016,7.063,7.061,7.066,6.975,7.034,7.062,6.979,6.894,6.914,6.81,6.817,6.753,6.654,6.587,6.501,6.429,6.219,6.019,5.871,5.813,5.924,6.238,6.653,6.971,7.145,7.318,7.477,7.583,8.797,8.787,,
Jordan,JOR,"Death rate, crude (per 1,000 people)",SP.DYN.CDRT.IN,15.744,14.996,14.282,13.608,12.887,12.266,11.885,11.065,10.517,9.991,10.087,9.127,8.656,8.274,7.92,7.58,7.243,6.937,6.644,6.387,6.148,5.888,5.646,5.434,5.239,5.07,4.923,4.772,4.609,4.471,4.345,4.25,4.169,4.102,4.045,3.993,3.936,3.875,3.819,3.769,3.724,3.689,3.67,3.655,3.643,3.645,3.635,3.625,3.621,3.611,3.604,3.597,3.596,3.592,3.361,3.169,3.169,3.155,3.15,3.148,3.475,3.868,3.957,,
Japan,JPN,"Death rate, crude (per 1,000 people)",SP.DYN.CDRT.IN,7.6,7.4,7.5,7,6.9,7.1,6.8,6.8,6.8,6.8,6.9,6.6,6.5,6.6,6.5,6.3,6.3,6.1,6.1,6,6.2,6.1,6,6.2,6.2,6.3,6.2,6.2,6.5,6.4,6.7,6.7,6.9,7.1,7.1,7.4,7.2,7.3,7.5,7.8,7.7,7.7,7.8,8,8.2,8.6,8.6,8.8,9.1,9.1,9.5,9.9,10,10.1,10.1,10.3,10.5,10.8,11,11.2,11.1,11.7,12.9,,
Kazakhstan,KAZ,"Death rate, crude (per 1,000 people)",SP.DYN.CDRT.IN,12.763,12.538,12.281,11.885,11.561,11.203,10.94,10.749,10.6,10.445,10.332,10.252,10.127,10.026,9.939,9.844,10.022,9.957,9.888,7.7,8,8,7.9,8,8.3,8,7.4,7.6,7.7,7.6,7.87,8.19,8.37,9.53,9.93,10.66,10.66,10.44,10.24,9.87,10.06,9.95,10.05,10.41,10.14,10.37,10.27,10.22,9.74,8.88,8.95,8.72,8.54,8,7.65,7.46,7.37,7.15,7.14,7.19,8.6,9.61,6.8,,
Kenya,KEN,"Death rate, crude (per 1,000 people)",SP.DYN.CDRT.IN,18.647,17.869,17.216,16.644,16.129,15.733,15.339,14.951,14.581,14.197,13.802,13.317,12.807,12.328,12.111,11.832,11.604,11.197,10.838,10.395,9.97,9.001,8.937,8.793,8.76,8.751,8.818,8.849,8.999,9.162,9.31,9.527,9.803,10.036,10.153,10.387,10.543,10.65,10.743,10.697,10.677,10.587,10.332,9.995,9.61,9.147,8.748,8.457,8.087,7.718,7.57,7.428,7.453,7.399,7.304,7.361,7.34,7.294,7.305,7.29,7.456,8.056,7.83,,
Kyrgyz Republic,KGZ,"Death rate, crude (per 1,000 people)",SP.DYN.CDRT.IN,16.28,15.921,15.443,14.939,14.504,14.053,13.486,13.097,12.678,12.338,12.038,11.794,11.568,11.275,11,10.891,10.767,10.544,10.344,10.094,9.917,9.81,9.7,9.469,9.416,9.213,9.161,9.054,8.941,7.2,6.9,6.9,7.1,7.6,8.2,8,7.4,7.3,7.2,6.8,7,6.6,7.1,7.1,6.9,7.2,7.4,7.2,7.1,6.7,6.6,6.5,6.5,6.1,6.1,5.8,5.5,5.4,5.2,5.2,6.1,5.8,4.5,,
Cambodia,KHM,"Death rate, crude (per 1,000 people)",SP.DYN.CDRT.IN,20.951,20.439,19.883,19.292,18.862,18.545,18.096,17.936,17.71,17.368,22.577,22.319,21.743,21.816,21.628,85.733,86.575,31.701,22.627,19.061,16.53,16.694,16.469,16.131,15.731,15.257,14.902,13.742,13.168,12.727,12.246,11.986,11.75,11.528,11.38,11.064,10.847,10.467,10.151,9.749,9.273,8.667,8.149,7.641,7.273,7.042,6.809,6.63,6.418,6.127,6.121,5.947,5.863,5.817,5.756,5.81,5.779,5.775,5.874,5.947,6.228,6.838,6.785,,
Kiribati,KIR,"Death rate, crude (per 1,000 people)",SP.DYN.CDRT.IN,19.411,18.901,18.298,17.623,16.942,16.291,15.66,15.243,14.783,14.335,13.729,13.18,12.765,12.322,12.013,11.84,11.659,11.87,11.308,11.096,11.084,11.014,10.952,10.853,10.74,10.601,10.411,10.143,9.843,9.539,9.229,8.912,8.633,8.369,8.142,7.952,7.801,7.613,7.433,7.255,7.09,6.95,6.875,6.829,6.857,6.917,7.004,7.064,7.102,7.102,7.071,7.007,6.928,6.831,6.727,6.623,6.519,6.426,6.345,6.252,6.242,6.236,6.182,,
St. Kitts and Nevis,KNA,"Death rate, crude (per 1,000 people)",SP.DYN.CDRT.IN,15.244,15.198,14.036,13.068,12.759,12.441,12.222,12,11.941,12.109,12.066,12.427,12.765,12.845,12.233,11.69,11.57,11.742,12.215,12.555,12.795,12.605,12.371,12.144,11.791,11.532,11.738,11.784,11.856,12.19,12.211,11.82,11.279,10.79,10.796,10.709,10.547,10.195,10.265,9.791,9.249,9.106,8.937,8.697,8.39,8.46,8.65,8.73,8.832,8.936,9.24,9.362,9.146,9.284,9.612,9.763,9.372,9.443,9.83,9.91,10.036,10.181,10.078,,
"Korea, Rep.",KOR,"Death rate, crude (per 1,000 people)",SP.DYN.CDRT.IN,12.663,12.255,11.854,11.501,10.747,10.074,9.355,8.46,8.298,8.096,8,7.2,6.3,7.8,7.2,7.7,7.4,6.8,6.8,6.4,7.3,6.1,6.2,6.4,5.9,5.9,5.8,5.9,5.6,5.6,5.6,5.6,5.4,5.2,5.4,5.3,5.2,5.3,5.2,5.3,5.2,5.1,5.1,5.1,5.1,5.1,5,5,5,5,5.1,5.1,5.3,5.3,5.3,5.4,5.5,5.6,5.8,5.7,5.9,6.2,7.3,,
Kuwait,KWT,"Death rate, crude (per 1,000 people)",SP.DYN.CDRT.IN,11.561,10.818,10.102,9.391,8.749,8.127,7.607,7.149,6.759,6.309,5.881,5.567,5.304,5.121,4.898,4.805,4.616,4.361,4.103,3.795,3.509,3.226,3.036,2.829,2.613,2.458,2.3,2.189,2.133,2.114,2.697,2.579,2.173,2.232,2.156,2.07,2.011,1.974,1.936,1.905,1.868,1.863,1.878,1.914,2,2.01,2.036,2.014,1.997,1.942,1.834,1.752,1.721,1.696,1.695,1.761,1.811,1.914,2.052,2.194,3.254,2.906,2.606,,
Latin America & Caribbean (excluding high income),LAC,"Death rate, crude (per 1,000 people)",SP.DYN.CDRT.IN,13.7040762439947,13.3225490818148,12.9946275730574,12.6913689608898,12.3666058426097,12.0835384343651,11.7837673957525,11.5181306035242,11.264658555466,11.0251828459373,11.0024012022124,10.4884680476873,10.2783077248067,10.0142034298615,9.81518530172712,9.56294564248203,9.46909012786743,9.2108106406239,9.05987112986604,8.91110329018396,8.74209140141948,8.53185822434886,8.39206040188234,8.11284787492474,7.92825041914122,7.78051968427571,7.52921124491304,7.35330419813889,7.18252309534853,7.05114727043687,6.95995604382087,6.84278043165481,6.73489582831508,6.63502840780609,6.5184850181982,6.45780059476021,6.3616906569261,6.30181806064584,6.26838822651293,6.16141384833098,6.12651992428601,6.06780617214013,6.0458909817063,6.05249502588043,6.01350857012559,5.9481482997547,5.96351162272796,6.02195679760985,6.01858016720968,6.05042395142405,6.26831214971472,6.11495681447473,6.12990053326995,6.13366600913313,6.14534764580676,6.25422956148321,6.3895326376511,6.41956886086313,6.48668616965408,6.52396830153495,7.78606369075862,8.46460206506584,7.54639043436452,,
Lao PDR,LAO,"Death rate, crude (per 1,000 people)",SP.DYN.CDRT.IN,22.677,22.452,21.753,22.206,21.96,21.65,21.635,21.23,20.962,20.808,20.57,20.272,20.08,19.925,19.255,19.002,19.182,18.89,18.678,18.092,17.307,16.853,16.408,16.05,15.688,15.324,14.943,14.629,14.236,13.874,13.548,13.063,12.701,12.337,12.03,11.543,11.139,10.802,10.599,10.511,10.256,9.956,9.785,9.626,9.598,9.378,9.096,8.785,8.539,8.266,8.008,7.762,7.604,7.584,7.465,7.513,7.135,6.91,6.755,6.505,6.366,6.613,6.195,,
Lebanon,LBN,"Death rate, crude (per 1,000 people)",SP.DYN.CDRT.IN,9.837,9.5,9.321,9.073,8.818,8.642,8.485,8.224,8.091,7.968,7.867,7.772,7.677,7.486,7.41,11.148,31.168,10.689,10.596,10.505,10.374,10.22,19.378,9.941,9.766,9.672,9.432,9.278,9.128,7.963,7.848,5.199,5.207,5.153,5.068,4.969,4.92,4.787,4.788,4.647,4.554,4.473,4.295,4.196,4.158,4.16,4.333,4.093,4.026,4.039,4.066,4.099,4.134,4.197,4.221,4.235,4.343,4.495,4.704,5.178,6.253,8.271,8.857,,
Liberia,LBR,"Death rate, crude (per 1,000 people)",SP.DYN.CDRT.IN,25.588,25.683,25.712,25.723,25.66,25.52,25.296,25.015,24.718,24.363,23.955,23.577,23.129,22.797,22.436,22.149,21.784,21.362,20.972,20.654,20.321,19.94,19.641,19.419,19.257,19.688,19.432,19.738,20.102,20.475,25.501,21.006,21.008,21.512,21.786,20.233,19.875,17.565,16.855,16.141,15.228,14.312,13.58,13.852,12.134,11.599,11.171,10.765,10.421,10.115,9.907,9.741,9.57,9.482,9.799,9.715,9.059,8.954,8.793,8.658,8.753,8.838,8.632,,
Libya,LBY,"Death rate, crude (per 1,000 people)",SP.DYN.CDRT.IN,25.985,24.413,22.903,21.676,20.202,18.986,17.846,16.78,15.629,14.535,13.52,12.584,11.685,10.989,10.14,9.378,8.649,8.163,7.69,7.281,6.878,6.544,6.263,5.953,5.707,5.521,5.319,5.142,4.972,4.823,4.663,4.524,4.395,4.348,4.281,4.198,4.187,4.3,4.385,4.469,4.686,4.683,4.669,4.653,4.549,4.53,4.491,4.504,4.42,4.449,4.512,5.479,5.028,5.056,5.43,5.427,5.48,5.284,5.245,5.454,5.598,6.018,5.954,,
St. Lucia,LCA,"Death rate, crude (per 1,000 people)",SP.DYN.CDRT.IN,14.175,13.391,12.68,12.08,11.347,10.729,10.142,9.595,9.098,8.828,8.538,8.339,8.238,8.113,7.78,7.61,7.461,7.185,6.991,6.957,6.816,6.487,6.274,5.971,5.823,5.943,5.915,6.049,6.07,6.054,6.061,5.999,5.965,5.943,6.095,6.207,6.371,6.556,6.729,6.862,6.98,6.961,6.929,6.901,6.901,6.924,6.95,7.019,7.118,7.237,7.32,7.34,7.479,7.645,7.724,7.706,7.848,7.968,7.976,8.068,8.205,10.299,10.151,,
Latin America & Caribbean,LCN,"Death rate, crude (per 1,000 people)",SP.DYN.CDRT.IN,13.279689540927,12.91390454027,12.6063140410195,12.3369828582432,12.0068488258815,11.7232018190509,11.4390615670583,11.168450600353,10.91933038793,10.6973672722272,10.6500826640611,10.1749373634154,9.98771009067411,9.71455549148566,9.51368369470976,9.25897668391765,9.18109791576523,8.9199815117486,8.77249560262885,8.63908808135245,8.47859108244856,8.26921857279483,8.13818503677785,7.88939768863191,7.71897758270027,7.58274431923385,7.34589155121241,7.1830262087426,7.03182097115144,6.91792028684201,6.83380236925149,6.71547994010016,6.61854327779483,6.53203850334251,6.42645127712867,6.37504435278905,6.28985561213208,6.21986113716215,6.19565773622601,6.10875716689162,6.06438789007312,6.04362523387931,5.99131909483384,6.02218445973166,5.97967926899333,5.92043035811404,5.93831899599598,6.00104311828719,6.01199010776247,6.04253984155204,6.24750658284439,6.11014964096288,6.13342059795569,6.13708727786594,6.16514939023457,6.26218915449296,6.41705489040676,6.45535593681834,6.52737506561742,6.57044141894991,7.76827842929838,8.43517377153366,7.58300279037262,,
Least developed countries: UN classification,LDC,"Death rate, crude (per 1,000 people)",SP.DYN.CDRT.IN,23.5179227549024,23.1666214277285,22.7679253264539,22.6246027503267,22.0345228372024,22.0040608227136,21.7379140050373,21.2309299944272,20.9386162222055,20.7394764586195,21.6589322239874,25.3487682475579,20.3148882203437,19.814152621766,19.8566266336957,20.7419604428609,20.1856591581359,18.9362475407057,18.6334881469069,18.2757053619849,17.9423936893037,17.697101135366,17.4670465030701,18.0947958784476,18.0200385956016,17.6761464501205,17.0867171126002,16.6155427273543,16.9357575502684,15.8281157884091,15.6062641864233,15.7754253660488,15.4008680959963,14.9031789835915,15.1144981846657,13.9804696017683,13.827380279376,13.3899627958579,13.3677180948448,12.5087333734068,12.1122706532832,11.8057704819992,11.5092931732262,11.1453096541686,10.8456082682269,10.5263868615503,10.1894515641603,9.93628902532403,9.81715249145716,9.32492734845148,9.1103594173326,8.73754618191637,8.45877239754962,8.24931234855047,8.05683575667925,7.88602157712566,7.65872565347314,7.48887022932206,7.3222312023318,7.19797843806437,7.41880775391342,7.60268850822306,7.26739920088225,,
Low income,LIC,"Death rate, crude (per 1,000 people)",SP.DYN.CDRT.IN,23.6630240306286,23.3822577919275,23.1223043269473,23.0046786830599,22.4893685270253,22.441758121714,22.632005797451,21.9993408091611,21.7016046787538,21.4765625217739,21.2034513720014,20.7842151149999,21.037274983837,20.3226556837218,20.3170608146841,20.0710856056336,19.4453112870003,19.1881424259886,19.0379510835325,18.7175648344549,18.4627951824176,18.2707738184096,18.1497186729889,19.3879455285862,19.5472187405882,19.1850440574621,18.4337280536167,17.8442766613346,18.6062591739755,16.8357603965842,16.7509283013681,16.8835829894404,16.9596352077222,16.2313943655253,16.9029359135941,15.4852708893152,15.3195407924298,14.9480231816615,15.3438010928105,14.2461430225562,13.6269629815542,13.2687824346209,12.9239913454516,12.3157922738359,11.9658460689518,11.581489607137,11.0955174385885,10.6946103307197,10.3372514240519,9.92399825844125,9.62941661965771,9.3021140895755,9.10499204852385,8.88185550877703,8.66828316015125,8.44018252171586,8.19070281609698,7.99128954420026,7.82072738092014,7.63891014043918,7.79494544694132,7.96338277301322,7.70790332025594,,
Liechtenstein,LIE,"Death rate, crude (per 1,000 people)",SP.DYN.CDRT.IN,7.5,7.8,9.5,8.1,7.9,8.1,7.8,7.8,7.1,8,7.7,8.6,6.7,7.8,6.3,7.5,7.4,6.1,6.5,6.8,6.9,6.3,6.4,5.7,6.7,6.4,6.9,6.5,7,6.1,6.8,6.4,6.1,5.9,6.8,7.3,7.4,7.4,6.6,6.4,7.3,6.6,6.4,6.4,5.7,6.2,6.3,6.4,5.8,6.4,6.6,6.8,6.1,6.7,7.2,6.7,7.2,6.6,7.2,6.8,8.2,6.9,7.1,,
Sri Lanka,LKA,"Death rate, crude (per 1,000 people)",SP.DYN.CDRT.IN,11.09,10.507,10.096,9.814,9.573,9.206,8.884,8.594,8.392,8.216,7.587,7.269,7.321,7.28,7.25,7.181,7.116,7.158,6.79,6.636,6.468,6.299,6.142,6.025,5.863,5.827,5.738,5.825,5.882,6.649,5.923,6.086,5.88,5.786,5.981,6.343,6.469,6.651,6.799,6.657,8.101,7.958,7.86,7.765,9.451,7.489,7.576,7.631,7.77,8.987,7.369,7.371,7.181,7.092,6.979,6.98,6.896,7.029,7.037,7.072,7.056,7.36,7.287,,
Lower middle income,LMC,"Death rate, crude (per 1,000 people)",SP.DYN.CDRT.IN,19.7509872578548,19.4118830794011,19.0512066938758,18.7816795822664,18.4393480939493,18.7903913707006,18.3915048226776,18.1647961005656,17.3727921398311,17.0638316715519,17.0972368306112,18.1303612016282,16.2837767097214,15.8869733775125,15.5724983107689,15.425835644664,15.0848200599651,14.4265269145491,14.0768804714674,13.7515903450777,13.4653581979296,13.1867558176487,12.9356048342601,12.6433671786431,12.3730638380871,12.1137203328773,11.8681813244335,11.6224468626758,11.3802780794031,11.135143042677,10.8921114987282,10.7670495789133,10.5162468183791,10.3541207419772,10.1863031435854,10.0139008539246,9.85895901214718,9.65717632338209,9.46284357864331,9.23594088784521,9.11020276385554,8.97621159765574,8.80137459934131,8.6370581498027,8.50444098410319,8.36055005185354,8.20370519334393,8.11722519821985,8.08074801081765,7.9250571980475,7.81923507256498,7.66398910273822,7.53445653754225,7.41012579705061,7.27998084432946,7.18165438523593,7.09436017689201,7.03684583861738,7.01850606241015,7.02112238180617,7.43416925651049,8.62738507990331,8.22000137956118,,
Low & middle income,LMY,"Death rate, crude (per 1,000 people)",SP.DYN.CDRT.IN,20.603830774061,16.864164583724,15.3761270824402,15.170510155573,15.3665933181848,15.0490236688444,14.4656108676575,14.0941665351798,13.6367481874972,13.3831393980146,13.1964811785568,13.3883667086022,12.703529785803,12.2616862885779,12.1804513551254,12.0553317563416,11.8291318633516,11.3941707232742,11.0396174746091,10.8328931153892,10.7220944152994,10.573960244782,10.4938891430417,10.5011240228918,10.3422379071372,10.1635097259132,9.97083273710966,9.76709033957885,9.69117762291401,9.40142964765428,9.33170964889943,9.27986517862795,9.16469363308749,9.05556980891339,8.99188694454248,8.84990743533999,8.76419711789402,8.63178416173993,8.57439852432102,8.39412596288606,8.29735362135231,8.20939915833978,8.11850880433127,8.02335822171191,7.9762282774808,7.88491145230724,7.84953388253416,7.81532854476923,7.80202886402854,7.68863024036008,7.62380616684877,7.52600435835359,7.44047714953049,7.35822498120768,7.27303894536018,7.20542506553298,7.14641517227964,7.10314162176735,7.0851184429951,7.07616965609603,7.52583512157328,8.28685275834222,7.97176223155167,,
Lesotho,LSO,"Death rate, crude (per 1,000 people)",SP.DYN.CDRT.IN,17.377,17.175,17.036,16.984,16.893,16.859,16.707,16.556,16.262,15.935,15.61,15.352,15.026,14.731,14.571,14.211,13.923,13.594,13.181,12.738,12.277,11.744,11.33,10.995,10.659,10.358,10.136,10.09,10.001,9.997,10.013,10.081,10.344,10.59,10.558,11.183,11.947,12.829,13.878,14.944,16.083,17.289,18.368,19.339,20.162,20.605,20.884,20.662,20.417,19.933,18.644,17.828,17.019,16.222,15.519,14.825,14.126,13.651,13.259,13.014,12.858,14.186,14.069,,
Late-demographic dividend,LTE,"Death rate, crude (per 1,000 people)",SP.DYN.CDRT.IN,19.8133379729573,12.8706002180736,10.3200193525692,10.2460112214387,11.007067252808,9.78011911192523,9.31786987901968,9.06466730716708,8.96197894580788,8.8253246234014,8.49767385972788,8.277636379195,8.47304975611248,8.03199364917321,8.17852991932713,8.06615673655944,8.03217228629065,7.72537991826741,7.32615282308769,7.26803789032919,7.34772367087796,7.27169074265295,7.37283499864659,7.55558365289085,7.5176467437054,7.45081457836885,7.34944014256777,7.23894315865477,7.18986133577003,7.08073567436475,7.18526875798798,7.20489155873064,7.21433678874788,7.37214028843188,7.35929015109258,7.39297097420974,7.30304348000805,7.2037097114635,7.15287396052808,7.19830390502401,7.23947992186391,7.22705263168425,7.25672916248139,7.2245245901278,7.20548808372361,7.24166634055091,7.34741952863563,7.3897526383022,7.45777741242007,7.44725052394246,7.4583004973019,7.42686946345035,7.41814938875884,7.38667532794643,7.38059584367202,7.37315130985093,7.35592013918644,7.34947577068738,7.38791454312163,7.39217173379521,7.72703283712331,8.21453284440407,7.89467387998073,,
Lithuania,LTU,"Death rate, crude (per 1,000 people)",SP.DYN.CDRT.IN,7.8,7.9,8.7,8,7.4,7.9,7.9,8.1,8.4,8.7,8.9,8.5,9.1,9,9,9.5,9.6,9.8,10.1,10.3,10.5,10.4,10.1,10.5,11,11.1,10,10.2,10.3,10.4,10.8,11.1,11.2,12.5,12.7,12.5,11.9,11.5,11.5,11.4,11.1,11.6,11.9,12,12.2,13.2,13.7,14.1,13.7,13.3,13.6,13.6,13.7,14,13.7,14.4,14.3,14.2,14.1,13.7,15.6,17,15.1,,
Luxembourg,LUX,"Death rate, crude (per 1,000 people)",SP.DYN.CDRT.IN,11.8,11.4,12.6,12.1,11.8,12.2,12.1,12.3,12.2,12.4,12.2,12.8,11.9,12,12.2,12.2,12.5,11.3,11.6,11,11.3,11.2,11.3,11.3,11.1,11,10.8,10.8,10.3,10.6,9.9,9.7,10.3,9.8,9.4,9.3,9.4,9.4,9.2,8.8,8.6,8.4,8.4,9,7.8,7.8,8,8.1,7.4,7.3,7.4,7.4,7.3,7,6.9,7,6.8,7.1,7.1,6.9,7.3,7,6.8,,
Latvia,LVA,"Death rate, crude (per 1,000 people)",SP.DYN.CDRT.IN,10,10.1,10.8,10.3,9.4,10.1,10.2,10.6,10.8,11.2,11.3,11.1,11.4,11.6,11.5,12.2,12.3,12.4,12.5,12.8,12.8,12.7,12.3,12.7,13,13.2,12,12.2,12.2,12.2,13.1,13.1,13.5,15.3,16.6,15.7,14,13.8,14.2,13.7,13.6,14.1,14.1,14.2,14.2,14.6,14.9,15,14.2,14,14.3,13.9,14.3,14.3,14.3,14.4,14.6,14.8,15,14.5,15.2,18.4,16.4,,
"Macao SAR, China",MAC,"Death rate, crude (per 1,000 people)",SP.DYN.CDRT.IN,8.721,8.613,8.177,7.788,7.424,7.081,6.737,6.449,6.166,5.922,5.732,5.567,5.596,5.613,5.682,5.759,5.834,5.924,6.02,6.152,6.272,6.397,6.238,6.024,5.799,5.562,5.327,5.079,4.879,4.639,4.425,4.179,4.018,3.936,3.859,3.796,3.639,3.653,3.672,3.654,3.64,3.654,3.701,3.692,3.694,3.644,3.64,3.62,3.577,3.526,3.678,3.719,3.771,3.715,3.768,3.851,3.877,3.864,3.86,3.983,4.047,4.111,4.256,,
St. Martin (French part),MAF,"Death rate, crude (per 1,000 people)",SP.DYN.CDRT.IN,6.714,6.755,6.423,5.972,5.914,6.33,5.866,5.635,5.62,5.343,5.026,5.088,5.034,4.976,4.936,4.886,4.773,4.689,4.579,4.46,4.323,4.145,3.881,3.742,3.479,3.402,3.068,2.988,2.785,2.785,2.748,2.448,2.667,2.727,2.803,2.911,3.038,3.184,3.354,3.547,3.63,3.603,3.57,3.546,3.525,3.527,3.542,3.569,3.602,3.652,3.718,3.72,3.847,4.068,3.862,4.257,4.345,4.747,4.176,4.661,4.788,4.911,5.101,,
Morocco,MAR,"Death rate, crude (per 1,000 people)",SP.DYN.CDRT.IN,22.745,21.213,20.732,20.153,19.57,19.004,18.441,17.861,17.308,16.808,16.387,16.024,15.661,15.304,14.906,14.488,13.99,13.45,12.898,12.341,11.814,11.334,10.833,10.326,9.846,9.373,8.944,8.573,8.241,7.944,7.706,7.53,7.37,7.189,7.027,6.915,6.769,6.678,6.59,6.5,6.432,6.365,6.318,6.276,6.259,6.177,6.13,6.068,6.018,5.987,5.966,5.91,5.86,5.796,5.741,5.705,5.674,5.642,5.637,5.658,6.073,6.17,5.766,,
Monaco,MCO,"Death rate, crude (per 1,000 people)",SP.DYN.CDRT.IN,,,,,,,,,,,,,,,,,,,,,,,,,,,,,,,,,,,,,,,,,,,,,15.9,,,,,,,,,,,7.6,7.9,,6.6,,,,,,
Moldova,MDA,"Death rate, crude (per 1,000 people)",SP.DYN.CDRT.IN,11.003,10.731,10.393,10.123,9.867,9.763,9.755,9.791,9.88,9.996,10.197,10.462,10.585,10.672,10.858,10.947,11.032,11.206,11.369,11.308,11.189,11.019,10.783,11.387,11.6,11.754,10.321,10.159,10.258,9.989,10.588,11.619,11.454,12.043,13.533,13.439,14.484,13.511,13.399,13.577,12.993,12.897,13.042,12.803,12.529,12.501,12.417,12.21,12.033,12.093,12.582,13.074,13.443,13.8,14.166,14.133,13.54,13.088,13.339,13.089,14.445,16.36,16.609,,
Madagascar,MDG,"Death rate, crude (per 1,000 people)",SP.DYN.CDRT.IN,21.524,21.139,20.73,20.356,19.973,19.651,19.368,19.019,18.649,18.289,17.965,17.733,17.419,17.045,16.741,16.499,16.403,16.332,16.276,16.216,16.176,16.161,16.159,16.136,16.086,15.969,15.791,15.494,15.213,14.853,14.463,14.036,13.597,13.077,12.738,12.395,12.02,11.569,11.108,10.769,10.385,9.986,9.748,9.407,9.062,8.831,8.476,8.257,8.066,7.801,7.713,7.427,7.38,7.201,7.076,7.049,6.81,6.79,6.736,6.518,6.801,7.104,6.799,,
Maldives,MDV,"Death rate, crude (per 1,000 people)",SP.DYN.CDRT.IN,26.776,26.525,26.166,25.605,24.954,24.259,23.435,22.222,21.213,20.693,20.064,19.206,18.39,17.548,16.642,15.841,15.224,14.598,15.432,13.268,12.628,12.1,11.566,11.078,10.553,10.151,9.771,9.309,8.807,8.338,7.916,7.493,7.064,6.656,6.27,5.854,5.319,5.042,4.878,4.692,4.458,4.087,3.82,3.688,3.984,3.724,3.74,3.622,3.387,3.258,3.112,3.004,2.873,2.793,2.718,2.718,2.738,2.784,2.828,2.858,3.001,3.02,2.777,,
Middle East & North Africa,MEA,"Death rate, crude (per 1,000 people)",SP.DYN.CDRT.IN,21.4701919848632,20.8238065574388,20.5966233837154,19.727297840747,19.1632275795371,18.6462895346786,18.1865692309785,17.7315316583001,17.3212552378617,16.7874252156369,16.2881679439612,15.738919260323,15.2525755007867,14.7370996452777,14.1580364505547,13.6975877268106,13.5206206198349,12.6314300497055,12.2407247988578,11.5379017510038,11.1820480177136,11.0301301754815,10.6952715332142,9.86260686021151,9.1928228616793,8.7338577250987,8.38382924120258,7.9839963603675,7.7517235338182,7.34267544463997,7.2699539795628,6.72257674667573,6.45307394629428,6.29824365652741,6.19447599947929,6.04284648067093,5.88055477525385,5.79940960914352,5.75209717681268,5.61974779230034,5.5187844601639,5.42698006119808,5.34318058780223,5.44709841027927,5.31916984581463,5.26759247318693,5.23544147407393,5.15369973247034,5.09025963812549,5.00538623295922,4.9568575450879,4.91544920313982,5.01041905595595,5.05760936389879,5.00724810955592,4.95607515571741,4.89808570869213,4.77857760361641,4.77304637901421,4.79364854147895,5.28524017337296,5.54546486746989,5.40629779005053,,
Mexico,MEX,"Death rate, crude (per 1,000 people)",SP.DYN.CDRT.IN,13.435,12.844,12.323,11.856,11.447,11.084,10.759,10.454,10.172,9.895,9.605,9.305,9.075,8.841,8.625,8.432,8.274,8.125,7.975,7.786,7.573,7.32,7.04,6.772,6.534,6.341,6.186,6.051,5.938,5.855,5.777,5.68,5.584,5.489,5.403,5.316,5.235,5.152,5.086,5.036,4.997,4.962,4.946,4.96,5.001,5.078,5.177,5.302,5.426,5.533,5.594,5.597,5.642,5.696,5.805,6.007,6.305,6.615,6.856,6.931,9.33,9.406,6.705,,
Marshall Islands,MHL,"Death rate, crude (per 1,000 people)",SP.DYN.CDRT.IN,16.121,15.623,15.089,14.635,14.291,14.013,13.801,13.645,12.995,12.042,11.141,10.599,10.533,10.516,10.566,10.301,10.037,9.797,9.57,9.334,9.085,8.864,8.637,8.389,8.151,7.947,7.789,7.659,7.502,7.351,7.248,7.111,6.99,6.89,6.806,6.678,6.544,6.44,6.356,6.276,6.388,6.28,6.3,6.348,6.433,6.544,6.643,6.744,6.831,6.86,6.876,6.848,6.859,6.906,6.94,6.975,7.021,7.097,7.187,7.29,7.425,7.556,7.919,,
Middle income,MIC,"Death rate, crude (per 1,000 people)",SP.DYN.CDRT.IN,20.3940378755088,16.4127200370444,14.8374662822418,14.6263062965861,14.8717891287175,14.535101042815,13.898003528864,13.5440794460015,13.0746657017738,12.8184485700235,12.6371089310475,12.8708413823464,12.1192676482661,11.6953026805496,11.6066961569641,11.4874473917005,11.2867165121767,10.8363378237581,10.4632628547049,10.2605826786701,10.1594111946477,10.0154866507883,9.93725751878692,9.85161965517492,9.66530827421886,9.49597244900255,9.34144171679082,9.1632954642239,9.02142135940196,8.83948299796983,8.76804420682564,8.69859517292,8.56174233110244,8.49265135743575,8.36389776683199,8.31686383321842,8.23070092858321,8.11150274638734,8.01026115087763,7.90027520195313,7.84225372247236,7.77208307012953,7.69651228253475,7.64001140156034,7.61439230637498,7.54432553266925,7.54521632132698,7.54062443636255,7.5561372574608,7.46825581225992,7.42287485485714,7.34524480895382,7.26858853285108,7.19888581127187,7.12532413061776,7.07297486441804,7.03274702455607,7.00497637313371,7.00249261221286,7.01184756577973,7.49451655528793,8.32518495462241,8.0036469902121,,
North Macedonia,MKD,"Death rate, crude (per 1,000 people)",SP.DYN.CDRT.IN,12.966,11.946,11.985,12.262,10.974,10.4,9.406,9.318,8.971,8.914,8.599,8.23,7.871,7.787,7.587,7.528,7.295,7.055,6.781,6.795,7.101,6.978,7.057,7.457,7.324,7.435,7.376,7.505,7.417,7.436,7.606,7.497,8.12,7.972,8.446,8.573,8.478,8.3,8.4,8.3,8.5,8.3,8.9,8.9,8.8,9,9.1,9.6,9.3,9.3,9.3,9.5,9.8,9.3,9.5,9.9,9.853364793075,9.8,9.5,9.8,12.4,15.5,12.3,,
Mali,MLI,"Death rate, crude (per 1,000 people)",SP.DYN.CDRT.IN,34.973,34.912,34.804,34.566,34.277,34.091,33.869,33.551,33.142,32.713,32.203,31.793,30.844,30.156,29.331,28.595,27.708,26.907,26.076,25.338,24.673,24.258,23.684,23.317,22.761,22.264,21.589,20.96,20.368,19.917,19.272,18.794,18.533,18.282,18.189,18.015,17.913,17.36,16.907,16.482,15.984,15.487,14.888,14.435,14.006,13.669,13.233,12.929,12.609,12.189,11.812,11.498,11.21,10.936,10.548,10.211,9.927,9.637,9.419,9.205,9.529,9.274,8.951,,
Malta,MLT,"Death rate, crude (per 1,000 people)",SP.DYN.CDRT.IN,8.6,9,8.8,9.2,8.6,9.4,9.1,9.6,9.4,9.9,10.1,10.2,9.6,9.7,9.1,9.5,9.7,9.4,10.5,9.5,10.2,9.6,9.4,9.5,8.8,8.4,8.3,8.4,7.8,7.4,7.8,7.9,7.9,7.3,7.2,7.2,7.3,7.5,7.8,7.9,7.5,7.4,7.6,7.9,7.5,7.8,7.9,7.6,7.9,7.8,7.3,7.8,8.1,7.6,7.5,7.7,7.3,7.6,7.6,7.3,7.9,8,8,,
Myanmar,MMR,"Death rate, crude (per 1,000 people)",SP.DYN.CDRT.IN,20.696,20.241,19.695,19.172,18.487,17.762,17.085,16.42,15.857,15.664,15.398,15.063,14.855,14.591,14.322,14.127,13.832,13.626,13.507,13.227,12.973,12.796,12.627,12.505,12.35,12.211,12.017,11.849,11.795,11.528,11.489,11.31,11.203,11.023,10.872,10.737,10.411,10.296,10.06,10.07,9.995,9.943,9.876,9.812,9.736,9.628,9.562,9.409,12.149,9.193,9.214,9.026,9.023,8.799,8.804,8.673,8.753,8.808,8.622,8.692,8.819,9.769,8.749,,
Middle East & North Africa (excluding high income),MNA,"Death rate, crude (per 1,000 people)",SP.DYN.CDRT.IN,21.8804515523084,21.2170224773097,21.013653624961,20.1080283854175,19.5343269520107,19.0132278130982,18.5517368672051,18.0993944315859,17.6928149184808,17.1565966295005,16.659190142336,16.1181255841567,15.6355397561275,15.1363686864968,14.5570886474658,14.1020886379437,13.9704957919954,13.0429960349173,12.6693075508157,11.9488853399194,11.6070416738131,11.4883409266139,11.1492523410409,10.2619465454092,9.55669466059979,9.08094457185059,8.71796829585067,8.30314709477411,8.07501726380144,7.63328243402843,7.55981159261529,6.96726196632602,6.6959174049916,6.53500849252773,6.43503290882266,6.28177915061817,6.114219855001,6.03044945775029,5.99130472224819,5.85609339722724,5.75844433476385,5.67566504083825,5.59295816572044,5.72493270544758,5.59946211939253,5.5541507442286,5.54142887029085,5.47499966035588,5.4373561136256,5.36993738044202,5.33808939686088,5.30015862838809,5.41530581398219,5.47405058634394,5.41244381643723,5.34609765196713,5.27669626705711,5.13244240738113,5.12610322043676,5.14272312223191,5.65299678779145,5.94223989212405,5.7984930686477,,
Montenegro,MNE,"Death rate, crude (per 1,000 people)",SP.DYN.CDRT.IN,9.677,9.397,9.11,8.61,8.42,8.024,7.626,7.655,7.539,7.74,7.787,7.637,7.323,7.313,7.096,7.24,7.162,7.382,7.617,8.008,7.568,7.865,8.024,8.143,7.264,6.867,6.727,6.491,6.094,6.617,6.772,6.948,7.728,7.702,8.723,8,8.2,8.5,8.7,8.9,9,8.9,9,9.3,9.3,9.5,9.7,9.7,9.3,9.5,9.1,9.4,9.5,9.5,9.7,10.2,10.4,10.5,10.5,10.6,11.7,14.8,11.5,,
Mongolia,MNG,"Death rate, crude (per 1,000 people)",SP.DYN.CDRT.IN,24.033,23.502,22.927,22.421,21.553,20.745,20.038,19.195,18.469,17.774,17.012,16.297,15.631,15.049,14.525,14.107,14.111,13.909,13.709,13.512,13.37,13.265,13.153,12.808,12.472,12.31,12.169,11.778,11.348,10.89,10.48,10.016,9.574,9.162,8.832,8.636,8.719,8.395,7.874,7.502,7.359,7.238,7.229,7.005,6.869,6.992,6.875,6.843,6.817,6.808,6.729,6.741,6.514,6.393,6.276,6.158,6.075,5.994,5.663,5.499,5.475,6.131,5.479,,
Northern Mariana Islands,MNP,"Death rate, crude (per 1,000 people)",SP.DYN.CDRT.IN,,,,,,,,,,,,,,,,,,,,,,,,,,,,,,,,,,,,,,,,,,,,,,,,,,,,,,,4.3,,,,,4,,,,,
Mozambique,MOZ,"Death rate, crude (per 1,000 people)",SP.DYN.CDRT.IN,23.183,22.928,22.778,22.701,22.871,22.801,22.79,22.73,22.682,22.618,22.533,22.478,22.501,22.392,22.149,21.796,21.791,21.794,21.787,21.897,21.891,23.761,23.482,23.276,24.964,24.664,22.76,22.614,20.57,20.313,20.036,19.812,19.515,19.144,18.853,18.429,17.91,17.321,16.829,16.217,15.677,15.181,14.731,14.434,14.073,13.753,13.399,12.93,12.536,12.149,11.902,11.473,10.995,10.492,10.005,9.506,9.049,8.69,8.337,8.04,8.004,8.793,8.611,,
Mauritania,MRT,"Death rate, crude (per 1,000 people)",SP.DYN.CDRT.IN,19.014,18.62,18.257,17.87,17.407,17.035,16.622,16.214,15.775,15.384,15.11,14.89,14.721,14.574,14.4,14.122,13.932,13.642,13.322,12.921,12.56,12.211,11.843,11.56,11.237,10.937,10.644,10.286,9.963,9.844,9.614,9.52,9.375,9.36,9.373,9.39,9.426,9.203,9.087,8.973,8.856,8.766,8.704,8.645,8.534,8.512,8.418,8.275,8.204,8.241,8.327,8.454,8.581,8.652,8.301,7.979,7.707,7.446,7.248,7.003,7.466,7.44,7.203,,
Mauritius,MUS,"Death rate, crude (per 1,000 people)",SP.DYN.CDRT.IN,12.31,9.8,9.3,9.7,8.7,8.8,9,8.6,9.2,8.3,7.9,7.7,7.9,7.8,7.3,8.1,7.7,7.8,7.1,7.2,7.2,6.8,6.6,6.5,6.6,6.8,6.6,6.5,6.6,6.8,6.6,6.6,6.5,6.8,6.7,6.7,6.8,7,6.8,6.8,6.7,6.7,6.9,7,6.9,7,7.4,6.9,7.2,7.4,7.3,7.3,7.4,7.5,7.7,7.7,8.1,8,8.5,8.8,8.7,10.5,10.2,,
Malawi,MWI,"Death rate, crude (per 1,000 people)",SP.DYN.CDRT.IN,29.739,29.729,29.547,29.669,29.631,29.611,29.5,29.483,29.366,29.087,28.662,28.117,27.436,26.768,26.04,25.166,24.29,23.441,22.559,21.895,21.403,21.025,20.861,20.875,21.219,21.653,22.032,22.275,22.892,22.492,22.087,21.711,21.289,21.012,20.623,20.333,20.459,20.657,20.823,20.175,19.559,18.588,17.66,16.573,15.541,14.633,13.951,13.496,12.96,12.183,11.412,10.608,9.783,9.081,8.376,8.005,7.541,7.149,6.955,6.611,6.706,6.983,6.934,,
Malaysia,MYS,"Death rate, crude (per 1,000 people)",SP.DYN.CDRT.IN,11.344,10.621,9.923,9.329,8.794,8.257,7.97,7.707,7.493,7.281,7.078,6.88,6.684,6.496,6.281,6.105,5.914,5.746,5.603,5.465,5.331,5.154,5.06,4.986,4.895,4.799,4.79,4.756,4.717,4.677,4.656,4.656,4.674,4.607,4.529,4.494,4.563,4.627,4.718,4.722,4.584,4.435,4.43,4.43,4.488,4.516,4.603,4.705,4.817,4.96,5.009,4.928,4.909,4.945,4.981,5.096,5.109,5.132,5.175,5.253,5.311,6.034,5.443,,
North America,NAC,"Death rate, crude (per 1,000 people)",SP.DYN.CDRT.IN,9.34680587751106,9.15525197809489,9.3362412803986,9.43605083426991,9.2261597242607,9.23446941550885,9.31439358623459,9.21369452912506,9.57518356288101,9.29320265528263,9.29235484540544,9.10849626662818,9.20811042530748,9.11715487559025,8.93557017246311,8.65447540241112,8.64422289017139,8.45371763987334,8.54393526595586,8.35397903907268,8.63415642482688,8.44382987158373,8.36305946801924,8.443391865311,8.53317709611034,8.53344487962965,8.55294694452134,8.46222427820421,8.74198946822171,8.65052268569815,8.46993852014625,8.44021132845022,8.34056796465299,8.63094646729421,8.63112587882082,8.64123440687877,8.64120275660943,8.55173689542448,8.46203929187443,8.46245597363501,8.36260924204353,8.36233148667913,8.36203889000736,8.27194085625666,8.09156073585599,8.1817404335751,7.99156755070187,7.92107366189506,8.01106448805999,7.82084407041648,7.90625744450315,7.97619224059246,8.0019954015228,8.11350062759474,8.14309905732428,8.33570815445587,8.38299132440903,8.53293168310483,8.57831950111966,8.58419924459709,10.0464834506388,10.1729992659293,9.67436303391989,,
Namibia,NAM,"Death rate, crude (per 1,000 people)",SP.DYN.CDRT.IN,18.247,17.782,17.321,16.913,16.447,16.047,15.749,15.354,14.975,14.627,14.272,13.875,13.513,13.129,12.786,12.372,12.043,11.689,11.333,11.093,11.63,11.368,11.023,10.76,10.433,10.113,9.815,9.478,9.399,8.387,8.31,8.425,8.568,8.757,9.089,9.524,10.22,10.837,11.569,12.142,12.718,13.129,13.12,13.241,13.199,12.954,12.537,12.046,11.61,11.249,11.062,10.861,10.372,9.91,9.427,9.077,8.686,8.47,8.403,8.248,8.475,10.709,11.457,,
New Caledonia,NCL,"Death rate, crude (per 1,000 people)",SP.DYN.CDRT.IN,10.1,9.3,8.5,8.6,8.6,8.7,9.45,10.2,9.9,9.6,9.3,9.4,7.8,7.8,7.9,7,7.8,6.7,6.6,6.9,7.2,6.4,6.3,5.7,6,5.8,5.7,5.7,5.9,5.9,5.4,5.6,5.2,5.2,5.6,5.3,5.2,5,4.8,5.2,5.1,5.2,5.1,5,4.9,4.9,4.7,5,4.8,5.1,4.8,5.2,5.1,5.2,5.2,5.4,5.8,5.7,5.7,6,5.7,7.3,7.1,,
Niger,NER,"Death rate, crude (per 1,000 people)",SP.DYN.CDRT.IN,27.566,27.444,27.371,27.282,27.275,27.244,27.173,27.134,27.37,27.624,27.929,28.694,28.393,28.376,28.157,27.678,27.34,26.782,26.168,25.671,25.448,25.241,25.281,25.366,25.7,25.813,25.756,25.49,25.124,24.665,24.067,23.667,22.985,22.213,21.405,20.523,19.762,19.074,18.489,17.968,17.431,16.912,16.272,15.543,14.683,13.922,13.174,12.477,11.812,11.206,10.589,10.145,9.718,9.346,9.016,8.799,8.512,8.239,8.061,7.824,8.281,8.141,7.834,,
Nigeria,NGA,"Death rate, crude (per 1,000 people)",SP.DYN.CDRT.IN,26.235,25.999,25.92,25.594,25.42,25.207,25.111,26.201,25.356,25.152,24.347,23.708,23.071,22.485,21.906,21.269,20.49,19.886,19.539,19.343,19.17,18.982,18.896,18.759,18.739,18.795,18.928,18.807,18.694,18.58,18.631,18.819,18.805,18.702,18.87,18.859,18.757,18.531,18.289,17.865,17.464,17.158,16.919,16.541,16.271,15.883,15.561,15.322,15.161,14.82,14.628,14.336,14.193,14.004,13.892,13.803,13.638,13.435,13.239,12.989,12.997,13.083,12.431,,
Nicaragua,NIC,"Death rate, crude (per 1,000 people)",SP.DYN.CDRT.IN,18.906,18.161,17.602,17.006,16.35,15.64,14.914,14.262,13.637,13.135,12.764,12.524,16.285,12.164,12.029,11.866,11.666,11.584,12.768,13.976,10.535,10.292,10.009,10.612,10.763,10.474,9.807,9.736,8.563,7.618,7.288,6.896,6.704,6.488,6.248,6.051,5.866,5.703,6.29,5.539,5.547,5.615,5.699,5.758,5.748,5.614,5.357,5.105,4.808,4.598,4.491,4.444,4.47,4.535,4.597,4.635,4.633,4.619,4.605,4.626,5.703,4.859,4.655,,
Netherlands,NLD,"Death rate, crude (per 1,000 people)",SP.DYN.CDRT.IN,7.6,7.6,7.9,8,7.7,8,8.1,7.9,8.2,8.4,8.4,8.4,8.5,8.2,8.1,8.3,8.3,7.9,8.2,8,8.1,8.1,8.2,8.2,8.3,8.5,8.6,8.3,8.4,8.7,8.6,8.6,8.6,9,8.7,8.8,8.9,8.7,8.8,8.9,8.8,8.7,8.8,8.7,8.4,8.4,8.3,8.1,8.2,8.1,8.2,8.1,8.4,8.4,8.3,8.7,8.7,8.8,8.9,8.8,9.7,9.8,9.6,,
Norway,NOR,"Death rate, crude (per 1,000 people)",SP.DYN.CDRT.IN,9.1,9.2,9.4,10,9.5,9.4,9.6,9.6,9.9,10.1,10,10,10,10.1,9.9,10,10,9.8,10,10.2,10.1,10.2,10.1,10.2,10.3,10.7,10.5,10.7,10.8,10.7,10.9,10.5,10.4,10.8,10.2,10.4,10,10.1,10,10.1,9.8,9.7,9.8,9.3,9,8.9,8.9,8.9,8.7,8.6,8.5,8.4,8.4,8.1,7.9,7.8,7.8,7.7,7.7,7.6,7.5,7.8,8.4,,
Nepal,NPL,"Death rate, crude (per 1,000 people)",SP.DYN.CDRT.IN,24.851,24.627,24.389,24.124,23.665,23.257,22.872,22.407,22.076,21.615,21.186,20.77,20.425,20.073,19.739,19.315,18.953,18.619,18.13,17.708,17.241,16.871,16.481,16.139,15.62,15.17,14.723,14.127,13.739,13.095,12.66,12.131,11.552,11.067,10.547,10.11,9.713,9.252,8.839,8.544,8.294,7.949,7.954,7.587,7.359,7.132,7.014,6.893,6.943,6.897,6.987,6.891,6.961,6.887,6.981,7.376,6.93,6.971,7.041,6.871,7.209,7.776,6.651,,
Nauru,NRU,"Death rate, crude (per 1,000 people)",SP.DYN.CDRT.IN,11.139,10.618,10.206,9.898,9.597,9.182,8.926,8.572,8.418,8.196,8.101,7.967,7.949,7.977,7.9,7.991,7.906,8.014,8.126,8.348,8.581,8.632,8.867,9.338,9.27,9.23,9.103,8.915,8.611,8.229,7.833,7.412,6.964,6.805,6.789,6.897,7.317,7.758,7.99,8.207,8.238,8.442,8.429,8.425,8.523,8.569,8.555,8.581,8.515,8.436,8.214,7.916,7.646,7.392,7.13,6.933,6.76,6.65,6.566,6.48,6.602,6.633,6.582,,
New Zealand,NZL,"Death rate, crude (per 1,000 people)",SP.DYN.CDRT.IN,8.79,8.98,8.89,8.84,8.83,8.72,8.86,8.43,8.88,8.69,8.81,8.49,8.51,8.5,8.3,8.1,8.13,8.26,7.85,8.08,8.48,7.97,8.03,8.07,7.8,8.4,8.25,8.3,8.26,8.12,7.89,7.55,7.67,7.58,7.44,7.57,7.57,7.26,6.87,7.33,6.91,7.16,7.1,6.95,6.95,6.54,6.75,6.75,6.85,6.73,6.53,6.86,6.82,6.65,6.87,6.85,6.61,6.92,6.78,6.87,6.41,6.83,7.53,,
OECD members,OED,"Death rate, crude (per 1,000 people)",SP.DYN.CDRT.IN,10.2399913999762,10.0453189659588,10.1902983453743,10.104347239453,9.80432687737594,9.86598669410507,9.75539852907291,9.65364698292206,9.86168359914279,9.82983280011016,9.70626649299368,9.55286149873724,9.44344594704151,9.48148645079751,9.31773890168319,9.26646335742106,9.22536912103791,8.98000835190934,9.0101769780118,8.86286808971062,8.99539482962343,8.80238522640741,8.68574898481639,8.76607592975967,8.65365262591394,8.72826169514658,8.61759051634508,8.49584058296945,8.5536114142712,8.5179985075339,8.50018417973534,8.46250748345856,8.36114022875378,8.47954812812906,8.38139940061485,8.41414509839561,8.33750897369616,8.25844509342677,8.24001962645178,8.2747433078747,8.11087790265875,8.0486548554071,8.06479540971252,8.11292069535979,7.8971725300266,8.01312200831116,7.89263453360898,7.93888183848251,8.01242313826782,7.94693580947407,8.00248147541052,8.04887945498804,8.15420877215159,8.17321355585758,8.11870319325912,8.40754780102776,8.39451870975086,8.57457310331732,8.63763108149237,8.62423389688857,9.76462837199169,9.94082499442474,9.54681666904435,,
Oman,OMN,"Death rate, crude (per 1,000 people)",SP.DYN.CDRT.IN,30.49,29.199,27.925,26.782,25.621,24.507,23.422,22.331,21.249,20.244,19.385,18.404,17.776,16.864,16.007,15.205,14.092,13.4,12.446,11.538,10.702,9.924,9.1,8.314,7.627,6.982,6.358,5.755,5.279,4.894,4.541,4.292,4.054,3.836,3.73,3.549,3.494,3.435,3.285,3.234,3.156,3.063,3.041,2.959,2.896,2.914,2.928,2.976,2.973,2.991,2.585,2.457,2.323,2.278,2.243,2.205,2.154,2.155,2.172,2.205,3.025,3.796,3.279,,
Other small states,OSS,"Death rate, crude (per 1,000 people)",SP.DYN.CDRT.IN,15.0363843646099,14.5733946060498,14.3289394173188,14.2861318453136,13.8054440109564,13.5035229840205,13.3193692806631,13.0788177526641,13.0478562069426,12.977745956872,12.7703661738956,12.4978375940694,12.3292867557876,12.13107703435,12.7198223295287,13.4170205833008,13.106509016401,13.0981080135346,13.3472279070611,13.0650316170454,12.2166382455877,11.9769585283401,11.6621001911492,11.5850436537162,11.233824655321,11.0941052716354,10.7336824779462,10.4704406981982,10.330359617805,9.64839808760749,9.63037086514973,9.61224275852233,9.57259632596844,9.59113515132371,9.72506436645086,9.56226480981649,9.34594252341604,9.3448659168896,9.46553133395655,9.6208457433968,8.96295614348733,8.90362447172109,8.96529285336008,8.98446181912655,8.90934704205934,8.85821798463287,8.76585996785995,8.55174849989177,8.40125353640255,8.26859456597769,8.01723280927632,7.87203434920847,7.77737641127488,7.62889364921094,7.54068115957533,7.45308865409912,7.38169042335744,7.26736403314074,7.25737016142419,7.20625390410528,7.46188190168305,8.30089093192554,7.91093079011442,,
Pakistan,PAK,"Death rate, crude (per 1,000 people)",SP.DYN.CDRT.IN,20.909,20.184,19.486,18.673,17.927,17.286,16.323,15.615,14.96,14.395,13.794,16.162,13.404,13.246,13.205,12.95,12.817,12.735,12.502,12.309,12.109,11.946,11.825,11.608,11.415,11.351,11.257,11.383,11.199,11.013,10.731,10.543,10.489,10.43,10.215,10.194,9.852,9.654,9.353,9.023,8.77,8.583,8.454,8.311,8.177,8.402,7.831,7.798,7.733,7.703,7.599,7.524,7.479,7.333,7.274,7.097,7.036,6.89,6.843,6.765,7.06,7.168,7.021,,
Panama,PAN,"Death rate, crude (per 1,000 people)",SP.DYN.CDRT.IN,9.941,9.576,9.253,8.972,8.728,8.525,8.379,8.213,8.055,7.864,7.654,7.331,7.033,6.75,6.498,6.305,6.164,6.063,5.997,5.918,5.839,5.747,5.652,5.566,5.491,5.439,5.416,5.408,5.42,5.783,5.374,5.347,5.278,5.187,5.118,5.057,5.001,4.948,4.896,4.836,4.768,4.694,4.626,4.569,4.541,4.526,4.547,4.586,4.651,4.701,4.755,4.789,4.818,4.835,4.856,4.875,4.904,4.947,5.013,5.12,5.747,6.067,5.904,,
Peru,PER,"Death rate, crude (per 1,000 people)",SP.DYN.CDRT.IN,17.229,16.782,16.549,16.062,15.781,15.501,15.166,14.819,14.456,14.096,18.756,13.277,12.93,12.784,12.524,12.257,12.013,11.77,11.509,11.262,11.033,10.678,10.397,10.146,9.837,9.329,8.876,8.426,7.996,7.607,7.243,7.068,6.753,6.532,6.323,6.294,6.217,6.144,6.056,5.904,5.782,5.72,5.707,5.747,5.838,5.98,6.177,6.416,6.605,6.801,6.895,6.864,6.791,6.681,6.612,6.438,6.318,6.173,6.103,6.006,7.327,7.988,7.505,,
Philippines,PHL,"Death rate, crude (per 1,000 people)",SP.DYN.CDRT.IN,10.47,10.105,9.787,9.461,9.304,9.071,8.885,8.746,8.652,8.604,8.701,8.531,8.546,8.583,8.555,8.554,8.576,8.35,8.358,8.314,8.279,8.253,8.151,8.058,7.992,7.796,7.675,7.432,7.202,6.955,6.781,6.627,6.305,6.126,5.982,5.903,5.779,5.711,5.686,5.684,5.729,5.689,5.621,5.576,5.556,5.513,5.548,5.529,5.559,5.602,5.636,5.668,5.681,5.756,5.704,5.736,5.695,5.665,5.631,5.609,5.566,7.311,5.568,,
Palau,PLW,"Death rate, crude (per 1,000 people)",SP.DYN.CDRT.IN,,,,,,,,,,,,,,,,,,,,,,,,,,,,,,,7.7,6.5,7.3,7.1,7.7,6.4,8.2,6.7,6.8,6.9,6.5,7,6.7,6.7,6.9,6.7,7.2,7.5,8.4,8.5,8.1,8.3,9.4,10.9,9.5,7.7,9.9,10.3,7.8,10.2,8.4,9.7,11.4,,
Papua New Guinea,PNG,"Death rate, crude (per 1,000 people)",SP.DYN.CDRT.IN,16.888,16.431,16.178,15.527,15.105,14.671,14.196,13.748,13.264,12.848,12.361,12.005,11.555,11.092,10.668,10.293,9.962,9.68,9.395,9.158,8.952,8.788,8.692,8.615,8.542,8.445,8.421,8.324,8.281,8.179,8.119,8.046,7.918,7.816,7.726,7.618,7.621,7.536,7.917,7.468,7.471,7.473,7.54,7.524,7.559,7.563,7.532,7.501,7.287,7.215,7.134,6.951,6.891,6.825,6.734,6.585,6.57,6.508,6.532,6.468,6.402,6.683,6.459,,
Poland,POL,"Death rate, crude (per 1,000 people)",SP.DYN.CDRT.IN,7.6,7.6,7.9,7.5,7.6,7.4,7.4,7.7,7.6,8.1,8.2,8.7,8,8.4,8.2,8.7,8.9,9,9.4,9.2,9.8,9.2,9.3,9.6,10,10.3,10.1,10.1,9.9,10.1,10.2,10.6,10.3,10.2,10,10,10,9.8,9.7,9.9,9.6,9.5,9.4,9.6,9.5,9.6,9.7,9.9,10,10.1,9.9,9.9,10.1,10.2,9.9,10.4,10.2,10.6,10.9,10.8,12.6,13.8,12.2,,
Pre-demographic dividend,PRE,"Death rate, crude (per 1,000 people)",SP.DYN.CDRT.IN,24.6145211420815,24.3955553898218,24.01068296272,23.7828722733342,23.4176908690542,23.2763504918366,23.090697902696,23.0753200120807,22.6105583669672,22.3650430576955,21.9027117841572,21.3733889029822,21.1778365800329,20.4348066073617,20.0543111464598,19.7055830804761,19.2662429311109,18.8523276120974,18.6339395949119,18.3778865474564,18.1854663882823,17.9810275714616,17.8175954140281,17.9174175861842,18.0733009046828,17.9066029661025,17.4049786639892,17.7601519191889,18.2812728584699,17.0080375471429,16.9149195514137,17.0598776609899,17.1302716515676,16.6343588973607,15.9164259913348,15.9716809883757,15.8946247230253,15.6605208442137,15.9268100684093,14.9982887772325,14.4999958639874,14.1565020743751,13.8225101217816,13.4301964528428,13.0922197855768,12.6946310023574,12.2949619125552,11.9671392244219,11.6379538088175,11.2368831929157,10.9429449363586,10.6106449961296,10.3245785634319,10.0572102916908,9.82051273517703,9.61285992960514,9.38936007188482,9.16671431045318,8.95816941578612,8.77147621000545,8.92627655047725,9.05970139714398,8.71110187554553,,
Puerto Rico,PRI,"Death rate, crude (per 1,000 people)",SP.DYN.CDRT.IN,6.7,6.8,6.8,7,7.3,6.8,6.7,6.3,6.5,6.5,6.7,6.5,6.6,6.5,6.7,6.5,6.6,6.4,6.3,6.4,6.4,6.5,6.5,6.5,6.6,7.1,7.2,7.3,7.35,7.4,7.3,7.4,7.6,7.8,7.7,8.1,8,7.7,7.8,7.7,7.48,7.5,7.28,7.31,7.46,7.6,7.29,7.44,7.61,7.78,7.833,8,8.1,8.1,8.5,8.084,8.86,9.222,9.063,9.194,10.131,10.2,11,,
"Korea, Dem. People's Rep.",PRK,"Death rate, crude (per 1,000 people)",SP.DYN.CDRT.IN,11.909,11.649,11.475,11.357,11.096,10.765,10.433,10.144,9.703,9.27,8.915,8.561,8.265,7.855,7.513,7.247,6.957,6.756,6.583,6.451,6.32,6.194,6.065,5.945,5.833,5.736,5.649,5.62,5.57,5.559,5.578,5.62,5.554,5.263,5.89,9.856,9.988,10.129,10.328,10.567,10.763,10.97,11.138,7.899,8.189,8.501,8.843,9.148,9.338,8.95,8.71,8.609,8.468,8.305,8.183,8.088,8.327,8.502,8.721,8.878,9.078,9.313,9.353,,
Portugal,PRT,"Death rate, crude (per 1,000 people)",SP.DYN.CDRT.IN,10.7,11.2,10.8,10.9,10.7,10.6,11.2,10.8,10.7,11.5,10.7,11.4,10.5,11.1,11.1,10.8,10.9,10.2,10.1,9.6,9.7,9.7,9.3,9.7,9.7,9.7,9.5,9.5,9.8,9.6,10.3,10.4,10.1,10.6,9.9,10.3,10.6,10.4,10.5,10.6,10.2,10.1,10.2,10.4,9.7,10.2,9.7,9.8,9.9,9.9,10,9.7,10.2,10.2,10.1,10.5,10.7,10.7,11,10.9,12,12,11.9,,
Paraguay,PRY,"Death rate, crude (per 1,000 people)",SP.DYN.CDRT.IN,10.255,10.051,9.867,9.7,9.664,9.6,9.539,9.457,9.363,9.256,9.146,9.063,8.949,8.816,8.828,8.76,8.685,8.638,8.613,8.525,8.423,8.304,8.113,7.887,7.622,7.376,7.145,6.923,6.736,6.616,6.382,6.255,6.137,6.02,5.932,5.852,5.776,5.734,5.686,5.642,5.621,5.593,5.585,5.536,5.539,5.6,5.584,5.545,5.529,5.525,5.517,5.506,5.464,5.436,5.481,5.446,5.398,5.445,5.569,5.636,5.916,7.638,7.437,,
West Bank and Gaza,PSE,"Death rate, crude (per 1,000 people)",SP.DYN.CDRT.IN,,,,,,,,,,,,,,,,,,,,,,,,,,,,,,,6.72,6.46,6.2,5.94,5.68,5.42,5.16,4.9,4.8,4.6,4.5,4.4,4.3,4.2,4.1,4,3.9,3.675,3.566,3.554,3.484,3.459,3.436,3.309,3.829,3.304,3.302,3.26,3.317,3.225,3.489,3.815,3.854,,
Pacific island small states,PSS,"Death rate, crude (per 1,000 people)",SP.DYN.CDRT.IN,13.0349745282566,12.5358047137172,12.035524733088,11.5324027532694,11.3011360940166,10.5737731149034,10.2363009757064,9.96014923959163,9.62029680508323,9.40435477101322,9.11805804056555,8.89443387708154,8.69959636926626,8.66765831642366,8.35992390420109,8.36219958617916,8.06075082920059,7.93473688577712,7.70713836295018,7.5513060153357,7.61254303788254,7.52269138976802,7.43028953717107,7.25093539490115,7.06470819095528,6.89436218437963,6.87002565140467,6.78614825600809,6.63111721504405,6.55894544682927,6.47071499563967,6.37997594215184,6.31003953162656,6.25568574284359,6.20325338656666,6.13996690016153,6.09568677337106,6.05250521666599,6.0219395085181,6.04119666397686,6.12414068327314,6.15279147056501,6.33519648034403,6.25928783571687,6.26082264950096,6.27772615866517,6.28767987124581,6.37859363104078,6.39435735725332,6.47358316085634,6.36957926367461,6.35084041182769,6.37907031403391,6.44477401117832,6.48571832089695,6.601148752625,6.51401945672048,6.41690487279326,6.41777770368086,6.46235225880989,6.49285970884585,6.75413121225991,6.49504406410109,,
Post-demographic dividend,PST,"Death rate, crude (per 1,000 people)",SP.DYN.CDRT.IN,9.64696167435767,9.48794021328277,9.70520128635737,9.6576936236089,9.36882941017971,9.49647868277461,9.42381769225702,9.3614490772447,9.63020969609798,9.63189125352426,9.55446101767728,9.41895457130692,9.37812324529968,9.43967549771313,9.31826152974467,9.29288833854256,9.27505598862382,9.067409111151,9.14126877571266,9.05205102285538,9.2429432734605,9.09313466016269,9.00962682139858,9.14683343078681,9.07841948398882,9.1789698785339,9.05230654527118,8.97195369284771,9.08585251434972,9.05819898036533,9.09070914446427,9.11536775437409,9.11165990458047,9.32068334185954,9.22548745790033,9.3237843994632,9.25058466650805,9.18117044533914,9.14920189110924,9.20341719927204,9.08537989529654,9.02029215177735,9.091944677744,9.15894713595769,8.90520832766197,9.07541262777183,8.89804971200569,8.93935900091424,9.01506570064518,8.88550243681684,8.95479912841707,8.97625152655838,9.09943885635546,9.12803202675609,9.07084339683193,9.38674594171055,9.33056166002021,9.50958695566311,9.56774062159046,9.54448693878762,10.5488346931525,10.8176399045392,10.8194293048492,,
French Polynesia,PYF,"Death rate, crude (per 1,000 people)",SP.DYN.CDRT.IN,9.628,9.431,9.261,9.104,8.94,8.73,8.504,8.274,8.055,7.843,7.624,7.395,7.154,6.973,6.788,6.573,6.332,6.085,5.784,5.519,5.214,4.934,4.636,4.348,4.11,3.877,3.638,3.537,3.407,3.32,3.275,3.231,3.17,3.089,2.975,2.822,2.662,2.509,2.412,2.292,2.284,2.322,2.393,2.482,2.588,2.696,2.791,2.849,2.839,2.842,2.84,2.832,2.848,2.887,2.952,3.037,3.126,3.219,3.31,3.391,3.859,5.376,3.64,,
Qatar,QAT,"Death rate, crude (per 1,000 people)",SP.DYN.CDRT.IN,11.243,10.777,10.253,9.811,9.28,8.843,8.389,7.856,7.402,6.986,6.596,5.899,5.349,4.913,4.527,4.217,3.97,3.738,3.55,3.37,3.249,3.064,2.963,2.867,2.703,2.618,2.541,2.445,2.428,2.33,2.241,2.253,2.24,2.24,2.242,2.301,2.208,2.206,2.224,2.253,2.278,2.184,2.173,2.159,2.077,2.073,1.869,1.673,1.517,1.38,1.263,1.188,1.156,1.136,1.102,1.032,0.991,0.985,0.982,0.991,1.219,1.311,1.08,,
Romania,ROU,"Death rate, crude (per 1,000 people)",SP.DYN.CDRT.IN,8.7,8.7,9.2,8.3,8.1,8.6,8.2,9.2,9.5,10.1,9.5,9.5,9.2,9.8,9.1,9.3,9.5,9.6,9.7,9.8,10.4,10,10,10.4,10.3,10.9,10.6,11.1,11,10.7,10.6,10.9,11.6,11.6,11.7,12,12.7,12.4,12,11.8,11.4,11.7,12.4,12.4,12.1,12.3,12.2,12.1,12.3,12.6,12.8,12.5,12.7,12.4,12.8,13.2,13.1,13.4,13.6,13.4,15.5,17.5,14.3,,
Russian Federation,RUS,"Death rate, crude (per 1,000 people)",SP.DYN.CDRT.IN,7.594,7.59,7.833,7.643,7.395,7.72,7.803,8.076,8.261,8.725,8.808,8.916,9.137,9.281,9.373,9.841,10.098,10.217,10.435,10.8,11,10.9,10.7,11.1,11.6,11.3,10.4,10.5,10.7,10.7,11.2,11.4,12.2,14.5,15.7,15,14.2,13.8,13.5,14.6,15.3,15.6,16.2,16.4,15.9,16.1,15.1,14.6,14.5,14.1,14.2,13.5,13.3,13,13.1,13,12.9,12.4,12.5,12.3,14.6,16.7,12.9,,
Rwanda,RWA,"Death rate, crude (per 1,000 people)",SP.DYN.CDRT.IN,19.195,18.693,18.301,20.578,17.786,17.619,17.591,17.603,17.833,18.112,18.352,18.628,18.93,19.414,19.926,20.422,20.591,20.543,20.065,19.211,18.199,17.073,16.063,15.427,14.982,14.649,14.431,14.281,14.328,14.554,15.403,16.453,17.877,19.436,103.534,20.369,19.68,19.637,18.779,17.121,15.774,14.833,13.926,12.791,11.546,10.546,9.803,9.186,8.64,8.284,8.068,7.814,7.604,7.285,6.953,6.724,6.49,6.367,6.227,6.137,5.998,6.28,5.847,,
South Asia,SAS,"Death rate, crude (per 1,000 people)",SP.DYN.CDRT.IN,20.0129976479065,19.7222252639253,19.389219210767,19.1130128779889,18.7970430614489,19.4552556383432,19.0066418410992,18.703697294695,17.6035903240169,17.3234793925481,17.4712044734309,19.1551884743129,16.4616437445628,16.1339080614786,15.7820614319652,15.3557958327751,15.0220737322894,14.7058744579129,14.3838631944631,14.1020679710885,13.8047324322039,13.4934253316291,13.1983665909044,12.8679494611657,12.6072432548579,12.316928347732,11.9716471921112,11.6965032495714,11.398890678839,11.1432560763233,10.8266550444119,10.6940391391092,10.317621569353,10.1041739371961,9.88126236738154,9.68117580766213,9.48820207551458,9.23160472115542,8.96720147502602,8.70094242413096,8.57011597489442,8.41839453806347,8.2381720065565,8.07270750728797,7.94909771763459,7.81692685848131,7.65526247374705,7.59709399149657,7.51308481697119,7.45309434540184,7.30263235666759,7.199881146221,7.05715182484249,6.92542577571783,6.78308897877457,6.6676046399039,6.5849323052587,6.54462121124803,6.55951308433329,6.59675278285219,7.16652966188531,8.73700874686182,8.37629590288004,,
Saudi Arabia,SAU,"Death rate, crude (per 1,000 people)",SP.DYN.CDRT.IN,20.963,20.492,19.973,19.525,19.071,18.542,18.054,17.478,16.792,16.08,15.373,14.59,13.836,13.016,12.246,11.533,10.842,10.12,9.463,8.901,8.301,7.819,7.348,6.924,6.558,6.207,5.887,5.613,5.331,5.074,4.849,4.65,4.421,4.265,4.109,3.982,3.882,3.804,3.674,3.585,3.482,3.323,3.207,3.113,2.966,2.879,2.797,2.719,2.643,2.59,2.498,2.413,2.415,2.443,2.488,2.542,2.605,2.64,2.655,2.656,2.913,2.864,2.752,,
Sudan,SDN,"Death rate, crude (per 1,000 people)",SP.DYN.CDRT.IN,18.09,17.767,17.538,18.276,16.259,17.755,19.239,18.918,18.608,18.799,18.502,15.972,15.715,13.893,13.742,13.592,13.488,13.348,13.408,13.307,13.08,12.969,12.817,17.231,17.913,17.679,14.094,19.307,25.865,15.118,14.831,14.501,17.206,16.68,10.879,13.189,12.94,12.566,14.803,10.337,9.699,9.56,9.34,9.677,10.325,10.065,8.705,8.319,8.381,7.787,7.648,7.541,7.312,7.36,7.143,7.012,6.974,6.728,6.647,6.586,6.67,6.799,6.677,,
Senegal,SEN,"Death rate, crude (per 1,000 people)",SP.DYN.CDRT.IN,24.944,24.863,24.866,24.787,24.722,24.702,24.544,24.39,24.179,23.971,23.627,23.266,22.793,22.112,21.545,20.821,20.042,19.241,18.454,17.696,16.998,16.466,15.939,15.484,14.861,14.298,13.487,12.857,12.208,11.756,11.433,11.285,11.258,11.291,11.287,11.326,11.395,11.417,11.488,11.39,11.181,10.815,10.423,9.932,9.444,8.99,8.577,8.178,7.831,7.514,7.19,6.894,6.78,6.503,6.318,6.109,5.84,5.721,5.579,5.409,5.584,5.922,5.548,,
Singapore,SGP,"Death rate, crude (per 1,000 people)",SP.DYN.CDRT.IN,6.2,5.9,5.8,5.6,5.7,5.4,5.4,5.3,5.5,5,5.2,5.4,5.4,5.4,5.2,5.1,5.1,5.1,5.1,5.2,4.9,4.9,4.9,5,4.8,4.9,4.6,4.7,4.9,4.9,4.7,4.6,4.7,4.6,4.7,4.8,4.7,4.5,4.6,4.5,4.5,4.3,4.4,4.5,4.4,4.4,4.4,4.5,4.4,4.3,4.4,4.5,4.5,4.6,4.7,4.8,4.8,5,5,5,5.2,5.8,6.3,,
Solomon Islands,SLB,"Death rate, crude (per 1,000 people)",SP.DYN.CDRT.IN,17.071,16.722,16.251,15.78,15.289,14.801,14.311,13.857,13.223,12.685,12.236,11.897,11.341,10.821,10.339,10.909,9.399,9.182,8.565,8.257,7.999,7.78,7.58,7.432,7.299,7.151,7.401,6.887,6.755,6.647,6.548,6.461,6.38,6.308,6.224,6.161,6.089,6.041,5.99,5.957,5.939,5.92,5.899,5.884,5.854,5.829,5.797,5.863,5.714,5.713,5.614,5.544,5.468,5.421,5.407,5.26,5.176,5.11,5.052,4.989,5.082,5.028,4.888,,
Sierra Leone,SLE,"Death rate, crude (per 1,000 people)",SP.DYN.CDRT.IN,30.608,30.298,29.951,29.599,29.178,28.747,28.292,27.785,27.387,26.988,26.472,26.024,25.574,25.165,24.773,24.362,23.958,23.582,23.242,22.875,22.616,22.38,22.18,21.974,21.851,21.82,21.837,21.601,21.521,21.446,21.34,21.667,21.506,21.48,21.92,21.967,21.18,21.052,21.608,21.883,19.794,19.248,18.67,18.104,17.491,16.89,16.096,15.345,14.546,13.805,13.089,12.481,11.939,11.372,11.219,10.712,10.046,9.88,9.308,9.065,9.296,9.113,8.909,,
El Salvador,SLV,"Death rate, crude (per 1,000 people)",SP.DYN.CDRT.IN,17.996,17.45,16.923,16.616,16.335,16.189,16.061,16.031,15.959,15.779,15.396,14.668,14.035,13.318,12.826,12.543,12.491,12.637,12.892,13.339,15.815,15.424,13.772,13.026,11.596,10.464,10.059,9.151,8.35,9.062,7.812,7.257,6.929,6.702,6.556,6.478,6.314,6.14,6.087,5.904,5.876,6.119,6.046,6.268,6.408,6.599,6.705,6.814,6.74,6.75,6.758,6.892,7.038,7.149,7.168,7.07,6.925,6.857,6.938,7.451,8.442,8.661,8.173,,
San Marino,SMR,"Death rate, crude (per 1,000 people)",SP.DYN.CDRT.IN,,,,,,,,,,,,,,,,,,,,,,,,,,,,,,,,,,,,,,,,,,,,,6.3,7.3,7.5,7.2,6,6.3,6.5,6.8,7.1,7.5,7.7,7.1,7.6,8.2,7.1,7.2,9.9,9.1,7.8,,
Somalia,SOM,"Death rate, crude (per 1,000 people)",SP.DYN.CDRT.IN,21.131,21.018,20.739,20.539,20.361,20.153,19.969,19.794,19.628,19.471,19.325,19.185,19.046,18.912,20.748,20.436,20.137,18.345,18.392,18.228,18.142,18.068,17.994,17.777,17.586,17.707,17.646,17.304,20.457,18.337,18.009,40.463,38.55,15.492,15.868,15.753,15.885,16.136,15.806,15.878,15.778,15.702,15.684,15.712,15.711,15.593,15.566,15.542,15.096,14.591,15.358,14.856,13.568,13.129,12.81,12.447,12.275,11.891,11.444,11.041,11.39,11.596,11.012,,
Serbia,SRB,"Death rate, crude (per 1,000 people)",SP.DYN.CDRT.IN,8.828,8.782,8.668,8.566,8.722,8.705,8.503,8.853,8.887,9.074,8.994,8.916,8.863,8.868,8.814,8.947,9.035,9.097,9.393,9.675,9.773,10.042,10.341,10.854,11.03,10.93,11.063,11.19,11.069,11.113,10.988,10.931,10.922,10.95,10.891,12.3,12.9,12.91,13.13,13.5,13.8,13.2,13.7,13.9,14,14.3,13.88,13.92,13.97,14.2,14.2,14.2,14.2,14,14.2,14.6,14.3,14.8,14.6,14.6,16.9,20,16.2,,
Sub-Saharan Africa (excluding high income),SSA,"Death rate, crude (per 1,000 people)",SP.DYN.CDRT.IN,23.2416699367583,22.9840209385972,22.6196738404971,22.4184895924141,22.0593299993473,21.9445025125619,22.0024019902465,21.7920687531405,21.4176835099267,21.2328660663016,20.8638637666165,20.4368533174116,20.3911727597167,19.7744634744489,19.6280467719829,19.3182659929827,18.7503500172322,18.4086974194955,18.1774192756736,17.8443858525007,17.6000333371315,17.3519888121302,17.1387122490518,17.869288052274,17.7914654160165,17.5391279299395,17.1938870274878,16.8588446425627,17.2848149637491,16.267245546929,16.2339398892401,16.3386178902758,16.4500261569569,16.1289354730404,16.5407547288497,15.6145953168611,15.5622756593724,15.3696441629583,15.583957012886,14.9151101515432,14.4941496375743,14.2748607631895,13.9937570976869,13.6584139150699,13.3230792374637,12.9411157524374,12.506290999096,12.1237955999368,11.7634662437386,11.3294335395088,10.9739643150551,10.5916604367438,10.2624369961657,9.97370565048141,9.72005232199016,9.50102767256903,9.24590389673097,9.04422444024733,8.8538993381167,8.67182019890681,8.82769626132143,9.10650018225477,8.82206122050782,,
South Sudan,SSD,"Death rate, crude (per 1,000 people)",SP.DYN.CDRT.IN,36.098,35.935,35.629,36.509,31.209,35.94,40.669,40.076,39.551,40.5,39.927,32.737,32.361,27.571,27.52,27.254,27.1,26.576,26.198,25.861,25.328,24.919,24.553,27.813,30.857,30.611,30.275,47.475,74.552,33.879,34.067,33.899,45.705,45.732,20.98,32.71,32.204,30.951,55.947,20.606,18.587,17.833,17.226,15.309,14.651,14.028,13.533,12.916,12.465,12.221,11.68,11.6,11.104,11.136,11.493,11.072,11.01,11.01,10.584,10.531,10.759,11.05,10.745,,
Sub-Saharan Africa,SSF,"Death rate, crude (per 1,000 people)",SP.DYN.CDRT.IN,23.2416699367583,22.9840209385972,22.6196738404971,22.418489592414,22.0593299993473,21.9445025125619,22.0024019902465,21.7920687531405,21.4176835099268,21.2328660663016,20.8638637666165,20.434690291078,20.3891859930756,19.7724136238852,19.6260956372353,19.3161504425382,18.748420246654,18.4068401306126,18.1756095588086,17.8425863951134,17.5983085943931,17.3503166694996,17.1372068097595,17.8676401634354,17.7899387410884,17.5376247368636,17.19252297884,16.8574813160452,17.2834103908315,16.2661213983274,16.2327917388847,16.3374713363896,16.4488508817797,16.1279243003242,16.5395990843972,15.613494548881,15.5612450067216,15.3687017865391,15.582919594474,14.9141368065362,14.4932196279763,14.2739800215648,13.9930125207336,13.6577808106605,13.3224027882997,12.9405927585305,12.5057858003058,12.1232997123338,11.7630314373619,11.3290735469422,10.9735996461329,10.5914001623602,10.2621650129731,9.97351977103152,9.71988291084333,9.50084235064307,9.24578091704009,9.04411235090279,8.85385913301965,8.67177042493841,8.82752284807692,9.10651644284259,8.82196006160229,,
Small states,SST,"Death rate, crude (per 1,000 people)",SP.DYN.CDRT.IN,14.0277749442887,13.599630696265,13.2400675374083,13.0970064241042,12.6666661632458,12.3328260910219,12.1184139222608,11.8697456938302,11.7638858870054,11.6550389833246,11.4511818008157,11.2343214246354,11.0768082877103,10.931405306859,11.2660048019499,11.7157072664794,11.466411916238,11.4485420522445,11.5869206156709,11.3809596941033,10.8155178690707,10.6326171163673,10.4028739431872,10.3287094272086,10.0459158232493,9.93380674200132,9.68696472443506,9.49943425139909,9.37947472461389,8.89736584999807,8.86881170727169,8.84536940356985,8.79202522921491,8.77149071160583,8.84495715698989,8.7298356445827,8.57293839505834,8.56859169917582,8.6422093724145,8.75170516623217,8.30294976566993,8.26832916268167,8.34064910424666,8.36058919818709,8.30085108250958,8.25374117832588,8.17186881573013,8.02124984214533,7.9158028777579,7.83117519873368,7.6485051014787,7.55652015139444,7.5002074883728,7.41327698105961,7.35854673082666,7.30074545033344,7.23411619685996,7.14107741047204,7.13301274411325,7.13765237232578,7.36551158657993,8.2037301518967,7.84410213838681,,
Sao Tome and Principe,STP,"Death rate, crude (per 1,000 people)",SP.DYN.CDRT.IN,22.169,21.079,20.021,19.647,18.686,17.317,15.745,14.337,13.939,13.902,13.231,12.719,12.394,12.059,12.018,11.924,11.77,11.661,11.434,11.287,11.312,11.545,11.628,11.685,11.634,11.381,12.431,10.596,10.351,10.819,10.105,10.064,10.088,10.093,10.054,9.984,9.887,9.768,9.687,9.522,9.334,9.101,8.817,8.483,8.151,8.083,7.699,7.477,7.26,7.169,7.055,7.145,6.775,6.552,6.345,6.198,6.123,5.863,5.879,5.876,6.294,6.387,5.838,,
Suriname,SUR,"Death rate, crude (per 1,000 people)",SP.DYN.CDRT.IN,12.051,11.659,11.277,11.494,11.641,11.68,11.283,10.898,10.578,10.287,10.019,9.893,9.709,9.587,9.519,9.436,9.385,9.359,9.342,9.375,9.46,9.23,8.991,8.814,8.578,8.403,8.361,8.19,8.014,7.708,7.567,7.432,7.314,7.145,7.004,6.975,6.942,7.077,7.306,7.594,7.801,8.084,8.351,8.64,8.494,8.209,7.954,7.69,7.452,7.197,7.109,7.217,7.418,7.582,7.646,7.215,6.941,6.672,6.753,7.06,7.036,8.667,8.637,,
Slovak Republic,SVK,"Death rate, crude (per 1,000 people)",SP.DYN.CDRT.IN,7.8,7.5,8.1,7.7,7.6,8.2,8.2,8,8.5,9,9.3,9.4,9,9.4,9.6,9.5,9.5,9.7,9.8,9.7,10.2,9.9,10,10.3,10.1,10.2,10.2,10,10,10.2,10.3,10.3,10.1,9.9,9.6,9.8,9.5,9.7,9.9,9.7,9.8,9.7,9.6,9.7,9.7,10,9.9,10,9.9,9.8,9.9,9.6,9.7,9.6,9.5,9.9,9.6,9.9,10,9.8,10.8,13.5,11,,
Slovenia,SVN,"Death rate, crude (per 1,000 people)",SP.DYN.CDRT.IN,9.6,8.8,9.9,9.3,10.2,9.7,9.1,9.7,10.2,10.8,10.1,10,10.4,10,9.7,10.1,10,9.6,9.9,9.6,9.9,9.8,10.3,10.8,10.5,10.2,9.9,10,9.6,9.4,9.3,9.7,9.7,10,9.7,9.5,9.4,9.5,9.6,9.5,9.3,9.3,9.4,9.7,9.3,9.4,9.1,9.2,9.1,9.2,9.1,9.1,9.4,9.4,9.2,9.6,9.5,9.9,9.9,9.9,11.4,11,10.6,,
Sweden,SWE,"Death rate, crude (per 1,000 people)",SP.DYN.CDRT.IN,10,9.8,10.2,10.1,10,10.1,10,10.1,10.4,10.5,9.9,10.2,10.3,10.5,10.6,10.8,11,10.7,10.8,11,11,11.1,10.9,10.9,10.9,11.3,11.1,11.1,11.5,10.8,11.1,11,10.9,11.1,10.5,10.6,10.6,10.6,10.5,10.7,10.5,10.5,10.6,10.4,10.1,10.2,10,10,9.9,9.7,9.6,9.5,9.7,9.4,9.2,9.3,9.2,9.1,9.1,8.6,9.5,8.8,9,,
Eswatini,SWZ,"Death rate, crude (per 1,000 people)",SP.DYN.CDRT.IN,18.871,18.564,18.24,18.046,17.679,17.267,16.825,16.411,16.033,15.705,15.415,15.107,14.761,14.323,13.94,13.483,12.967,12.395,11.84,11.327,10.91,10.509,10.081,10.494,9.317,8.802,8.349,7.939,7.544,7.304,7.155,7.197,7.5,8.036,8.824,9.699,10.703,11.576,12.515,13.519,14.521,15.449,16.588,17.578,18.372,18.845,18.174,17.861,17.525,17.283,15.911,14.926,13.946,13.019,12.193,11.202,10.45,9.936,9.324,8.923,9.603,11.356,11.883,,
Sint Maarten (Dutch part),SXM,"Death rate, crude (per 1,000 people)",SP.DYN.CDRT.IN,11.005,10.844,9.727,8.432,7.98,8.514,7.337,6.71,6.57,5.809,5.022,5.157,5.064,4.791,4.575,4.37,4.237,4.318,4.375,4.498,4.722,4.628,4.108,3.918,3.872,3.844,3.827,3.801,3.57,3.685,3.744,3.894,3.756,3.863,3.916,3.975,3.911,3.709,3.889,3.484,3.745,3.829,3.791,4.106,4.171,3.4,3.6,3.2,3.8,3.1,4.1,5.1,5.4,4.7,4.7,5.4,4.1,4.2,4,4.7,5.5,5.6,6,,
Seychelles,SYC,"Death rate, crude (per 1,000 people)",SP.DYN.CDRT.IN,,,,,,,,,,,,8.5,9.4,8.3,8.6,7.3,7.7,7.7,7.5,7,7,6.9,7.5,7,7.5,7.2,7.6,7.4,7.3,8.1,7.7,7.7,7.4,8.3,7.6,7,7.4,7.8,7.2,7,6.8,6.8,7.7,8.1,7.2,8.1,7.8,7.4,7.6,7.8,7.4,7.9,7.4,8,7.9,7.5,7.9,7.8,8.4,8.1,6.8,9.3,7.8,,
Syrian Arab Republic,SYR,"Death rate, crude (per 1,000 people)",SP.DYN.CDRT.IN,16.314,15.485,14.843,14.211,13.602,13.081,12.628,12.172,11.547,11.006,10.54,9.984,9.574,9.796,8.733,8.418,8.131,8.054,7.177,6.932,6.732,7.425,8.709,5.877,5.44,5.424,5.215,5.124,4.94,4.851,4.784,4.67,4.574,4.588,4.599,4.503,4.521,4.54,4.575,4.509,4.413,4.157,4.091,3.971,3.986,3.924,3.775,3.67,3.721,3.678,3.701,3.934,6.417,7.696,8.072,7.297,6.999,6.033,5.554,5.033,4.99,5.117,5.047,,
Turks and Caicos Islands,TCA,"Death rate, crude (per 1,000 people)",SP.DYN.CDRT.IN,15.065,14.795,14.124,12.983,11.761,11.193,11.321,11.795,12.432,13.021,13.368,13.233,12.495,10.962,8.706,6.983,6.077,5.749,5.961,6.429,6.82,6.924,6.875,6.685,6.507,6.3,6.079,5.802,5.675,5.847,6.216,6.22,5.818,5.752,6.21,6.222,5.035,4.671,4.165,4.212,4.463,4.384,3.978,4.095,3.763,3.802,4.108,4.67,4.687,4.849,5.592,6.047,6.157,6.408,6.559,6.833,7.083,7.328,7.651,8.458,8.823,9.241,9.04,,
Chad,TCD,"Death rate, crude (per 1,000 people)",SP.DYN.CDRT.IN,26.335,26.049,25.817,25.551,25.271,25.412,25.278,24.97,24.596,24.308,24.061,24.447,23.59,23.458,23.463,23.374,23.139,22.922,22.66,22.356,22.103,21.89,21.378,21.06,20.987,20.723,20.423,21.846,20.154,20.086,20.737,20.029,19.852,19.718,19.537,19.195,18.909,18.692,18.548,18.305,18.088,17.695,17.441,17.118,16.982,16.827,16.707,16.301,16.007,15.765,15.421,15.056,14.634,14.373,14.022,13.693,13.291,13.043,12.671,12.369,12.486,12.504,12.157,,
East Asia & Pacific (IDA & IBRD countries),TEA,"Death rate, crude (per 1,000 people)",SP.DYN.CDRT.IN,23.0646846225763,14.5154790337404,11.2912588841207,11.2538898989116,12.22255728834,11.1834081415728,10.2019055948591,9.68184516299597,9.52489356398117,9.26410772286907,8.90243028249596,8.60198541700544,8.82665313744935,8.26315348967261,8.44072510172537,8.59491511250375,8.43191557498627,7.81427175948297,7.27330601550245,7.17537185604497,7.205628476391,7.18184854807449,7.30132245177043,7.4761115916175,7.37000053901795,7.27842820510565,7.28357508498983,7.13229259636997,7.04849379536432,6.91753576832885,6.97372863716116,6.95881920185506,6.87197754611758,6.82930828472008,6.70441970989401,6.73688413504801,6.71238702518641,6.64735251689034,6.62533575719487,6.59607439169452,6.5876622294562,6.5591576039934,6.52997536038019,6.5154530036059,6.62589089757936,6.59959812197805,6.79690348847,6.87730647658422,7.05436417332292,6.993673611253,7.02317945669447,7.04500129142556,7.04674491645886,7.04426758835564,7.03474596747928,7.01016870998246,7.00137585423812,7.02592296877582,7.03018867008684,7.04837460110564,7.2017706354772,7.63412630200575,7.52710676278064,,
Europe & Central Asia (IDA & IBRD countries),TEC,"Death rate, crude (per 1,000 people)",SP.DYN.CDRT.IN,9.47553861663292,9.3713439514863,9.52289489320341,9.20589155147311,9.00457466848302,9.09590382150748,9.05026531594181,9.25915281455894,9.29967428015406,9.61530329290395,9.5599970488908,9.59402823732276,9.58565120591422,9.65927855936558,9.61584171686863,9.82902403200212,9.92913399530519,9.99078956551018,10.0961747523446,10.0636458167587,10.2651901040378,10.0242264889808,9.92276412748843,10.1313721002631,10.3809680284939,10.2904399232082,9.69492174968158,9.77168585022569,9.85446258807767,9.70907062275155,9.92194565014645,10.1600699041685,10.6660804225087,11.610675454143,11.9560715714225,11.8068657814296,11.4878031635141,11.2188391397346,10.9747757614782,11.3673532204239,11.5311563132606,11.5587546095781,11.8411844855467,11.9191594435547,11.6509696868931,11.8365747277409,11.4106800625516,11.2373096940431,11.1571169203087,10.8602094395804,10.8658221036095,10.552623356443,10.441413717581,10.2559543355863,10.2794821782817,10.3142312796382,10.2074424226135,10.0462631867693,10.0780221572564,9.95052175839525,11.6484613879801,12.8614228432272,10.9229871209143,,
Togo,TGO,"Death rate, crude (per 1,000 people)",SP.DYN.CDRT.IN,22.426,22.209,21.951,21.745,21.441,21.185,20.831,20.436,20.028,19.695,19.311,18.923,18.517,18.11,17.711,17.24,16.795,16.443,16.059,15.635,15.259,14.85,14.468,14.158,13.818,13.546,13.319,13.076,12.854,12.761,12.707,12.698,12.617,12.603,12.615,12.537,12.428,12.306,12.258,12.044,11.898,11.8,11.526,11.316,11.304,11.071,10.919,10.775,10.663,10.488,10.326,9.98,9.866,9.537,9.438,9.165,9.092,8.803,8.766,8.465,8.417,8.168,8.213,,
Thailand,THA,"Death rate, crude (per 1,000 people)",SP.DYN.CDRT.IN,14.737,13.929,13.625,13.297,12.817,12.342,11.958,11.597,11.26,10.802,10.33,9.859,9.531,9.108,8.73,8.378,8.045,7.863,7.702,7.535,7.27,7.08,6.89,6.69,6.395,6.153,5.935,5.665,5.663,5.615,5.602,5.612,5.654,5.695,5.747,5.964,5.818,5.614,5.588,5.822,6.043,6.088,6.138,6.23,6.419,6.323,6.033,6.122,6.189,6.236,6.307,6.393,6.464,6.547,6.627,6.724,6.814,6.897,7.027,7.14,7.264,7.922,7.487,,
Tajikistan,TJK,"Death rate, crude (per 1,000 people)",SP.DYN.CDRT.IN,16.625,16.341,16.056,15.69,15.27,14.869,14.47,14.057,13.65,13.262,12.953,12.6,12.255,11.972,11.614,11.334,11.139,10.996,10.904,10.866,10.911,10.924,10.788,10.716,10.558,10.375,10.269,10.121,9.859,9.743,9.681,9.804,12.63,13.525,11.096,10.013,9.858,9.058,8.448,7.882,7.54,7.161,6.795,6.476,6.289,6.116,5.958,5.936,5.816,5.75,5.934,5.808,5.7,5.563,5.512,5.43,5.325,5.172,5.014,4.843,6.121,4.548,4.695,,
Turkmenistan,TKM,"Death rate, crude (per 1,000 people)",SP.DYN.CDRT.IN,17.041,16.619,16.193,15.658,15.131,14.619,14.071,13.502,13.085,12.598,12.155,11.827,11.499,11.198,10.915,10.728,10.628,10.488,10.249,10.055,9.824,9.632,9.586,9.525,9.364,9.318,9.1,8.905,8.66,8.495,8.257,8.064,8.027,7.961,7.866,7.788,7.735,7.637,7.372,7.166,6.949,6.932,6.88,6.797,6.741,6.869,6.769,6.691,6.562,6.418,6.377,6.356,6.379,6.447,6.567,6.53,6.574,6.537,6.639,6.583,6.836,6.585,6.585,,
Latin America & the Caribbean (IDA & IBRD countries),TLA,"Death rate, crude (per 1,000 people)",SP.DYN.CDRT.IN,13.523645698791,13.1407165067026,12.8231010105246,12.5346887859714,12.1989608216829,11.9127970084754,11.6214809628961,11.347192076528,11.0891309807563,10.8621785853406,10.8166180063077,10.3291998912455,10.1373855597637,9.8582430025625,9.6509830230628,9.39008205400589,9.30857690131981,9.03695411668444,8.88111133483154,8.73617288038954,8.5641827464059,8.3396578745101,8.20407840686683,7.94564088076383,7.76702494461438,7.62001419687755,7.37186891519953,7.2001573410885,7.04105100370709,6.92033954611597,6.83159023242625,6.70530827504231,6.6008791112001,6.50732415727316,6.39761223265059,6.34029110159222,6.25352404270837,6.1847738288253,6.16055123455255,6.07243963705422,6.02806261095445,6.00538584628792,5.95101068154778,5.98012631410895,5.93289307016209,5.86919306022235,5.88846228236051,5.95042483040535,5.95891565879718,5.988095523747,6.19676584738655,6.052549359603,6.07364053020007,6.0761953462348,6.1001522282133,6.19836318584496,6.34826200337475,6.38147732790021,6.45387148427331,6.49633232179428,7.71202073484731,8.31606883832272,7.52590729607263,,
Timor-Leste,TLS,"Death rate, crude (per 1,000 people)",SP.DYN.CDRT.IN,30.571,30.225,29.853,29.542,29.165,28.337,27.641,26.857,26.317,25.776,25.261,24.635,23.964,23.22,24.954,39.775,37.854,39.866,43.774,42.273,33.565,32.474,31.347,30.635,28.423,28.543,28.068,26.729,26.634,19.077,18.691,18.434,17.472,16.774,16.121,16.323,15.81,15.372,15.703,17.983,10.187,9.884,9.604,9.342,9.065,8.796,8.504,8.274,8.096,7.987,7.951,7.895,7.747,7.644,7.579,7.549,7.343,7.163,7.012,6.888,6.831,7.233,6.535,,
Middle East & North Africa (IDA & IBRD countries),TMN,"Death rate, crude (per 1,000 people)",SP.DYN.CDRT.IN,21.8804515523084,21.2170224773097,21.013653624961,20.1080283854175,19.5343269520107,19.0132278130982,18.5517368672051,18.0993944315859,17.6928149184808,17.1565966295005,16.659190142336,16.1181255841567,15.6355397561275,15.1363686864968,14.5570886474658,14.1020886379437,13.9704957919954,13.0429960349173,12.6693075508157,11.9488853399194,11.6070416738131,11.4883409266139,11.1492523410409,10.2619465454092,9.55669466059979,9.08094457185059,8.71796829585067,8.30314709477411,8.07501726380144,7.63328243402843,7.56713459449574,6.97176265020427,6.7004073729856,6.54052282689764,6.44220243302113,6.29015946930611,6.12373087731718,6.04200114557813,6.00354824589611,5.86907991590312,5.77153212291355,5.68901076624263,5.6065879300382,5.74113458797149,5.61549466422149,5.57087117450394,5.55920276899564,5.49462027277707,5.45793107786183,5.39005586596873,5.35876485852006,5.32082777623129,5.43766895300809,5.49862034007812,5.43047068078653,5.36942129135211,5.29934916084573,5.15398782753934,5.14709311041241,5.16515372800054,5.67853507678882,5.9675878665686,5.82188354047032,,
Tonga,TON,"Death rate, crude (per 1,000 people)",SP.DYN.CDRT.IN,10.716,10.426,10.061,9.725,9.382,9.03,8.678,8.388,8.029,7.672,7.367,7.122,6.951,6.835,6.691,6.645,6.6,6.611,6.575,6.573,6.585,6.604,6.729,6.696,6.746,6.784,6.828,6.866,6.848,6.841,6.842,6.811,6.811,6.813,6.819,6.827,6.837,6.838,6.819,6.789,6.759,6.737,6.698,6.68,6.648,6.648,6.627,6.588,6.581,6.684,6.605,6.624,6.636,6.686,6.744,6.782,6.817,6.855,6.888,6.909,6.946,6.97,6.885,,
South Asia (IDA & IBRD),TSA,"Death rate, crude (per 1,000 people)",SP.DYN.CDRT.IN,20.0129976479065,19.7222252639253,19.389219210767,19.1130128779889,18.7970430614489,19.4552556383432,19.0066418410992,18.703697294695,17.6035903240169,17.3234793925481,17.4712044734309,19.1551884743129,16.4616437445628,16.1339080614786,15.7820614319652,15.3557958327751,15.0220737322894,14.7058744579129,14.3838631944631,14.1020679710885,13.8047324322039,13.4934253316291,13.1983665909044,12.8679494611657,12.6072432548579,12.316928347732,11.9716471921112,11.6965032495714,11.398890678839,11.1432560763233,10.8266550444119,10.6940391391092,10.317621569353,10.1041739371961,9.88126236738154,9.68117580766213,9.48820207551458,9.23160472115542,8.96720147502603,8.70094242413096,8.57011597489442,8.41839453806347,8.2381720065565,8.07270750728797,7.94909771763459,7.81692685848132,7.65526247374705,7.59709399149657,7.51308481697119,7.45309434540184,7.30263235666759,7.199881146221,7.0571518248425,6.92542577571783,6.78308897877457,6.6676046399039,6.5849323052587,6.54462121124803,6.55951308433329,6.59675278285219,7.16652966188531,8.73700874686182,8.37629590288004,,
Sub-Saharan Africa (IDA & IBRD countries),TSS,"Death rate, crude (per 1,000 people)",SP.DYN.CDRT.IN,23.2416699367583,22.9840209385972,22.6196738404971,22.418489592414,22.0593299993473,21.9445025125619,22.0024019902465,21.7920687531405,21.4176835099268,21.2328660663016,20.8638637666165,20.434690291078,20.3891859930756,19.7724136238852,19.6260956372353,19.3161504425383,18.748420246654,18.4068401306126,18.1756095588086,17.8425863951134,17.5983085943931,17.3503166694996,17.1372068097595,17.8676401634354,17.7899387410884,17.5376247368636,17.19252297884,16.8574813160452,17.2834103908315,16.2661213983274,16.2327917388847,16.3374713363896,16.4488508817797,16.1279243003242,16.5395990843972,15.613494548881,15.5612450067216,15.3687017865391,15.582919594474,14.9141368065362,14.4932196279763,14.2739800215648,13.9930125207336,13.6577808106605,13.3224027882997,12.9405927585305,12.5057858003058,12.1232997123338,11.7630314373619,11.3290735469422,10.9735996461329,10.5914001623602,10.2621650129731,9.97351977103152,9.71988291084333,9.50084235064307,9.24578091704009,9.04411235090279,8.85385913301965,8.67177042493841,8.82752284807692,9.10651644284259,8.82196006160229,,
Trinidad and Tobago,TTO,"Death rate, crude (per 1,000 people)",SP.DYN.CDRT.IN,8.037,8.105,7.907,7.758,7.785,7.68,7.613,7.476,7.642,7.725,7.687,7.588,7.798,7.486,6.888,6.943,7.23,7.111,6.809,6.726,6.879,6.895,6.921,6.805,6.969,7.004,6.657,6.651,6.595,6.59,6.694,6.443,6.724,6.559,6.766,6.503,6.659,6.906,6.757,7.287,6.98,6.809,6.505,7.048,6.493,6.543,6.744,6.717,6.983,6.316,6.708,6.618,6.596,6.662,6.739,6.797,7.134,7.386,7.783,7.701,7.9,9.131,8.097,,
Tunisia,TUN,"Death rate, crude (per 1,000 people)",SP.DYN.CDRT.IN,21.537,21.238,20.205,19.371,18.681,17.886,17.168,16.235,15.321,14.514,13.535,12.796,11.968,11.319,10.719,10.104,9.612,9.073,8.663,8.233,7.88,7.607,7.33,7.062,6.807,6.481,6.242,5.97,5.713,5.659,5.5,5.366,5.341,5.171,5.074,4.979,4.887,4.774,4.751,4.725,4.773,4.847,4.863,4.884,4.939,4.937,5.007,5.076,5.169,5.271,5.329,5.441,5.519,5.591,5.715,5.811,5.883,5.974,6.04,6.145,6.752,7.884,7.601,,
Turkiye,TUR,"Death rate, crude (per 1,000 people)",SP.DYN.CDRT.IN,17.766,17.023,16.487,15.815,15.382,14.919,14.479,14.312,13.985,13.886,13.227,12.806,12.473,12.209,11.904,11.617,11.317,10.895,10.478,10.129,9.754,9.393,9,8.643,8.314,8.015,7.737,7.484,7.244,7.046,6.841,6.664,6.546,6.414,6.308,6.229,6.081,5.963,5.832,6.002,5.616,5.551,5.464,5.413,5.367,5.35,5.33,5.288,5.292,5.269,5.251,5.44,5.205,5.04,5.046,5.125,5.234,5.129,5.065,5.084,6.378,6.398,5.101,,
Tuvalu,TUV,"Death rate, crude (per 1,000 people)",SP.DYN.CDRT.IN,19.042,18.29,17.993,17.855,17.669,16.868,16.143,15.457,14.7,13.904,13.367,12.842,13.517,11.908,11.491,11.128,10.725,10.431,10.178,10.03,9.926,9.863,9.876,9.961,10.109,10.286,10.363,10.464,10.503,10.467,10.413,10.311,11.058,10.005,9.921,9.899,9.922,9.928,9.973,10.039,10.043,10.034,10.007,9.969,9.957,9.902,9.892,9.915,9.935,9.973,9.988,10.021,10.055,10.046,10.098,10.126,10.111,10.082,10.107,10.161,10.188,10.159,10.103,,
Tanzania,TZA,"Death rate, crude (per 1,000 people)",SP.DYN.CDRT.IN,20.985,20.894,20.775,20.629,20.443,20.225,19.957,19.664,19.241,18.848,18.544,18.258,17.991,17.586,17.365,17.082,16.725,16.325,16.003,15.608,15.388,15.199,15.145,15.118,15.05,14.974,14.796,14.658,14.484,14.436,14.477,14.502,14.609,14.6,14.491,14.355,14.346,14.459,14.2,13.688,13.251,12.731,12.277,11.682,11.275,10.879,10.522,10.154,9.825,9.41,8.88,8.435,7.992,7.615,7.252,6.959,6.65,6.402,6.177,6.012,6.179,6.222,5.959,,
Uganda,UGA,"Death rate, crude (per 1,000 people)",SP.DYN.CDRT.IN,19.285,18.687,18.148,17.771,17.431,17.175,17.095,16.716,16.578,16.407,16.361,18.071,18.068,18.096,18.374,18.568,18.903,19.198,19.497,19.674,21.131,20.981,20.639,20.314,20.078,18.874,18.923,18.181,18.113,18.177,18.094,18.005,17.825,17.746,17.534,17.294,17.08,16.728,16.413,15.844,15.297,14.677,14.083,13.434,12.571,11.637,10.77,10.157,9.687,9.229,8.832,8.319,7.843,7.35,6.99,6.648,6.368,6.169,5.939,5.823,5.852,5.877,5.579,,
Ukraine,UKR,"Death rate, crude (per 1,000 people)",SP.DYN.CDRT.IN,7.512,7.602,7.892,7.732,7.624,7.979,8.217,8.453,8.634,9.116,9.402,9.409,9.682,9.736,9.938,9.988,10.15,10.441,10.661,11.11,11.369,11.3,11.3,11.5,12,12.135,11.1,11.4,11.6,11.6,12.1,12.9,13.4,14.2,14.7,15.4,15.2,14.9,14.4,14.9,15.4,15.3,15.7,16,16,16.6,16.2,16.4,16.3,15.3,15.2,14.5,14.5,14.6,14.7,14.9,14.7,14.5,14.8,14.7,15.9,18.5,21.4,,
Upper middle income,UMC,"Death rate, crude (per 1,000 people)",SP.DYN.CDRT.IN,20.8576102468728,14.2089258054972,11.7149188322541,11.5492308399957,12.2298151638091,11.3844095547517,10.5799952477708,10.1380353275741,9.91171542220789,9.70102429364315,9.36960863511623,9.02913309617982,9.08050059846783,8.63366738783407,8.7032027482144,8.5928812668777,8.48087629840451,8.16648408631008,7.75804885489555,7.62899033645613,7.6458235752264,7.58296936983018,7.62006720718494,7.67797088754904,7.54030178517279,7.42543279768819,7.32846957005768,7.19163645100301,7.11830414224603,6.97474125115431,7.02880955990438,6.99254445943886,6.93685012836482,6.93148109447886,6.82147094607913,6.86751124224959,6.82782395790238,6.76812293515316,6.73635323596752,6.71788503355269,6.70872238178323,6.68467411021644,6.68863117402416,6.72141479622459,6.78639589954806,6.77796104659381,6.92125623356062,6.98910087753527,7.05002010251015,7.0238665352312,7.03384716047511,7.02973467751965,7.0035170375739,6.98680253968735,6.9689474238852,6.96235069997956,6.96959704612258,6.97208742418814,6.98584975467555,7.00213658377372,7.55823943925228,8.00315687440431,7.77053485709075,,
Uruguay,URY,"Death rate, crude (per 1,000 people)",SP.DYN.CDRT.IN,9.727,9.686,9.663,9.649,9.629,9.604,9.579,9.559,9.549,9.559,9.585,9.652,9.761,9.78,9.832,9.846,9.816,9.742,9.667,9.591,9.525,9.49,9.467,9.448,9.434,9.423,9.41,9.395,9.395,9.393,9.388,9.395,9.401,9.4,9.39,9.363,9.321,9.269,9.214,9.165,9.124,9.103,9.101,9.111,9.133,9.166,9.206,9.249,9.29,9.332,9.369,9.402,9.434,9.468,9.508,9.559,9.628,9.724,9.863,10.057,9.432,12.162,9.879,,
United States,USA,"Death rate, crude (per 1,000 people)",SP.DYN.CDRT.IN,9.5,9.3,9.5,9.6,9.4,9.4,9.5,9.4,9.8,9.5,9.5,9.3,9.4,9.3,9.1,8.8,8.8,8.6,8.7,8.5,8.8,8.6,8.5,8.6,8.7,8.7,8.7,8.6,8.9,8.8,8.6,8.6,8.5,8.8,8.8,8.8,8.8,8.7,8.6,8.6,8.5,8.5,8.5,8.4,8.2,8.3,8.1,8,8.1,7.9,7.995,8.073,8.102,8.215,8.237,8.44,8.493,8.638,8.678,8.697,10.27,10.4,9.8,,
Uzbekistan,UZB,"Death rate, crude (per 1,000 people)",SP.DYN.CDRT.IN,14.995,14.727,14.427,13.948,13.446,12.995,12.557,12.1,11.624,11.184,10.979,10.69,10.468,10.394,10.153,10.004,9.765,9.795,9.588,7,7.5,7.2,7.4,7.5,7.5,7.2,7.1,7,6.9,6.3,6.1,6.2,6.5,6.6,6.6,6.4,6.2,5.8,5.9,5.4,5.5,5.3,5.4,5.3,5,5.4,5.3,5.1,5.1,4.8,4.8,4.9,4.9,4.8,4.9,4.9,4.9,5,4.7,4.6,5.1,5,4.8,,
St. Vincent and the Grenadines,VCT,"Death rate, crude (per 1,000 people)",SP.DYN.CDRT.IN,14.492,13.408,12.232,11.065,10.007,9.072,8.314,7.775,7.339,7.027,6.839,6.757,6.821,6.799,6.65,6.563,6.557,6.468,6.531,6.523,6.396,6.383,6.437,6.287,6.229,6.135,6.119,5.987,5.878,5.75,5.904,5.682,5.885,6.064,6.388,6.385,6.854,7.098,7.06,7.013,7.056,6.848,6.801,6.858,6.649,6.555,6.47,6.319,6.337,6.526,6.916,7.187,7.654,7.98,7.858,8.105,8.385,8.592,8.906,10.1,11.038,13.425,14.004,,
"Venezuela, RB",VEN,"Death rate, crude (per 1,000 people)",SP.DYN.CDRT.IN,9.938,9.501,9.338,8.985,8.712,8.38,8.088,7.814,7.528,7.355,6.912,6.642,6.441,6.244,6.036,5.854,5.704,5.58,5.481,5.406,5.362,5.154,5.079,4.948,4.897,4.879,4.776,4.811,4.777,4.779,4.753,4.688,4.741,4.745,4.82,4.766,4.835,4.677,4.758,4.982,4.964,5.557,5.01,5.384,5.217,5.189,5.289,5.242,5.6,5.62,5.568,5.649,5.683,5.711,5.971,5.996,6.574,6.735,6.864,7.017,7.575,8.124,8.1,,
British Virgin Islands,VGB,"Death rate, crude (per 1,000 people)",SP.DYN.CDRT.IN,12.523,11.778,10.717,9.61,8.979,8.633,8.524,8.552,8.431,7.96,7.034,6.484,6.369,6.177,6.199,6.438,6.525,6.714,7.199,7.582,7.829,7.46,6.682,6.185,5.629,5.09,4.935,4.997,4.927,4.854,4.952,5.406,5.169,4.928,5.01,4.792,4.666,4.779,4.558,4.778,4.953,4.971,4.925,4.957,4.964,4.88,4.946,5.018,5.175,5.269,5.377,5.391,5.443,5.481,5.553,5.62,5.718,6.143,5.988,6.156,6.38,7.613,6.515,,
Virgin Islands (U.S.),VIR,"Death rate, crude (per 1,000 people)",SP.DYN.CDRT.IN,10,9.68,9.36,9.04,8.72,8.4,8.1,7.8,7.5,7.2,6.8,6.5,6.2,5.9,5.6,5.2,5.4,5.35,5.3,5.3,5.2,5.2,5.1,5.1,5,5,5,5,4.875,4.75,4.625,4.5,4.5,4.675,4.85,5.025,5.2,5.3,5,5.3,6,5.6,5.7,5.8,5.8,6.1,5.8,6.7,6.7,6.6,6.6,6.6,6.7,6.9,7.1,7.3,7.5,7.7,7.9,8.2,8.4,8.6,8.8,,
Viet Nam,VNM,"Death rate, crude (per 1,000 people)",SP.DYN.CDRT.IN,11.467,10.9,11.054,11.813,11.437,11.676,11.701,11.792,14.001,12.817,12.773,12.508,14.57,12.523,13,9.48,8.649,8.534,8.339,8.157,8.122,7.954,7.763,7.754,7.685,7.554,7.358,7.19,7.142,6.875,6.816,6.549,6.504,6.228,6.173,5.924,5.893,5.817,5.753,5.729,5.755,5.769,5.8,5.812,5.835,5.865,5.927,5.966,6.066,6.117,6.193,6.195,6.275,6.327,6.373,6.444,6.495,6.577,6.663,6.706,6.169,7.317,6.831,,
Vanuatu,VUT,"Death rate, crude (per 1,000 people)",SP.DYN.CDRT.IN,16.655,16.138,15.624,15.102,14.636,14.109,13.614,13.127,12.637,12.155,11.626,11.112,10.652,10.107,9.65,9.218,8.82,8.458,8.1,8.183,9.198,8.823,8.471,8.138,7.827,7.68,7.315,7.544,6.893,6.852,6.635,6.406,6.314,6.214,6.095,6.01,5.725,5.675,5.635,5.835,5.512,5.642,5.645,5.673,5.718,5.751,5.793,5.832,5.876,5.93,6.056,6.061,6.072,6.041,6.048,6.001,5.921,5.829,5.739,5.663,5.487,5.395,5.312,,
World,WLD,"Death rate, crude (per 1,000 people)",SP.DYN.CDRT.IN,17.2341254913345,14.5832939377514,13.6164985188679,13.4591291805959,13.5292751103444,13.3572905497885,12.939855546048,12.687222028332,12.4406891339189,12.2875124288142,12.1398932582013,12.2632382706644,11.7617667758091,11.4688810018691,11.3835638184726,11.3072020603216,11.1505886217805,10.7876626788349,10.5490619576359,10.3826790249015,10.3501940568321,10.1987307687688,10.1171356335209,10.1662407147209,10.0433402470467,9.92247452333324,9.73374986177912,9.5637899612294,9.52903627428197,9.30092178096296,9.26137388174831,9.22376020749671,9.14001915096397,9.14276225148319,9.1059074763929,8.98604292220804,8.88698380395277,8.75608576535661,8.69811294269177,8.58526127739029,8.49352556933214,8.41870553478693,8.36193248953214,8.29905313832744,8.2028632945307,8.15380474473476,8.07392404630547,8.03887650781162,8.03564433598639,7.91861709590891,7.8752431317084,7.78588320129082,7.73200337229862,7.65931992557108,7.58187341863372,7.57192209458954,7.513983991006,7.4965646643379,7.48970644648313,7.47219923843719,8.03342483844351,8.72793539272072,8.3790200710905,,
Samoa,WSM,"Death rate, crude (per 1,000 people)",SP.DYN.CDRT.IN,12.747,12.307,12.008,11.354,12.897,10.275,9.915,9.463,9.15,8.85,8.562,8.283,8.018,7.765,7.532,7.351,7.212,7.09,6.942,6.779,6.631,6.494,6.381,6.324,6.271,6.229,6.198,6.158,6.068,5.987,5.95,5.9,5.741,5.662,5.594,5.505,5.429,5.353,5.276,5.206,5.138,5.08,5.035,5.057,5.088,5.171,5.169,5.221,5.238,6.066,5.275,5.308,5.372,5.299,5.285,5.281,5.29,5.29,5.297,5.5,5.305,5.343,5.45,,
Kosovo,XKX,"Death rate, crude (per 1,000 people)",SP.DYN.CDRT.IN,10.631,10.362,10.134,9.903,9.652,9.379,9.131,8.933,8.776,8.628,8.393,8.258,8.097,7.871,7.705,7.506,7.343,7.135,6.915,6.712,6.676,6.494,6.422,6.301,6.157,6.002,5.856,5.658,5.58,5.475,5.421,5.327,5.157,5.042,4.968,4.919,4.878,4.838,5.569,6.437,4.986,4.992,5.014,5.021,5.032,5.037,5.172,4.864,4.596,4.568,4.659,4.661,4.56,4.593,4.645,4.841,4.973,5.262,5.505,5.56,7.505,7.22,5.709,,
"Yemen, Rep.",YEM,"Death rate, crude (per 1,000 people)",SP.DYN.CDRT.IN,33.038,32.711,33.206,33.593,32.144,31.544,30.847,30.091,29.151,27.538,26.538,25.58,24.718,23.866,22.951,22.125,21.245,20.342,19.391,18.569,17.608,16.739,16.108,15.009,14.221,13.592,14.067,12.484,11.981,11.588,11.198,10.878,10.562,10.236,10.104,9.642,9.343,8.932,8.666,8.306,7.94,7.565,7.203,6.898,6.662,6.413,6.208,5.954,5.77,5.651,5.602,5.554,5.582,5.507,5.566,6.137,6.052,6.082,6.629,6.416,6.509,6.845,6.824,,
South Africa,ZAF,"Death rate, crude (per 1,000 people)",SP.DYN.CDRT.IN,14.073,13.81,13.617,13.446,13.275,13.097,12.967,12.822,12.665,12.474,12.242,12.018,11.827,11.563,11.318,11.075,10.782,10.494,10.223,10.011,9.81,9.539,9.298,9.075,8.902,8.715,8.517,8.439,8.235,8.162,8.031,8.017,7.944,8.052,8.231,8.382,8.691,8.949,9.335,9.738,10.174,10.871,11.784,12.657,12.947,13.177,13.234,12.973,12.543,11.947,11.257,10.592,9.993,9.77,9.432,9.259,8.924,8.802,8.765,8.614,9.425,11.432,12.032,,
Zambia,ZMB,"Death rate, crude (per 1,000 people)",SP.DYN.CDRT.IN,17.285,17.019,16.789,16.558,16.685,16.234,16.14,16.042,15.975,15.775,15.527,15.171,14.751,14.302,13.909,13.656,13.444,13.371,13.394,13.436,13.52,13.533,13.614,13.828,14.157,14.602,15.053,15.438,15.836,16.239,16.597,17.001,17.243,17.315,17.392,17.434,17.483,17.511,17.509,17.4,16.876,16.145,15.292,14.32,13.45,12.659,11.933,11.351,10.67,9.961,9.219,8.763,8.267,7.788,7.408,7.196,6.941,6.809,6.748,6.571,6.602,6.973,6.716,,
Zimbabwe,ZWE,"Death rate, crude (per 1,000 people)",SP.DYN.CDRT.IN,14.221,13.919,13.585,13.235,12.899,12.566,12.259,12.02,11.813,11.629,11.441,11.373,11.302,11.339,11.308,11.3,11.561,11.821,12.592,12.561,11.069,10.122,9.776,9.442,8.91,8.492,8.17,8.117,8.17,8.424,8.747,9.259,9.947,10.829,11.755,12.825,13.755,14.357,15.15,16.301,16.801,19.048,16.953,17.805,16.989,16.82,16.436,16.27,15.604,14.804,13.281,11.857,10.691,9.787,9.123,8.774,8.441,8.266,7.972,8.043,8.132,9.057,8.943,,