"Data Source","World Development Indicators",

"Last Updated Date","2024-06-28",

"Country Name","Country Code","Indicator Name","Indicator Code","1960","1961","1962","1963","1964","1965","1966","1967","1968","1969","1970","1971","1972","1973","1974","1975","1976","1977","1978","1979","1980","1981","1982","1983","1984","1985","1986","1987","1988","1989","1990","1991","1992","1993","1994","1995","1996","1997","1998","1999","2000","2001","2002","2003","2004","2005","2006","2007","2008","2009","2010","2011","2012","2013","2014","2015","2016","2017","2018","2019","2020","2021","2022","2023",
"Aruba","ABW","Research and development expenditure (% of GDP)","GB.XPD.RSDV.GD.ZS","","","","","","","","","","","","","","","","","","","","","","","","","","","","","","","","","","","","","","","","","","","","","","","","","","","","","","","","","","","","","","","","",
"Africa Eastern and Southern","AFE","Research and development expenditure (% of GDP)","GB.XPD.RSDV.GD.ZS","","","","","","","","","","","","","","","","","","","","","","","","","","","","","","","","","","","","","","","","","","","","0.59464452463139","0.626202115763044","0.627616223039311","","0.661791789518898","","","0.586981535422348","","","","","","","","","","","","","",
"Afghanistan","AFG","Research and development expenditure (% of GDP)","GB.XPD.RSDV.GD.ZS","","","","","","","","","","","","","","","","","","","","","","","","","","","","","","","","","","","","","","","","","","","","","","","","","","","","","","","","","","","","","","","","",
"Africa Western and Central","AFW","Research and development expenditure (% of GDP)","GB.XPD.RSDV.GD.ZS","","","","","","","","","","","","","","","","","","","","","","","","","","","","","","","","","","","","","","","","","","","","","","","","0.151699395451419","","","","","","","","","","","","","","","","",
"Angola","AGO","Research and development expenditure (% of GDP)","GB.XPD.RSDV.GD.ZS","","","","","","","","","","","","","","","","","","","","","","","","","","","","","","","","","","","","","","","","","","","","","","","","","","","","","","","","","0.0322900004684925","","","","","","","",
"Albania","ALB","Research and development expenditure (% of GDP)","GB.XPD.RSDV.GD.ZS","","","","","","","","","","","","","","","","","","","","","","","","","","","","","","","","","","","","","","","","","","","","","","","","0.087569996714592","0.154119998216629","","","","","","","","","","","","","","","",
"Andorra","AND","Research and development expenditure (% of GDP)","GB.XPD.RSDV.GD.ZS","","","","","","","","","","","","","","","","","","","","","","","","","","","","","","","","","","","","","","","","","","","","","","","","","","","","","","","","","","","","","","","","",
"Arab World","ARB","Research and development expenditure (% of GDP)","GB.XPD.RSDV.GD.ZS","","","","","","","","","","","","","","","","","","","","","","","","","","","","","","","","","","","","","","","","","","","","","","","","","","","","0.556098181735792","","","","","","","","","0.703443475551281","0.70904434309533","","",
"United Arab Emirates","ARE","Research and development expenditure (% of GDP)","GB.XPD.RSDV.GD.ZS","","","","","","","","","","","","","","","","","","","","","","","","","","","","","","","","","","","","","","","","","","","","","","","","","","","","0.486220002174377","","","0.675230026245117","0.865700006484985","0.931800007820129","","1.26389002799988","1.31064999103546","1.48830997943878","1.49524998664856","","",
"Argentina","ARG","Research and development expenditure (% of GDP)","GB.XPD.RSDV.GD.ZS","","","","","","","","","","","","","","","","","","","","","","","","","","","","","","","","","","","","","0.417490005493164","0.419589996337891","0.411309987306595","0.453370004892349","0.438840001821518","0.424609988927841","0.388859987258911","0.410129994153976","0.403759986162186","0.420740008354187","0.452160000801086","0.460070013999939","0.470550000667572","0.583980023860931","0.561039984226227","0.565970003604889","0.634909987449646","0.618489980697632","0.593959987163544","0.622619986534119","0.558149993419647","0.556309998035431","0.488299995660782","0.478130012750626","0.541540026664734","0.517639994621277","","",
"Armenia","ARM","Research and development expenditure (% of GDP)","GB.XPD.RSDV.GD.ZS","","","","","","","","","","","","","","","","","","","","","","","","","","","","","","","","","","","","","","0.186920002102852","0.226009994745255","0.214000001549721","0.1910600066185","0.279870003461838","0.252550005912781","0.321090012788773","0.256590008735657","0.257609993219376","0.240569993853569","0.211070001125336","0.224380001425743","0.29093000292778","0.241390004754066","0.270139992237091","0.238529995083809","0.222159996628761","0.241510003805161","0.250019997358322","0.233050003647804","0.227880001068115","0.188759997487068","0.178540006279945","0.209199994802475","0.205829992890358","0.209659993648529","",
"American Samoa","ASM","Research and development expenditure (% of GDP)","GB.XPD.RSDV.GD.ZS","","","","","","","","","","","","","","","","","","","","","","","","","","","","","","","","","","","","","","","","","","","","0.187869995832443","0.325280010700226","0.366919994354248","0.395520001649857","","","","","","","","","","","","","","","","","",
"Antigua and Barbuda","ATG","Research and development expenditure (% of GDP)","GB.XPD.RSDV.GD.ZS","","","","","","","","","","","","","","","","","","","","","","","","","","","","","","","","","","","","","","","","","","","","","","","","","","","","","","","","","","","","","","","","",
"Australia","AUS","Research and development expenditure (% of GDP)","GB.XPD.RSDV.GD.ZS","","","","","","","","","","","","","","","","","","","","","","","","","","","","","","","","","","","","","1.66231000423431","","1.5135600566864","","1.5731999874115","","1.74749004840851","","1.84902000427246","","2.18010997772217","","2.39995002746582","","2.37074995040894","2.23483991622925","","2.17843008041382","","1.92070996761322","","1.87977004051208","","1.82892000675201","","","","",
"Austria","AUT","Research and development expenditure (% of GDP)","GB.XPD.RSDV.GD.ZS","","","","","","","","","","","","","","","","","","","","","","","","","","","","","","","","","","","","","1.58077001571655","1.65490996837616","1.73154997825623","1.845370054245","1.88601994514465","1.99210000038147","2.06597995758057","2.17456007003784","2.16612005233765","2.37323999404907","2.35923004150391","2.41843008995056","2.56944990158081","2.59674000740051","2.72609996795654","2.66867995262146","2.91472005844116","2.95492005348206","3.08429002761841","3.04969000816345","3.11654996871948","3.05656003952026","3.09182000160217","3.13246989250183","3.20148992538452","3.25631999969482","","",
"Azerbaijan","AZE","Research and development expenditure (% of GDP)","GB.XPD.RSDV.GD.ZS","","","","","","","","","","","","","","","","","","","","","","","","","","","","","","","","","","","","","0.235330000519753","0.369500011205673","0.421249985694885","0.392890006303787","0.335999995470047","0.340009987354279","0.301550000905991","0.324959993362427","0.29831001162529","0.219940006732941","0.171650007367134","0.170059993863106","0.165539994835854","0.249760001897812","0.218480005860329","0.210840001702309","0.214269995689392","0.209690004587173","0.209779992699623","0.222320005297661","0.206369996070862","0.184679999947548","0.184159994125366","0.200130000710487","0.223900005221367","0.208360001444817","0.151470005512238","",
"Burundi","BDI","Research and development expenditure (% of GDP)","GB.XPD.RSDV.GD.ZS","","","","","","","","","","","","","","","","","","","","","","","","","","","","","","","","","","","","","","","","","","","","","","","","0.200680002570152","0.154170006513596","0.140959993004799","0.137189999222755","","0.107019998133183","","","","","","0.213119998574257","","","","","",
"Belgium","BEL","Research and development expenditure (% of GDP)","GB.XPD.RSDV.GD.ZS","","","","","","","","","","","","","","","","","","","","","","","","","","","","","","","","","","","","","1.74299001693726","1.80971002578735","1.838250041008","1.90565001964569","1.93619000911713","2.03278994560242","1.90324997901917","1.8411899805069","1.82050001621246","1.79060995578766","1.8226900100708","1.84999001026154","1.93684005737305","1.99860000610352","2.06188011169434","2.17332005500793","2.28114008903503","2.33072996139526","2.37001991271973","2.42816996574402","2.52338004112244","2.66666007041931","2.86017990112305","3.15659999847412","3.39697003364563","3.42979001998901","","",
"Benin","BEN","Research and development expenditure (% of GDP)","GB.XPD.RSDV.GD.ZS","","","","","","","","","","","","","","","","","","","","","","","","","","","","","","","","","","","","","","","","","","","","","","","","","","","","","","","","","","","","","","","","",
"Burkina Faso","BFA","Research and development expenditure (% of GDP)","GB.XPD.RSDV.GD.ZS","","","","","","","","","","","","","","","","","","","","","","","","","","","","","","","","","","","","","0.158340007066727","0.18104000389576","","","","0.168160006403923","0.301109999418259","0.241119995713234","0.215139999985695","0.151659995317459","","0.098360002040863","0.165680006146431","0.177870005369186","","","","","0.197190001606941","","","0.613610029220581","","0.172780007123947","0.248239994049072","0.250059992074966","","",
"Bangladesh","BGD","Research and development expenditure (% of GDP)","GB.XPD.RSDV.GD.ZS","","","","","","","","","","","","","","","","","","","","","","","","","","","","","","","","","","","","","","","","","","","","","","","","","","","","","","","","","","","","","","","","",
"Bulgaria","BGR","Research and development expenditure (% of GDP)","GB.XPD.RSDV.GD.ZS","","","","","","","","","","","","","","","","","","","","","","","","","","","","","","","","","","","","","0.418260008096695","0.465479999780655","0.482230007648468","0.536880016326904","0.495169997215271","0.447089999914169","0.464729994535446","0.472220003604889","0.470860004425049","0.442690014839172","0.44216001033783","0.430029988288879","0.447310000658035","0.493380010128021","0.563069999217987","0.529510021209717","0.600359976291656","0.634329974651337","0.790050029754639","0.949169993400574","0.769760012626648","0.739950001239777","0.753790020942688","0.832360029220581","0.849240005016327","0.772599995136261","","",
"Bahrain","BHR","Research and development expenditure (% of GDP)","GB.XPD.RSDV.GD.ZS","","","","","","","","","","","","","","","","","","","","","","","","","","","","","","","","","","","","","","","","","","","","","","","","","","","","","","","0.101159997284412","","","","","","","","","",
"Bahamas, The","BHS","Research and development expenditure (% of GDP)","GB.XPD.RSDV.GD.ZS","","","","","","","","","","","","","","","","","","","","","","","","","","","","","","","","","","","","","","","","","","","","","","","","","","","","","","","","","","","","","","","","",
"Bosnia and Herzegovina","BIH","Research and development expenditure (% of GDP)","GB.XPD.RSDV.GD.ZS","","","","","","","","","","","","","","","","","","","","","","","","","","","","","","","","","","","","","","","","","","","","0.0182600002735853","0.0159000009298325","0.0269699990749359","0.0196899995207787","0.0252100005745888","0.0184199996292591","0.021059999242425","","","0.265329986810684","0.321319997310638","0.257250010967255","0.21603000164032","0.213369995355606","0.197799995541573","0.191990002989769","0.190009996294975","0.203250005841255","0.190540000796318","0.187490001320839","",
"Belarus","BLR","Research and development expenditure (% of GDP)","GB.XPD.RSDV.GD.ZS","","","","","","","","","","","","","","","","","","","","","","","","","","","","","","","","","","","","","0.998520016670227","0.730000019073486","0.705780029296875","0.845229983329773","0.722100019454956","0.708760023117065","0.620899975299835","0.611469984054565","0.627590000629425","0.678520023822784","0.660650014877319","0.962029993534088","0.741469979286194","0.621670007705688","0.669130027294159","0.677600026130676","0.646030008792877","0.651910006999969","0.505479991436005","0.499989986419678","0.500630021095276","0.584110021591187","0.604430019855499","0.577329993247986","0.539009988307953","0.459809988737106","0.48063999414444","",
"Belize","BLZ","Research and development expenditure (% of GDP)","GB.XPD.RSDV.GD.ZS","","","","","","","","","","","","","","","","","","","","","","","","","","","","","","","","","","","","","","","","","","","","","","","","","","","","","","","","","","","","","","","","",
"Bermuda","BMU","Research and development expenditure (% of GDP)","GB.XPD.RSDV.GD.ZS","","","","","","","","","","","","","","","","","","","","","","","","","","","","","","","","","","","","","","0.0588500015437603","","","","","","","","","","0.160260006785393","0.1684799939394","0.182349994778633","0.180500000715256","0.261949986219406","0.233549997210503","0.196299999952316","0.190830007195473","0.195069998502731","","","0.22851000726223","0.264510005712509","0.22545999288559","","","",
"Bolivia","BOL","Research and development expenditure (% of GDP)","GB.XPD.RSDV.GD.ZS","","","","","","","","","","","","","","","","","","","","","","","","","","","","","","","","","","","","","0.325439989566803","0.315770000219345","0.294950008392334","0.298359990119934","0.287440001964569","0.293579995632172","0.276630014181137","","","","","","","0.157000005245209","","","","","","","","","","","","","","",
"Brazil","BRA","Research and development expenditure (% of GDP)","GB.XPD.RSDV.GD.ZS","","","","","","","","","","","","","","","","","","","","","","","","","","","","","","","","","","","","","","","","","1.04751002788544","1.06198000907898","1.0096800327301","0.999390006065369","0.963429987430573","1.00246000289917","0.988070011138916","1.08138000965118","1.12904000282288","1.11865997314453","1.15991997718811","1.13966000080109","1.12683999538422","1.19567000865936","1.26970994472504","1.37092995643616","1.28637003898621","1.11749994754791","1.16769003868103","1.21096003055573","1.14525997638702","","","",
"Barbados","BRB","Research and development expenditure (% of GDP)","GB.XPD.RSDV.GD.ZS","","","","","","","","","","","","","","","","","","","","","","","","","","","","","","","","","","","","","","","","","","","","","","","","","","","","","","","","","","","","","","","","",
"Brunei Darussalam","BRN","Research and development expenditure (% of GDP)","GB.XPD.RSDV.GD.ZS","","","","","","","","","","","","","","","","","","","","","","","","","","","","","","","","","","","","","","","","","","","0.0159200001507998","0.0184199996292591","0.0370099991559982","","","","","","","","","","","","","","0.277630001306534","","","","","",
"Bhutan","BTN","Research and development expenditure (% of GDP)","GB.XPD.RSDV.GD.ZS","","","","","","","","","","","","","","","","","","","","","","","","","","","","","","","","","","","","","","","","","","","","","","","","","","","","","","","","","","","","","","","","",
"Botswana","BWA","Research and development expenditure (% of GDP)","GB.XPD.RSDV.GD.ZS","","","","","","","","","","","","","","","","","","","","","","","","","","","","","","","","","","","","","","","","","","","","","","0.532859981060028","","","","","","","0.26758998632431","0.560999989509583","","","","","","","","","","",
"Central African Republic","CAF","Research and development expenditure (% of GDP)","GB.XPD.RSDV.GD.ZS","","","","","","","","","","","","","","","","","","","","","","","","","","","","","","","","","","","","","","","","","","","","","","","","","","","","","","","","","","","","","","","","",
"Canada","CAN","Research and development expenditure (% of GDP)","GB.XPD.RSDV.GD.ZS","","","","","","","","","","","","","","","","","","","","","","","","","","","","","","","","","","","","","1.60681998729706","1.61386001110077","1.71051001548767","1.74985003471375","1.85847997665405","2.02116990089417","1.97170996665955","1.96781003475189","1.99733996391296","1.97126996517181","1.94304001331329","1.90357995033264","1.85578000545502","1.9174200296402","1.82527995109558","1.78714001178741","1.77232003211975","1.70539999008179","1.71416997909546","1.69324004650116","1.72903001308441","1.68701994419098","1.73720002174377","1.75573003292084","1.89484000205994","1.69727003574371","1.55182003974915","",
"Central Europe and the Baltics","CEB","Research and development expenditure (% of GDP)","GB.XPD.RSDV.GD.ZS","","","","","","","","","","","","","","","","","","","","","","","","","","","","","","","","","","","","","0.723923257021461","0.749715330992425","0.732313134279524","0.736805130603361","0.745390810394543","0.749713005465944","0.738677554366354","0.730717869387512","0.734040628303129","0.735126948620872","0.751657578286514","0.755638251284493","0.781211890450511","0.825242873913576","0.872072488784128","0.953395403468146","1.05233377395961","1.06542331016953","1.09065959436481","1.14080794246261","1.02574846160436","1.08498271222488","1.19136959144665","1.24551960016792","1.30539477780772","1.32843229817929","","",
"Switzerland","CHE","Research and development expenditure (% of GDP)","GB.XPD.RSDV.GD.ZS","","","","","","","","","","","","","","","","","","","","","","","","","","","","","","","","","","","","","2.37649011611938","","","","2.26385998725891","","","","2.60818004608154","","","","2.65296006202698","","","","2.8745698928833","","","3.07832002639771","","3.07698011398315","","3.19679999351501","","3.35917997360229","","",
"Channel Islands","CHI","Research and development expenditure (% of GDP)","GB.XPD.RSDV.GD.ZS","","","","","","","","","","","","","","","","","","","","","","","","","","","","","","","","","","","","","","","","","","","","","","","","","","","","","","","","","","","","","","","","",
"Chile","CHL","Research and development expenditure (% of GDP)","GB.XPD.RSDV.GD.ZS","","","","","","","","","","","","","","","","","","","","","","","","","","","","","","","","","","","","","","","","","","","","","","","","0.311430007219315","0.374920010566711","0.354030013084412","0.331649988889694","0.352880001068115","0.362129986286163","0.390300005674362","0.376679986715317","0.382959991693497","0.371030002832413","0.356790006160736","0.369159996509552","0.342049986124039","0.334960013628006","","","",
"China","CHN","Research and development expenditure (% of GDP)","GB.XPD.RSDV.GD.ZS","","","","","","","","","","","","","","","","","","","","","","","","","","","","","","","","","","","","","0.563239991664886","0.638729989528656","0.646889984607697","0.749629974365234","0.893159985542297","0.940330028533936","1.05786001682281","1.12037003040314","1.21498000621796","1.30791997909546","1.36854004859924","1.37369000911713","1.44591999053955","1.66480004787445","1.7137199640274","1.78033995628357","1.91214001178741","1.99785995483398","2.02242994308472","2.05700993537903","2.10033011436462","2.11602997779846","2.14057993888855","2.2446300983429","2.40666007995605","2.4326000213623","","",
"Cote d'Ivoire","CIV","Research and development expenditure (% of GDP)","GB.XPD.RSDV.GD.ZS","","","","","","","","","","","","","","","","","","","","","","","","","","","","","","","","","","","","","","","","","","","","","","","","","","","","","","","","","0.069750003516674","","","","","","","",
"Cameroon","CMR","Research and development expenditure (% of GDP)","GB.XPD.RSDV.GD.ZS","","","","","","","","","","","","","","","","","","","","","","","","","","","","","","","","","","","","","","","","","","","","","","","","","","","","","","","","","","","","","","","","",
"Congo, Dem. Rep.","COD","Research and development expenditure (% of GDP)","GB.XPD.RSDV.GD.ZS","","","","","","","","","","","","","","","","","","","","","","","","","","","","","","","","","","","","","","","","","","","","","0.267769992351532","0.0579899996519089","0.0604400001466274","0.136089995503426","0.0825299993157387","0.0782200023531914","","","","","","0.406379997730255","","","","","","","","",
"Congo, Rep.","COG","Research and development expenditure (% of GDP)","GB.XPD.RSDV.GD.ZS","","","","","","","","","","","","","","","","","","","","","","","","","","","","","","","","","","","","","","","","","","","","","","","","","","","","","","","","","","","","","","","0.414900004863739","",
"Colombia","COL","Research and development expenditure (% of GDP)","GB.XPD.RSDV.GD.ZS","","","","","","","","","","","","","","","","","","","","","","","","","","","","","","","","","","","","","","","","","0.131060004234314","0.13289999961853","0.155589997768402","0.173979997634888","0.169640004634857","0.165570005774498","0.164269998669624","0.183070003986359","0.195409998297691","0.193509995937347","0.193580001592636","0.198420003056526","0.221159994602203","0.257609993219376","0.303169995546341","0.365420013666153","0.270509988069534","0.261090010404587","0.312330007553101","0.322010010480881","0.289609998464584","","","",
"Comoros","COM","Research and development expenditure (% of GDP)","GB.XPD.RSDV.GD.ZS","","","","","","","","","","","","","","","","","","","","","","","","","","","","","","","","","","","","","","","","","","","","","","","","","","","","","","","","","","","","","","","","",
"Cabo Verde","CPV","Research and development expenditure (% of GDP)","GB.XPD.RSDV.GD.ZS","","","","","","","","","","","","","","","","","","","","","","","","","","","","","","","","","","","","","","","","","","","","","","","","","","","","0.0662200003862381","","","","","","","","","","","","",
"Costa Rica","CRI","Research and development expenditure (% of GDP)","GB.XPD.RSDV.GD.ZS","","","","","","","","","","","","","","","","","","","","","","","","","","","","","","","","","","","","","0.302210003137589","0.29569000005722","0.265260010957718","0.367590010166168","0.411350011825562","","","0.361900001764297","0.372880011796951","","0.426930010318756","0.356550008058548","0.385930001735687","0.517180025577545","0.479900002479553","0.462350010871887","0.547129988670349","0.542530000209808","0.556270003318787","0.436650007963181","0.443349987268448","0.425870001316071","0.3714399933815","","0.330020010471344","0.275310009717941","","",
"Caribbean small states","CSS","Research and development expenditure (% of GDP)","GB.XPD.RSDV.GD.ZS","","","","","","","","","","","","","","","","","","","","","","","","","","","","","","","","","","","","","","","","","","","","","","","","","","","","","","","","","","","","","","","","",
"Cuba","CUB","Research and development expenditure (% of GDP)","GB.XPD.RSDV.GD.ZS","","","","","","","","","","","","","","","","","","","","","","","","","","","","","","","","","","","","","0.347359985113144","0.401719987392426","0.501240015029907","0.458319991827011","0.478650003671646","0.565299987792969","0.564450025558472","0.582430005073547","0.602310001850128","0.549199998378754","0.441390007734299","0.436150014400482","0.500609993934631","0.614849984645844","0.6076700091362","0.271919995546341","0.407160013914108","0.474669992923737","0.415960013866425","0.428539991378784","0.34222999215126","0.430660009384155","0.536909997463226","0.553080022335052","0.518379986286163","0.322820007801056","","",
"Curacao","CUW","Research and development expenditure (% of GDP)","GB.XPD.RSDV.GD.ZS","","","","","","","","","","","","","","","","","","","","","","","","","","","","","","","","","","","","","","","","","","","","","","","","","","","","","","","","","","","","","","","","",
"Cayman Islands","CYM","Research and development expenditure (% of GDP)","GB.XPD.RSDV.GD.ZS","","","","","","","","","","","","","","","","","","","","","","","","","","","","","","","","","","","","","","","","","","","","","","","","","","","","","","","","","","","","","","","","",
"Cyprus","CYP","Research and development expenditure (% of GDP)","GB.XPD.RSDV.GD.ZS","","","","","","","","","","","","","","","","","","","","","","","","","","","","","","","","","","","","","","","0.203309997916222","0.218060001730919","0.226899996399879","0.236939996480942","0.279670000076294","0.318340003490448","0.335640013217926","0.367269992828369","0.383459985256195","0.400070011615753","0.385939985513687","0.444370001554489","0.442919999361038","0.452630013227463","0.437649995088577","0.484849989414215","0.512049973011017","0.47529000043869","0.519699990749359","0.542590022087097","0.614049971103668","0.709500014781952","0.843869984149933","0.830590009689331","","",
"Czechia","CZE","Research and development expenditure (% of GDP)","GB.XPD.RSDV.GD.ZS","","","","","","","","","","","","","","","","","","","","","","","","","","","","","","","","","","","","","0.889119982719421","0.988189995288849","1.06022000312805","1.04956996440887","1.10996997356415","1.09870994091034","1.09818994998932","1.14209997653961","1.13935005664825","1.16100001335144","1.22541999816895","1.29571998119354","1.23357999324799","1.28656005859375","1.32669997215271","1.54477000236511","1.76967000961304","1.87924003601074","1.95833003520966","1.91689002513885","1.67002999782562","1.76855003833771","1.89906001091003","1.92734003067017","1.98599004745483","1.99600994586945","","",
"Germany","DEU","Research and development expenditure (% of GDP)","GB.XPD.RSDV.GD.ZS","","","","","","","","","","","","","","","","","","","","","","","","","","","","","","","","","","","","","2.1446099281311","2.18831992149353","2.21613001823425","2.34779000282288","2.40982007980347","2.40437006950378","2.4362199306488","2.47461009025574","2.43518996238708","2.44193005561829","2.47232007980347","2.4604799747467","2.61512994766235","2.74266004562378","2.73024010658264","2.80555009841919","2.88165998458862","2.8359899520874","2.87784004211426","2.9337899684906","2.94039011001587","3.04710006713867","3.11011004447937","3.16778993606567","3.12979006767273","3.14246010780334","","",
"Djibouti","DJI","Research and development expenditure (% of GDP)","GB.XPD.RSDV.GD.ZS","","","","","","","","","","","","","","","","","","","","","","","","","","","","","","","","","","","","","","","","","","","","","","","","","","","","","","","","","","","","","","","","",
"Dominica","DMA","Research and development expenditure (% of GDP)","GB.XPD.RSDV.GD.ZS","","","","","","","","","","","","","","","","","","","","","","","","","","","","","","","","","","","","","","","","","","","","","","","","","","","","","","","","","","","","","","","","",
"Denmark","DNK","Research and development expenditure (% of GDP)","GB.XPD.RSDV.GD.ZS","","","","","","","","","","","","","","","","","","","","","","","","","","","","","","","","","","","","","1.80666995048523","1.88914000988007","2.00619006156921","2.12764000892639","2.18619990348816","2.32466006278992","2.44145011901855","2.51084995269775","2.41915988922119","2.3933699131012","2.40300011634827","2.51540994644165","2.77345991134644","3.05514001846313","2.91706991195679","2.94464993476868","2.98125004768372","2.97047996520996","2.9140899181366","3.05497002601624","3.09282994270325","2.93124008178711","2.96602988243103","2.89685010910034","2.96872997283936","2.81261992454529","","",
"Dominican Republic","DOM","Research and development expenditure (% of GDP)","GB.XPD.RSDV.GD.ZS","","","","","","","","","","","","","","","","","","","","","","","","","","","","","","","","","","","","","","","","","","","","","","","","","","","","","","","","","","","","","","","","",
"Algeria","DZA","Research and development expenditure (% of GDP)","GB.XPD.RSDV.GD.ZS","","","","","","","","","","","","","","","","","","","","","","","","","","","","","","","","","","","","","","","","","","0.230279996991158","0.366400003433228","0.196229994297028","0.163570001721382","0.066040001809597","","","","","","","","","","","","0.534319996833801","","","","","","",
"East Asia & Pacific (excluding high income)","EAP","Research and development expenditure (% of GDP)","GB.XPD.RSDV.GD.ZS","","","","","","","","","","","","","","","","","","","","","","","","","","","","","","","","","","","","","0.46194143823194","0.563729805105876","0.626662753767115","0.692680446403363","0.727818471783198","0.797559502779469","0.909225185609457","1.00399676053754","1.10522976876559","1.17722126129046","1.2477956658167","1.24506109134426","1.34438848674662","1.40017027740849","1.68483944482899","1.61397375750613","1.8807325430988","1.70742861026796","1.94167342412826","1.90636880727344","1.90315412947088","1.90009849702768","1.91207217374466","2.02398953025197","2.19732042220148","2.35046192574672","","",
"Early-demographic dividend","EAR","Research and development expenditure (% of GDP)","GB.XPD.RSDV.GD.ZS","","","","","","","","","","","","","","","","","","","","","","","","","","","","","","","","","","","","","","","","","0.596918277813074","0.6115432544758","0.630370288685445","0.609700768125853","0.618389224447794","0.608340823001367","0.632587635365276","0.650853770337362","0.6840344443101","0.618098895047015","0.723409976851165","0.714120346793812","0.702021323311959","0.618020349993275","","0.714057638078513","0.753861989675941","0.721132169971731","0.734995775032616","0.762998712204167","0.826069109899887","","","",
"East Asia & Pacific","EAS","Research and development expenditure (% of GDP)","GB.XPD.RSDV.GD.ZS","","","","","","","","","","","","","","","","","","","","","","","","","","","","","","","","","","","","","2.18549354953732","2.26123739606345","2.22871658747764","2.29851943471947","2.23413268561969","2.28037986191264","2.24631911122414","2.32919007600123","2.31487074782677","2.39689101259065","2.39739501139208","2.34898087623511","2.35201601930812","2.24867203434382","2.39839681724099","2.32882375654306","2.48368511226115","2.27679712426346","2.4750273549477","2.32293305161072","2.33944076911077","2.31529481813689","2.35517683040646","2.39434190783276","2.57988343757643","2.67970992324757","","",
"Europe & Central Asia (excluding high income)","ECA","Research and development expenditure (% of GDP)","GB.XPD.RSDV.GD.ZS","","","","","","","","","","","","","","","","","","","","","","","","","","","","","","","","","","","","","","0.61012017458266","0.462647499409776","0.523619935966975","0.496946512461068","0.537555663421062","0.537128913441455","0.502409376412087","0.512795652520338","0.561617078389897","0.541463000157029","0.617253034920862","0.603287618181523","0.669549896253055","0.650079483003252","0.623469252946832","0.642560849223316","0.624127618522089","0.632204330410518","0.654879253687074","0.818170256573976","0.833684362811437","0.855519069177713","0.855971191394768","0.877928639222023","0.885774721111603","","",
"Europe & Central Asia","ECS","Research and development expenditure (% of GDP)","GB.XPD.RSDV.GD.ZS","","","","","","","","","","","","","","","","","","","","","","","","","","","","","","","","","","","","","1.65179242766275","1.63595281169353","1.60439167757011","1.69694250973787","1.68182689209051","1.71821762540018","1.69488810835971","1.71928053424122","1.69470981460392","1.64924043072995","1.65745225598834","1.65858687341769","1.72074582035765","1.81132069640749","1.77410661717114","1.78067536724028","1.82529229174408","1.80643114282241","1.92744410892082","1.99733792074279","1.9850702265782","2.03969884526161","2.0782800429101","2.1361510671603","2.20555863113427","2.20286759387916","","",
"Ecuador","ECU","Research and development expenditure (% of GDP)","GB.XPD.RSDV.GD.ZS","","","","","","","","","","","","","","","","","","","","","","","","","","","","","","","","","","","","","0.0740600004792213","0.0626299977302551","0.0651699975132942","","","0.0515000000596046","0.0553399994969368","0.0573499985039234","","","0.128629997372627","0.131940007209778","0.227789998054504","0.394630014896393","0.402969986200333","0.339910000562668","0.332359999418259","0.379900008440018","0.442660003900528","","","","","","","","","",
"Egypt, Arab Rep.","EGY","Research and development expenditure (% of GDP)","GB.XPD.RSDV.GD.ZS","","","","","","","","","","","","","","","","","","","","","","","","","","","","","","","","","","","","","0.212599992752075","0.197559997439384","0.199100002646446","0.186509996652603","0.192469999194145","","","","0.269939988851547","0.241410002112389","0.259030014276505","0.255100011825562","0.270240008831024","0.433120012283325","0.433450013399124","0.531539976596832","0.508989989757538","0.638949990272522","0.636489987373352","0.718580007553101","0.708480000495911","0.644860029220581","0.688390016555786","0.796169996261597","0.915639996528625","0.911750018596649","1.01968002319336","",
"Euro area","EMU","Research and development expenditure (% of GDP)","GB.XPD.RSDV.GD.ZS","","","","","","","","","","","","","","","","","","","","","","","","","","","","","","","","","","","","","1.74001460435402","1.7138243804873","1.7410362093221","1.76388171671245","1.80656864137262","1.79475312806306","1.83621061077512","1.803122208896","1.78098940061368","1.77715103443543","1.79811440101187","1.80365711151736","1.88720997577087","1.9833423425063","1.99027733980527","2.03617718852674","2.09203487175507","2.11133378515838","2.14316617214804","2.13310080013904","2.13690011850258","2.17643868672794","2.21090341494064","2.2546923130172","2.33187782444536","2.30710228329297","","",
"Eritrea","ERI","Research and development expenditure (% of GDP)","GB.XPD.RSDV.GD.ZS","","","","","","","","","","","","","","","","","","","","","","","","","","","","","","","","","","","","","","","","","","","","","","","","","","","","","","","","","","","","","","","","",
"Spain","ESP","Research and development expenditure (% of GDP)","GB.XPD.RSDV.GD.ZS","","","","","","","","","","","","","","","","","","","","","","","","","","","","","","","","","","","","","0.78753000497818","0.777809977531433","0.848039984703064","0.838540017604828","0.882759988307953","0.888329982757568","0.959710001945496","1.02373003959656","1.04088997840881","1.09956002235413","1.17701995372772","1.24053001403809","1.32500004768372","1.36363995075226","1.35995995998383","1.33341002464294","1.29876005649567","1.27481997013092","1.24159002304077","1.22178995609283","1.18985998630524","1.20976996421814","1.24151003360748","1.25024998188019","1.41039001941681","1.42929005622864","","",
"Estonia","EST","Research and development expenditure (% of GDP)","GB.XPD.RSDV.GD.ZS","","","","","","","","","","","","","","","","","","","","","","","","","","","","","","","","","","","","","","","0.565010011196136","0.677079975605011","0.600000023841858","0.698390007019043","0.712029993534088","0.764649987220764","0.845839977264404","0.917050004005432","1.11276996135712","1.05874001979828","1.25188004970551","1.39679002761841","1.57898998260498","2.30521988868713","2.12480998039246","1.72412002086639","1.43023002147675","1.4677699804306","1.24305999279022","1.27684998512268","1.40998995304108","1.63145995140076","1.75092005729675","1.75215005874634","","",
"Ethiopia","ETH","Research and development expenditure (% of GDP)","GB.XPD.RSDV.GD.ZS","","","","","","","","","","","","","","","","","","","","","","","","","","","","","","","","","","","","","","","","","","","","","","0.179169997572899","","0.170890003442764","","","0.241370007395744","","","0.604740023612976","","","","0.274370014667511","","","","","","",
"European Union","EUU","Research and development expenditure (% of GDP)","GB.XPD.RSDV.GD.ZS","","","","","","","","","","","","","","","","","","","","","","","","","","","","","","","","","","","","","1.69858777153555","1.73081739982738","1.69958171383037","1.78386588408446","1.76288436512478","1.82147894629213","1.78978741061594","1.82544261378193","1.79362119790665","1.78185747608742","1.80252427321134","1.79652198185392","1.87383470022772","1.96824031543893","1.96921742553558","2.01573426050411","2.07675657691599","2.09694940991234","2.118047975172","2.11806093001973","2.11736799726794","2.1525297409958","2.18526648673907","2.22390882562495","2.3005116821758","2.27590757875879","","",
"Fragile and conflict affected situations","FCS","Research and development expenditure (% of GDP)","GB.XPD.RSDV.GD.ZS","","","","","","","","","","","","","","","","","","","","","","","","","","","","","","","","","","","","","","","","","","","","","","","","0.271266279572721","","","","","","","","","","","","","","","","",
"Finland","FIN","Research and development expenditure (% of GDP)","GB.XPD.RSDV.GD.ZS","","","","","","","","","","","","","","","","","","","","","","","","","","","","","","","","","","","","","2.45255994796753","2.62157988548279","2.78442001342773","3.0561900138855","3.24137997627258","3.19372010231018","3.25307989120483","3.29821991920471","3.30907011032104","3.32369995117188","3.33214998245239","3.33703994750977","3.53696990013123","3.73401999473572","3.70531988143921","3.61806011199951","3.3983199596405","3.27136993408203","3.14751005172729","2.87195992469788","2.72442007064819","2.72786998748779","2.75748991966248","2.79960989952087","2.91243004798889","2.98934006690979","","",
"Fiji","FJI","Research and development expenditure (% of GDP)","GB.XPD.RSDV.GD.ZS","","","","","","","","","","","","","","","","","","","","","","","","","","","","","","","","","","","","","","","","","","","","","","","","","","","","","","","","","","","","","","","","",
"France","FRA","Research and development expenditure (% of GDP)","GB.XPD.RSDV.GD.ZS","","","","","","","","","","","","","","","","","","","","","","","","","","","","","","","","","","","","","2.2228000164032","2.14699006080627","2.09475994110107","2.10767006874084","2.09346008300781","2.13804006576538","2.17448997497559","2.11994004249573","2.09460997581482","2.05151009559631","2.05094003677368","2.0245099067688","2.06117010116577","2.21206998825073","2.17857003211975","2.19161009788513","2.22707009315491","2.23703002929688","2.27591991424561","2.2270200252533","2.22237992286682","2.1988799571991","2.19666004180908","2.19179010391235","2.28188991546631","2.2191801071167","","",
"Faroe Islands","FRO","Research and development expenditure (% of GDP)","GB.XPD.RSDV.GD.ZS","","","","","","","","","","","","","","","","","","","","","","","","","","","","","","","","","","","","","","","","","","","","0.852530002593994","","","","","","","","","","","","","","","","","","","","",
"Micronesia, Fed. Sts.","FSM","Research and development expenditure (% of GDP)","GB.XPD.RSDV.GD.ZS","","","","","","","","","","","","","","","","","","","","","","","","","","","","","","","","","","","","","","","","","","","","","","","","","","","","","","","","","","","","","","","","",
"Gabon","GAB","Research and development expenditure (% of GDP)","GB.XPD.RSDV.GD.ZS","","","","","","","","","","","","","","","","","","","","","","","","","","","","","","","","","","","","","","","","","","","","","","","","0.416330009698868","0.510900020599365","0.579240024089813","","","","","","","","","","","","","","",
"United Kingdom","GBR","Research and development expenditure (% of GDP)","GB.XPD.RSDV.GD.ZS","","","","","","","","","","","","","","","","","","","","","","","","","","","","","","","","","","","","","1.57321000099182","1.53640997409821","1.54648995399475","1.62127995491028","1.60906004905701","1.59658002853394","1.61372995376587","1.57962000370026","1.52997994422913","1.54904997348785","1.57539999485016","1.61708998680115","1.6078599691391","1.66659998893738","1.63496994972229","1.6452100276947","1.57631003856659","1.62011003494263","2.26449990272522","2.27027010917664","2.31145000457764","2.3231999874115","2.70481991767883","2.66551995277405","2.93144011497498","2.91476011276245","","",
"Georgia","GEO","Research and development expenditure (% of GDP)","GB.XPD.RSDV.GD.ZS","","","","","","","","","","","","","","","","","","","","","","","","","","","","","","","","","","","","","0.330879986286163","0.342400014400482","0.353839993476868","0.287690013647079","0.215299993753433","0.238480001688004","0.185739994049072","0.217600002884865","0.244200006127357","0.176579996943474","","","","","","","","0.0785600021481514","0.173179998993874","0.299279987812042","0.285860002040863","0.270229995250702","0.280519992113113","0.284680008888245","0.300799995660782","0.251740008592606","0.238319993019104","",
"Ghana","GHA","Research and development expenditure (% of GDP)","GB.XPD.RSDV.GD.ZS","","","","","","","","","","","","","","","","","","","","","","","","","","","","","","","","","","","","","","","","","","","","","","","","0.23157000541687","","","0.376549988985062","","","","","","","","","","","","","",
"Gibraltar","GIB","Research and development expenditure (% of GDP)","GB.XPD.RSDV.GD.ZS","","","","","","","","","","","","","","","","","","","","","","","","","","","","","","","","","","","","","","","","","","","","","","","","","","","","","","","","","","","","","","","","",
"Guinea","GIN","Research and development expenditure (% of GDP)","GB.XPD.RSDV.GD.ZS","","","","","","","","","","","","","","","","","","","","","","","","","","","","","","","","","","","","","","","","","","","","","","","","","","","","","","","","","","","","","","","","",
"Gambia, The","GMB","Research and development expenditure (% of GDP)","GB.XPD.RSDV.GD.ZS","","","","","","","","","","","","","","","","","","","","","","","","","","","","","","","","","","","","","","","","","","","","","","","","","0.0126099996268749","0.0108599998056889","","0.0847999975085258","","","","","","","0.0693299993872643","","","","","",
"Guinea-Bissau","GNB","Research and development expenditure (% of GDP)","GB.XPD.RSDV.GD.ZS","","","","","","","","","","","","","","","","","","","","","","","","","","","","","","","","","","","","","","","","","","","","","","","","","","","","","","","","","","","","","","","","",
"Equatorial Guinea","GNQ","Research and development expenditure (% of GDP)","GB.XPD.RSDV.GD.ZS","","","","","","","","","","","","","","","","","","","","","","","","","","","","","","","","","","","","","","","","","","","","","","","","","","","","","","","","","","","","","","","","",
"Greece","GRC","Research and development expenditure (% of GDP)","GB.XPD.RSDV.GD.ZS","","","","","","","","","","","","","","","","","","","","","","","","","","","","","","","","","","","","","","0.429100006818771","","0.568229973316193","","0.559480011463165","","0.546540021896362","0.527300000190735","0.578960001468658","0.561179995536804","0.576550006866455","0.661830008029938","0.625569999217987","0.603470027446747","0.684260010719299","0.710049986839294","0.814779996871948","0.839980006217957","0.966050028800964","1.00529003143311","1.15227997303009","1.21370995044708","1.27496004104614","1.5079300403595","1.45641994476318","","",
"Grenada","GRD","Research and development expenditure (% of GDP)","GB.XPD.RSDV.GD.ZS","","","","","","","","","","","","","","","","","","","","","","","","","","","","","","","","","","","","","","","","","","","","","","","","","","","","","","","","","","","","","","","","",
"Greenland","GRL","Research and development expenditure (% of GDP)","GB.XPD.RSDV.GD.ZS","","","","","","","","","","","","","","","","","","","","","","","","","","","","","","","","","","","","","","","","","","0.527409970760345","0.556280016899109","0.508040010929108","0.646080017089844","","","","","","","","","","","","","","","","","","","",
"Guatemala","GTM","Research and development expenditure (% of GDP)","GB.XPD.RSDV.GD.ZS","","","","","","","","","","","","","","","","","","","","","","","","","","","","","","","","","","","","","","","","","","","","","","0.0355600006878376","0.0500999987125397","0.0678199976682663","0.062899999320507","0.0562000013887882","0.0442100018262863","0.0489399991929531","0.0454300008714199","0.0391599982976913","0.0294899996370077","0.0306400004774332","0.0231100004166365","0.0295499991625547","0.0293799992650747","0.0264199990779161","0.0488799996674061","0.0586300007998943","","",
"Guam","GUM","Research and development expenditure (% of GDP)","GB.XPD.RSDV.GD.ZS","","","","","","","","","","","","","","","","","","","","","","","","","","","","","","","","","","","","","","","","","","","","0.26570001244545","0.25518000125885","0.256099998950958","","","","","","","","","","","","","","","","","","",
"Guyana","GUY","Research and development expenditure (% of GDP)","GB.XPD.RSDV.GD.ZS","","","","","","","","","","","","","","","","","","","","","","","","","","","","","","","","","","","","","","","","","","","","","","","","","","","","","","","","","","","","","","","","",
"High income","HIC","Research and development expenditure (% of GDP)","GB.XPD.RSDV.GD.ZS","","","","","","","","","","","","","","","","","","","","","","","","","","","","","","","","","","","","","2.12825936991401","2.15598893673043","2.16157523323015","2.23467986243972","2.29313562553541","2.3241513010962","2.26541513340931","2.23627194869712","2.18166188560192","2.18868637202879","2.21038126072912","2.20611157957005","2.27090978361165","2.35076336321058","2.32287918845175","2.31518825674375","2.33367323243233","2.33034619483572","2.42702424824576","2.46269173372074","2.51979205963327","2.55100852658333","2.62504631615166","2.70506471753152","2.89545378791499","2.8719586406012","","",
"Hong Kong SAR, China","HKG","Research and development expenditure (% of GDP)","GB.XPD.RSDV.GD.ZS","","","","","","","","","","","","","","","","","","","","","","","","","","","","","","","","","","","","","","","0.428299993276596","0.457670003175735","0.46492999792099","0.536450028419495","0.581470012664795","0.68027001619339","0.721759974956512","0.773429989814758","0.794679999351501","0.751609981060028","0.71995997428894","0.773419976234436","0.749459981918335","0.720860004425049","0.727330029010773","0.730170011520386","0.740140020847321","0.761829972267151","0.791499972343445","0.835189998149872","0.863300025463104","0.925570011138916","0.99235999584198","0.970380008220673","1.06947994232178","",
"Honduras","HND","Research and development expenditure (% of GDP)","GB.XPD.RSDV.GD.ZS","","","","","","","","","","","","","","","","","","","","","","","","","","","","","","","","","","","","","","","","","0.0445300005376339","0.0383399985730648","0.0418099984526634","0.0421499982476234","0.0415499992668629","","","","","","","","","","","0.0149699999019504","","0.0399399995803833","0.0639400035142899","0.0594800002872944","","","","",
"Heavily indebted poor countries (HIPC)","HPC","Research and development expenditure (% of GDP)","GB.XPD.RSDV.GD.ZS","","","","","","","","","","","","","","","","","","","","","","","","","","","","","","","","","","","","","","","","","","","","","","","","","","","","","","","","","","","","","","","","",
"Croatia","HRV","Research and development expenditure (% of GDP)","GB.XPD.RSDV.GD.ZS","","","","","","","","","","","","","","","","","","","","","","","","","","","","","","","","","","","","","","","","0.831789970397949","1.04250001907349","0.917620003223419","0.940869987010956","0.940689980983734","1.02002000808716","0.847760021686554","0.733129978179932","0.784929990768433","0.878009974956512","0.835070013999939","0.732339978218079","0.738470017910004","0.739560008049011","0.79816997051239","0.772589981555939","0.828159987926483","0.849950015544891","0.847270011901855","0.951250016689301","1.07963001728058","1.24260997772217","1.24485003948212","","",
"Haiti","HTI","Research and development expenditure (% of GDP)","GB.XPD.RSDV.GD.ZS","","","","","","","","","","","","","","","","","","","","","","","","","","","","","","","","","","","","","","","","","","","","","","","","","","","","","","","","","","","","","","","","",
"Hungary","HUN","Research and development expenditure (% of GDP)","GB.XPD.RSDV.GD.ZS","","","","","","","","","","","","","","","","","","","","","","","","","","","","","","","","","","","","","0.630270004272461","0.698949992656708","0.657109975814819","0.671859979629517","0.790960013866425","0.913100004196167","0.983550012111664","0.91882997751236","0.859899997711182","0.919510006904602","0.977400004863739","0.954450011253357","0.977569997310638","1.12802004814148","1.12864995002747","1.17925000190735","1.25423002243042","1.38409996032715","1.3445999622345","1.33958995342255","1.1798700094223","1.3170200586319","1.50775003433228","1.47291004657745","1.59315001964569","1.64230000972748","","",
"IBRD only","IBD","Research and development expenditure (% of GDP)","GB.XPD.RSDV.GD.ZS","","","","","","","","","","","","","","","","","","","","","","","","","","","","","","","","","","","","","","","","","0.653910146859478","0.67868150807485","0.727741146628104","0.767742895193153","0.797028218352096","0.825833363192146","0.856964354650568","0.884686471026501","0.932261293060629","1.01386068976414","1.08016695334311","1.094530469747","1.18360622832996","1.17735379808354","1.29771361339113","1.35877007068018","1.38053949076169","1.35099418055255","1.40503006518511","1.46971361177015","1.61997018374819","1.895058744914","","",
"IDA & IBRD total","IBT","Research and development expenditure (% of GDP)","GB.XPD.RSDV.GD.ZS","","","","","","","","","","","","","","","","","","","","","","","","","","","","","","","","","","","","","","","","","0.6381197489408","0.66474772546086","0.710434172736568","0.761578279629094","0.787973773102279","0.810795126061118","0.851096028987672","0.856328169859188","0.922611720687231","1.00078126360293","1.06529159191528","1.0819896135842","1.17900605335508","1.15903119759465","1.28568294681087","1.32859882686735","1.36581691086152","1.32058837802424","1.39295974802674","1.42752885879354","1.60645357161285","1.86048921594312","","",
"IDA total","IDA","Research and development expenditure (% of GDP)","GB.XPD.RSDV.GD.ZS","","","","","","","","","","","","","","","","","","","","","","","","","","","","","","","","","","","","","","","","","","","","","","","","","","","","","","","","","","","","","","","","",
"IDA blend","IDB","Research and development expenditure (% of GDP)","GB.XPD.RSDV.GD.ZS","","","","","","","","","","","","","","","","","","","","","","","","","","","","","","","","","","","","","","","","","","","","","","","","0.327987362372124","","","","","","","","","","","","0.231230481565206","","","","",
"Indonesia","IDN","Research and development expenditure (% of GDP)","GB.XPD.RSDV.GD.ZS","","","","","","","","","","","","","","","","","","","","","","","","","","","","","","","","","","","","","","","","","0.0676899999380112","0.0475599989295006","","","","","","","","0.0833199992775917","","","","0.0847000032663345","","","0.245350003242493","0.238049998879433","0.226319998502731","0.271290004253387","0.280680000782013","","","",
"IDA only","IDX","Research and development expenditure (% of GDP)","GB.XPD.RSDV.GD.ZS","","","","","","","","","","","","","","","","","","","","","","","","","","","","","","","","","","","","","","","","","","","","","","","","","","","","","","","","","","","","","","","","",
"Isle of Man","IMN","Research and development expenditure (% of GDP)","GB.XPD.RSDV.GD.ZS","","","","","","","","","","","","","","","","","","","","","","","","","","","","","","","","","","","","","","","","","","","","","","","","","","","","","","","","","","","","","","","","",
"India","IND","Research and development expenditure (% of GDP)","GB.XPD.RSDV.GD.ZS","","","","","","","","","","","","","","","","","","","","","","","","","","","","","","","","","","","","","0.639050006866455","0.686689972877502","0.703790009021759","0.724129974842072","0.756990015506744","0.735909998416901","0.725669980049133","0.719290018081665","0.756900012493134","0.824109971523285","0.804729998111725","0.805069983005524","0.858759999275208","0.833140015602112","0.788489997386932","0.755020022392273","0.743990004062653","0.706420004367828","0.701590001583099","0.693099975585938","0.669839978218079","0.666029989719391","0.660009980201721","0.659420013427734","0.646359980106354","","","",
"Not classified","INX","Research and development expenditure (% of GDP)","GB.XPD.RSDV.GD.ZS","","","","","","","","","","","","","","","","","","","","","","","","","","","","","","","","","","","","","","","","","","","","","","","","","","","","","","","","","","","","","","","","",
"Ireland","IRL","Research and development expenditure (% of GDP)","GB.XPD.RSDV.GD.ZS","","","","","","","","","","","","","","","","","","","","","","","","","","","","","","","","","","","","","1.27155995368958","1.2427099943161","1.20800995826721","1.15140998363495","1.08382999897003","1.05193996429443","1.05575001239777","1.12434995174408","1.1777800321579","1.19196999073029","1.19886994361877","1.23407995700836","1.39126002788544","1.61371004581451","1.5947699546814","1.55262005329132","1.55675005912781","1.56757998466492","1.52098000049591","1.18211996555328","1.17507004737854","1.25187003612518","1.16719996929169","1.22527003288269","1.2325199842453","1.13092994689941","","",
"Iran, Islamic Rep.","IRN","Research and development expenditure (% of GDP)","GB.XPD.RSDV.GD.ZS","","","","","","","","","","","","","","","","","","","","","","","","","","","","","","","","","","","","","","","","","","0.502179980278015","0.495579987764359","0.594839990139008","0.504530012607574","0.622839987277985","0.559210002422333","","0.646470010280609","0.272579997777939","0.264420002698898","","0.294349998235703","0.236010000109673","","0.393830001354218","","0.759829998016357","","0.788290023803711","","","","",
"Iraq","IRQ","Research and development expenditure (% of GDP)","GB.XPD.RSDV.GD.ZS","","","","","","","","","","","","","","","","","","","","","","","","","","","","","","","","","","","","","","","","","","","","","","","","0.0455400012433529","0.0343500003218651","0.0456200018525124","0.0368399992585182","0.0347599983215332","","","0.0383500009775162","0.0401699990034103","0.0373700000345707","0.0459600016474724","0.0427899993956089","0.032660000026226","0.0405299998819828","0.0410900004208088","","",
"Iceland","ISL","Research and development expenditure (% of GDP)","GB.XPD.RSDV.GD.ZS","","","","","","","","","","","","","","","","","","","","","","","","","","","","","","","","","","","","","","1.79807996749878","1.95098996162415","2.23505997657776","2.5720100402832","2.83989000320435","2.82119989395142","2.70549988746643","","2.67968988418579","2.8526599407196","2.53293991088867","2.46413993835449","2.59713006019592","","2.40367007255554","","1.69237995147705","1.93615996837616","2.18131995201111","2.11011004447937","2.08413004875183","2.00080990791321","2.34165000915527","2.49068999290466","2.805419921875","","",
"Israel","ISR","Research and development expenditure (% of GDP)","GB.XPD.RSDV.GD.ZS","","","","","","","","","","","","","","","","","","","","","","","","","","","","","","","","","","","","","2.48850989341736","2.70895004272461","2.81870007514954","3.22512006759644","3.82651996612549","4.06440019607544","4.00063991546631","3.76453995704651","3.74903011322021","3.92282009124756","4.01997995376587","4.29998016357422","4.25511980056763","4.04515981674194","3.86329007148743","3.93520998954773","4.08052015304565","4.02599000930786","4.11061000823975","4.21463012695312","4.47173976898193","4.62414979934692","4.77613019943237","5.2156400680542","5.70555019378662","5.55674982070923","","",
"Italy","ITA","Research and development expenditure (% of GDP)","GB.XPD.RSDV.GD.ZS","","","","","","","","","","","","","","","","","","","","","","","","","","","","","","","","","","","","","0.945900022983551","0.987689971923828","1.00487005710602","0.980650007724762","1.00364005565643","1.04069995880127","1.08124005794525","1.05894005298615","1.05025005340576","1.04435002803802","1.08401000499725","1.12899005413055","1.15971994400024","1.21786999702454","1.21797001361847","1.20155000686646","1.26218998432159","1.30106997489929","1.33840000629425","1.33850002288818","1.36642003059387","1.37012994289398","1.42443001270294","1.461590051651","1.50680005550385","1.45392000675201","","",
"Jamaica","JAM","Research and development expenditure (% of GDP)","GB.XPD.RSDV.GD.ZS","","","","","","","","","","","","","","","","","","","","","","","","","","","","","","","","","","","","","","","","","","0.049100000411272","0.0609599985182285","","","","","","","","","","","","","","","","","","","","","",
"Jordan","JOR","Research and development expenditure (% of GDP)","GB.XPD.RSDV.GD.ZS","","","","","","","","","","","","","","","","","","","","","","","","","","","","","","","","","","","","","","","","","","","0.336890012025833","","","","","","0.42153999209404","","","","","","","","0.695469975471497","","","","","","","",
"Japan","JPN","Research and development expenditure (% of GDP)","GB.XPD.RSDV.GD.ZS","","","","","","","","","","","","","","","","","","","","","","","","","","","","","","","","","","","","","2.6430299282074","2.72177004814148","2.82745003700256","2.84671998023987","2.8584098815918","2.92348003387451","2.96514010429382","2.99320006370544","2.98125004768372","3.13091993331909","3.2276599407196","3.29257011413574","3.29223990440369","3.19589996337891","3.10494995117188","3.20536994934082","3.17371010780334","3.27895998954773","3.36788010597229","3.24071002006531","3.10665988922119","3.16635990142822","3.21919989585876","3.2182400226593","3.26897001266479","3.29580998420715","","",
"Kazakhstan","KAZ","Research and development expenditure (% of GDP)","GB.XPD.RSDV.GD.ZS","","","","","","","","","","","","","","","","","","","","","","","","","","","","","","","","","","","","","","0.293370008468628","0.220390006899834","0.183829993009567","0.18104000389576","0.220090001821518","0.255089998245239","0.25246000289917","0.248370006680489","0.283609986305237","0.242809996008873","0.208839997649193","0.216539993882179","0.229240000247955","0.153410002589226","0.153490006923676","0.16525000333786","0.171320006251335","0.167219996452332","0.169510006904602","0.141790002584457","0.126670002937317","0.116829998791218","0.118409998714924","0.12601999938488","0.130229994654655","0.119740001857281","",
"Kenya","KEN","Research and development expenditure (% of GDP)","GB.XPD.RSDV.GD.ZS","","","","","","","","","","","","","","","","","","","","","","","","","","","","","","","","","","","","","","","","","","","","","","","","0.35521000623703","","","0.692219972610474","","","","","","","","","","","","0.410189986228943","",
"Kyrgyz Republic","KGZ","Research and development expenditure (% of GDP)","GB.XPD.RSDV.GD.ZS","","","","","","","","","","","","","","","","","","","","","","","","","","","","","","","","","","","","","","0.193900004029274","0.210639998316765","0.179920002818108","0.156369999051094","0.171890005469322","0.198100000619888","0.222719997167587","0.199259996414185","0.198609992861748","0.230140000581741","0.234249994158745","0.190170004963875","0.159970000386238","0.155469998717308","0.15633000433445","0.16609999537468","0.149140000343323","0.125359997153282","0.119029998779297","0.111210003495216","0.107069998979568","0.101070001721382","0.090159997344017","0.088809996843338","0.0751499980688095","0.0768499970436096","",
"Cambodia","KHM","Research and development expenditure (% of GDP)","GB.XPD.RSDV.GD.ZS","","","","","","","","","","","","","","","","","","","","","","","","","","","","","","","","","","","","","","","","","","","0.0498000010848045","","","","","","","","","","","","","0.118230000138283","","","","","","","","",
"Kiribati","KIR","Research and development expenditure (% of GDP)","GB.XPD.RSDV.GD.ZS","","","","","","","","","","","","","","","","","","","","","","","","","","","","","","","","","","","","","","","","","","","","","","","","","","","","","","","","","","","","","","","","",
"St. Kitts and Nevis","KNA","Research and development expenditure (% of GDP)","GB.XPD.RSDV.GD.ZS","","","","","","","","","","","","","","","","","","","","","","","","","","","","","","","","","","","","","","","","","","","","","","","","","","","","","","","","","","","","","","","","",
"Korea, Rep.","KOR","Research and development expenditure (% of GDP)","GB.XPD.RSDV.GD.ZS","","","","","","","","","","","","","","","","","","","","","","","","","","","","","","","","","","","","","2.21616005897522","2.24830007553101","2.11026000976562","2.01567006111145","2.12519001960754","2.2786500453949","2.20774006843567","2.27722001075745","2.44214010238647","2.52290010452271","2.71934008598328","2.87258005142212","2.9888699054718","3.14668989181519","3.3157799243927","3.59198999404907","3.8503999710083","3.95124006271362","4.07785987854004","3.97819995880127","3.9870400428772","4.29205989837646","4.51632976531982","4.62702989578247","4.79571008682251","4.93011999130249","","",
"Kuwait","KWT","Research and development expenditure (% of GDP)","GB.XPD.RSDV.GD.ZS","","","","","","","","","","","","","","","","","","","","","","","","","","","","","","","","","","","","","","0.205379992723465","0.257959991693497","0.197630003094673","0.12542000412941","0.1788399964571","0.180010005831718","0.143470004200935","0.1300999969244","0.100830003619194","0.0847899988293648","0.0858500003814697","0.0855100005865097","0.112130001187325","0.101400002837181","0.0989599972963333","0.0972099974751472","0.301530003547668","0.427049994468689","0.0966000035405159","0.0798500031232834","0.0803999975323677","0.0634900033473969","0.191459998488426","0.186609998345375","","0.0796400010585785","",
"Latin America & Caribbean (excluding high income)","LAC","Research and development expenditure (% of GDP)","GB.XPD.RSDV.GD.ZS","","","","","","","","","","","","","","","","","","","","","","","","","","","","","","","","","","","","","","","","","0.570565733657647","0.541118390102979","0.530165114247176","0.565319786938899","0.570196589831843","0.623257259995497","0.614959264133067","0.681570505493935","0.733612029805645","0.77674133903219","0.820731683655753","0.774020812427334","0.744598539755879","0.773080306285991","0.80769460501556","0.811331463062303","0.763297450275883","0.684574617254282","0.677377193704882","0.688784841315616","0.648087423574171","","","",
"Lao PDR","LAO","Research and development expenditure (% of GDP)","GB.XPD.RSDV.GD.ZS","","","","","","","","","","","","","","","","","","","","","","","","","","","","","","","","","","","","","","","","","","","0.0370999984443188","","","","","","","","","","","","","","","","","","","","","",
"Lebanon","LBN","Research and development expenditure (% of GDP)","GB.XPD.RSDV.GD.ZS","","","","","","","","","","","","","","","","","","","","","","","","","","","","","","","","","","","","","","","","","","","","","","","","","","","","","","","","","","","","","","","","",
"Liberia","LBR","Research and development expenditure (% of GDP)","GB.XPD.RSDV.GD.ZS","","","","","","","","","","","","","","","","","","","","","","","","","","","","","","","","","","","","","","","","","","","","","","","","","","","","","","","","","","","","","","","","",
"Libya","LBY","Research and development expenditure (% of GDP)","GB.XPD.RSDV.GD.ZS","","","","","","","","","","","","","","","","","","","","","","","","","","","","","","","","","","","","","","","","","","","","","","","","","","","","","","","","","","","","","","","","",
"St. Lucia","LCA","Research and development expenditure (% of GDP)","GB.XPD.RSDV.GD.ZS","","","","","","","","","","","","","","","","","","","","","","","","","","","","","","","","","","","","","","","0.573949992656708","0.273739993572235","","","","","","","","","","","","","","","","","","","","","","","","",
"Latin America & Caribbean","LCN","Research and development expenditure (% of GDP)","GB.XPD.RSDV.GD.ZS","","","","","","","","","","","","","","","","","","","","","","","","","","","","","","","","","","","","","","","","","0.56304337373892","0.537876522183454","0.523424951760862","0.559404984654992","0.563383775038579","0.589073118225263","0.587836488393571","0.624582330166068","0.671437664780573","0.697080853957044","0.737438834163415","0.711872389952092","0.683712114871466","0.709605782174217","0.738936640311101","0.764630994308955","0.725782036144057","0.654572545704028","0.646863447878932","0.654722703209388","0.617652556971859","","","",
"Least developed countries: UN classification","LDC","Research and development expenditure (% of GDP)","GB.XPD.RSDV.GD.ZS","","","","","","","","","","","","","","","","","","","","","","","","","","","","","","","","","","","","","","","","","","","","","","","","","","","","","","","","","","","","","","","","",
"Low income","LIC","Research and development expenditure (% of GDP)","GB.XPD.RSDV.GD.ZS","","","","","","","","","","","","","","","","","","","","","","","","","","","","","","","","","","","","","","","","","","","","","","","","","","","","","","","","","","","","","","","","",
"Liechtenstein","LIE","Research and development expenditure (% of GDP)","GB.XPD.RSDV.GD.ZS","","","","","","","","","","","","","","","","","","","","","","","","","","","","","","","","","","","","","","","","","","","","","","","","","","","","","","","","","","","","","","","","",
"Sri Lanka","LKA","Research and development expenditure (% of GDP)","GB.XPD.RSDV.GD.ZS","","","","","","","","","","","","","","","","","","","","","","","","","","","","","","","","","","","","","0.183559998869896","","","","0.143920004367828","","","","0.182099997997284","","0.174199998378754","","0.114440001547337","","0.132410004734993","","","0.0973000004887581","0.096050001680851","0.102909997105598","0.120339997112751","0.118179999291897","0.119489997625351","","0.115970000624657","","","",
"Lower middle income","LMC","Research and development expenditure (% of GDP)","GB.XPD.RSDV.GD.ZS","","","","","","","","","","","","","","","","","","","","","","","","","","","","","","","","","","","","","","","","","","","0.529026385350351","","","","","0.585207145855244","","","","0.591143240402907","","0.551070443293982","","0.548949051662391","","0.567730335706938","","0.555476518688548","","","","",
"Low & middle income","LMY","Research and development expenditure (% of GDP)","GB.XPD.RSDV.GD.ZS","","","","","","","","","","","","","","","","","","","","","","","","","","","","","","","","","","","","","","","","","0.618103353994787","0.636598126774913","0.683485418581452","0.733245140465509","0.769453990697015","0.815450417692627","0.858721616052214","0.868661203749605","0.956191238108374","1.02824993072215","1.11516011494939","1.13644813674337","1.24801427032762","1.21533108199202","1.36226604903507","1.37237847156991","1.4141347897553","1.36260188848385","1.4490893717493","1.47989745596993","1.67088258707005","1.97570553497117","","",
"Lesotho","LSO","Research and development expenditure (% of GDP)","GB.XPD.RSDV.GD.ZS","","","","","","","","","","","","","","","","","","","","","","","","","","","","","","","","","","","","","","","","","","","0.0418500006198883","0.0429500006139278","0.0553199984133244","","","","","0.0291000008583069","","0.0125500001013279","","","","0.0510100014507771","","","","","","","","",
"Late-demographic dividend","LTE","Research and development expenditure (% of GDP)","GB.XPD.RSDV.GD.ZS","","","","","","","","","","","","","","","","","","","","","","","","","","","","","","","","","","","","","","","","","0.825418063168833","0.873913242426872","0.897535756534833","0.953230632088982","0.964213092506663","1.02030409135248","1.02754583989801","1.06048205002953","1.09720176751809","1.27422808095801","1.31741693256072","1.290582348608","1.42977687643478","1.47348514880998","1.53594597454786","1.60947682802421","1.67560774042246","1.66943095438053","1.69440880049223","1.79644879387534","1.95448163561","2.07641060544387","","",
"Lithuania","LTU","Research and development expenditure (% of GDP)","GB.XPD.RSDV.GD.ZS","","","","","","","","","","","","","","","","","","","","","","","","","","","","","","","","","","","","","0.491699993610382","0.536670029163361","0.54381000995636","0.502059996128082","0.585529983043671","0.667620003223419","0.657549977302551","0.664129972457886","0.751399993896484","0.74821001291275","0.79203999042511","0.801739990711212","0.78931999206543","0.830839991569519","0.78329998254776","0.9026899933815","0.893040001392365","0.94871997833252","1.03011000156403","1.04340994358063","0.842410027980804","0.896260023117065","0.936619997024536","0.993529975414276","1.13361001014709","1.11074995994568","","",
"Luxembourg","LUX","Research and development expenditure (% of GDP)","GB.XPD.RSDV.GD.ZS","","","","","","","","","","","","","","","","","","","","","","","","","","","","","","","","","","","","","","","","","1.58314001560211","","","1.62349998950958","1.58818995952606","1.55873000621796","1.64885997772217","1.57165002822876","1.54663002490997","1.58838999271393","1.4237300157547","1.42453002929688","1.20664000511169","1.23380994796753","1.21700000762939","1.2522599697113","1.26689994335175","1.23898005485535","1.17180001735687","1.18287003040314","1.09150004386902","1.04215002059937","","",
"Latvia","LVA","Research and development expenditure (% of GDP)","GB.XPD.RSDV.GD.ZS","","","","","","","","","","","","","","","","","","","","","","","","","","","","","","","","","","","","","0.396890014410019","0.366270005702972","0.379220008850098","0.351830005645752","0.434830009937286","0.402630001306534","0.408430010080338","0.35929998755455","0.398400008678436","0.527069985866547","0.646910011768341","0.551069974899292","0.577199995517731","0.448579996824265","0.605710029602051","0.71561998128891","0.663070023059845","0.613210022449493","0.689079999923706","0.619400024414062","0.435140013694763","0.511039972305298","0.638689994812012","0.636269986629486","0.729910016059875","0.740920007228851","","",
"Macao SAR, China","MAC","Research and development expenditure (% of GDP)","GB.XPD.RSDV.GD.ZS","","","","","","","","","","","","","","","","","","","","","","","","","","","","","","","","","","","","","","","","","","0.0622400008141994","0.0695699974894524","0.062440000474453","0.0534400008618832","0.0876000002026558","0.0829000025987625","0.0568399988114834","0.101060003042221","0.0540699996054173","0.0501199997961521","0.0442700013518333","0.0478900000452995","0.0511699989438057","0.0877600014209747","0.136490002274513","0.234919995069504","0.171900004148483","0.200790002942085","0.246659994125366","0.451200008392334","0.383659988641739","0.486270010471344","",
"St. Martin (French part)","MAF","Research and development expenditure (% of GDP)","GB.XPD.RSDV.GD.ZS","","","","","","","","","","","","","","","","","","","","","","","","","","","","","","","","","","","","","","","","","","","","","","","","","","","","","","","","","","","","","","","","",
"Morocco","MAR","Research and development expenditure (% of GDP)","GB.XPD.RSDV.GD.ZS","","","","","","","","","","","","","","","","","","","","","","","","","","","","","","","","","","","","","","","0.245820000767708","","","0.546299993991852","0.471789985895157","0.565880000591278","","","0.549870014190674","","","","0.660359978675842","","","","","","","","","","","","","",
"Monaco","MCO","Research and development expenditure (% of GDP)","GB.XPD.RSDV.GD.ZS","","","","","","","","","","","","","","","","","","","","","","","","","","","","","","","","","","","","","","","","","","","","","0.0371900014579296","0.0382100008428097","","","","","","","","","","","","","","","","","","",
"Moldova","MDA","Research and development expenditure (% of GDP)","GB.XPD.RSDV.GD.ZS","","","","","","","","","","","","","","","","","","","","","","","","","","","","","","","","","","","","","0.872959971427917","0.806789994239807","","","","","","0.324050009250641","0.349029988050461","0.398649990558624","0.406219989061356","0.545570015907288","0.534630000591278","0.525569975376129","0.366499990224838","0.337639987468719","0.349070012569427","0.297829985618591","0.314630001783371","0.307350009679794","0.280039995908737","0.257889986038208","0.256260007619858","0.241449996829033","0.235109999775887","0.231539994478226","0.231220006942749","",
"Madagascar","MDG","Research and development expenditure (% of GDP)","GB.XPD.RSDV.GD.ZS","","","","","","","","","","","","","","","","","","","","","","","","","","","","","","","","","","","","","","0.183249995112419","0.093800000846386","0.0834200009703636","0.100319996476173","0.181749999523163","0.201729997992516","0.290699988603592","0.1925999969244","0.150959998369217","0.141190007328987","0.120909996330738","0.117640003561974","0.130539998412132","0.099030002951622","0.0906699970364571","","","0.0132099995389581","","0.012640000320971","0.0127499997615814","","","","","","",
"Maldives","MDV","Research and development expenditure (% of GDP)","GB.XPD.RSDV.GD.ZS","","","","","","","","","","","","","","","","","","","","","","","","","","","","","","","","","","","","","","","","","","","","","","","","","","","","","","","","","","","","","","","","",
"Middle East & North Africa","MEA","Research and development expenditure (% of GDP)","GB.XPD.RSDV.GD.ZS","","","","","","","","","","","","","","","","","","","","","","","","","","","","","","","","","","","","","","","","","","","","","","","","","","","0.916488287822069","","","","","","","","","","1.61764467178831","1.58644016135637","","",
"Mexico","MEX","Research and development expenditure (% of GDP)","GB.XPD.RSDV.GD.ZS","","","","","","","","","","","","","","","","","","","","","","","","","","","","","","","","","","","","","0.250669986009598","0.276199996471405","0.301959991455078","0.344099998474121","0.306129992008209","0.324180006980896","0.354299992322922","0.393139988183975","0.388159990310669","0.398440003395081","0.369219988584518","0.398330003023148","0.443870007991791","0.47953999042511","0.494850009679794","0.471289992332458","0.420960009098053","0.425029993057251","0.43529999256134","0.42943000793457","0.387780010700226","0.328319996595383","0.306430011987686","0.283939987421036","0.300029993057251","0.282429993152618","0.268550008535385","",
"Marshall Islands","MHL","Research and development expenditure (% of GDP)","GB.XPD.RSDV.GD.ZS","","","","","","","","","","","","","","","","","","","","","","","","","","","","","","","","","","","","","","","","","","","","","","","","","","","","","","","","","","","","","","","","",
"Middle income","MIC","Research and development expenditure (% of GDP)","GB.XPD.RSDV.GD.ZS","","","","","","","","","","","","","","","","","","","","","","","","","","","","","","","","","","","","","","","","","0.619018940531053","0.63829544080051","0.686484747529173","0.736688689066736","0.774194098215476","0.822441268066695","0.861787870654149","0.873371956869611","0.960660340890131","1.03247201414886","1.12021690130456","1.13718963387207","1.24846680805161","1.21665723296996","1.36603999544975","1.37646729746804","1.41570927547887","1.36796637633465","1.44930510905633","1.48178597548473","1.6718727170573","1.97861812634584","","",
"North Macedonia","MKD","Research and development expenditure (% of GDP)","GB.XPD.RSDV.GD.ZS","","","","","","","","","","","","","","","","","","","","","","","","","","","","","","","","","","","","","","0.359109997749329","0.408419996500015","0.328090012073517","0.418879985809326","0.293099999427795","0.244609996676445","0.210639998316765","0.232370004057884","0.228249996900558","0.193729996681213","0.170929998159409","0.223580002784729","0.196789994835854","0.216340005397797","0.222760006785393","0.326759994029999","0.438939988613129","0.516460001468658","0.444119989871979","0.435849994421005","0.354389995336533","0.363669991493225","0.367830008268356","0.372640013694763","0.377189993858337","0.383729994297028","",
"Mali","MLI","Research and development expenditure (% of GDP)","GB.XPD.RSDV.GD.ZS","","","","","","","","","","","","","","","","","","","","","","","","","","","","","","","","","","","","","","","","","","","","","","","","0.218549996614456","","","0.583599984645844","","","","","0.314619988203049","","0.291979998350143","","0.157680004835129","","0.173849999904633","","",
"Malta","MLT","Research and development expenditure (% of GDP)","GB.XPD.RSDV.GD.ZS","","","","","","","","","","","","","","","","","","","","","","","","","","","","","","","","","","","","","","","","","","","0.238309994339943","0.235660001635551","0.488229990005493","0.528930008411407","0.578440010547638","0.545390009880066","0.526669979095459","0.50739997625351","0.587409973144531","0.665059983730316","0.804319977760315","0.743359982967377","0.691789984703064","0.715149998664856","0.55689001083374","0.552119970321655","0.576089978218079","0.56427001953125","0.654410004615784","0.666029989719391","","",
"Myanmar","MMR","Research and development expenditure (% of GDP)","GB.XPD.RSDV.GD.ZS","","","","","","","","","","","","","","","","","","","","","","","","","","","","","","","","","","","","","","0.0701000019907951","0.0403000004589558","0.0507900007069111","0.121699996292591","0.0830999985337257","0.198870003223419","","","","","","","","","","","","","","","0.0348399989306927","0.0635399967432022","0.089259997010231","0.148969992995262","0.145060002803802","0.0399399995803833","",
"Middle East & North Africa (excluding high income)","MNA","Research and development expenditure (% of GDP)","GB.XPD.RSDV.GD.ZS","","","","","","","","","","","","","","","","","","","","","","","","","","","","","","","","","","","","","","","","","","","","","","","","","","","0.328908403864785","","","","","","","0.580003695398037","","","","","","",
"Montenegro","MNE","Research and development expenditure (% of GDP)","GB.XPD.RSDV.GD.ZS","","","","","","","","","","","","","","","","","","","","","","","","","","","","","","","","","","","","","","","","","","","","0.797720015048981","1.01874005794525","0.924430012702942","1.22991001605988","1.1452100276947","","","","0.314850002527237","","0.374309986829758","0.363200008869171","0.374000012874603","0.324539989233017","0.348980009555817","0.503740012645721","0.36327999830246","","","","",
"Mongolia","MNG","Research and development expenditure (% of GDP)","GB.XPD.RSDV.GD.ZS","","","","","","","","","","","","","","","","","","","","","","","","","","","","","","","","","","","","","","0.167860001325607","0.166429996490479","0.150159999728203","0.187570005655289","0.2674899995327","0.251729995012283","0.251800000667572","0.267769992351532","0.237760007381439","0.191210001707077","0.238269999623299","0.336670011281967","0.304780006408691","0.244379997253418","0.230540007352829","0.23913000524044","0.232460007071495","0.223399996757507","0.156399995088577","0.183449998497963","0.134200006723404","0.101609997451305","0.0926999971270561","0.133009999990463","0.100079998373985","0.0852100029587746","",
"Northern Mariana Islands","MNP","Research and development expenditure (% of GDP)","GB.XPD.RSDV.GD.ZS","","","","","","","","","","","","","","","","","","","","","","","","","","","","","","","","","","","","","","","","","","","","","","","","","","","","","","","","","","","","","","","","",
"Mozambique","MOZ","Research and development expenditure (% of GDP)","GB.XPD.RSDV.GD.ZS","","","","","","","","","","","","","","","","","","","","","","","","","","","","","","","","","","","","","","","","","","","0.373140007257462","","","","0.412129998207092","","0.140009999275208","","0.386350005865097","","","","","0.313120007514954","","","","","","","","",
"Mauritania","MRT","Research and development expenditure (% of GDP)","GB.XPD.RSDV.GD.ZS","","","","","","","","","","","","","","","","","","","","","","","","","","","","","","","","","","","","","","","","","","","","","","","","","","","","","","","","","","","0.0101899998262525","","","","","",
"Mauritius","MUS","Research and development expenditure (% of GDP)","GB.XPD.RSDV.GD.ZS","","","","","","","","","","","","","","","","","","","","","","","","","","","","","","","","","","","","","","0.278990000486374","0.261779993772507","0.310079991817474","0.284020006656647","0.362569987773895","0.368050009012222","0.326039999723434","0.368180006742477","0.360529989004135","","","","","","","0.177729994058609","","","","","0.354229986667633","0.333869993686676","0.35699000954628","0.403239995241165","0.368090003728867","0.309009999036789","",
"Malawi","MWI","Research and development expenditure (% of GDP)","GB.XPD.RSDV.GD.ZS","","","","","","","","","","","","","","","","","","","","","","","","","","","","","","","","","","","","","","","","","","","","","","","","","","","","","","","","","","","","","","","","",
"Malaysia","MYS","Research and development expenditure (% of GDP)","GB.XPD.RSDV.GD.ZS","","","","","","","","","","","","","","","","","","","","","","","","","","","","","","","","","","","","","0.21645000576973","","0.397890001535416","","0.468989998102188","","0.652540028095245","","0.599900007247925","","0.6110600233078","","0.788469970226288","1.01001000404358","1.03608000278473","1.03341996669769","1.09268999099731","","1.2627500295639","1.27945005893707","1.41516995429993","","1.04025995731354","","0.950879991054535","","","",
"North America","NAC","Research and development expenditure (% of GDP)","GB.XPD.RSDV.GD.ZS","","","","","","","","","","","","","","","","","","","","","","","","","","","","","","","","","","","","","2.38902997156803","2.41514749571817","2.44483923579886","2.49138683908303","2.5682707182671","2.59694143681024","2.50998681377908","2.50792927073123","2.44891154716324","2.45812838973701","2.49293948313806","2.54858896154699","2.65916088342182","2.71493537073158","2.62718849540628","2.63912483221469","2.58095747096467","2.60303493785686","2.62369968378134","2.70040112777091","2.7689972653412","2.80989281342605","2.91111092192908","3.06356037116201","3.35349787974856","3.31906172284254","","",
"Namibia","NAM","Research and development expenditure (% of GDP)","GB.XPD.RSDV.GD.ZS","","","","","","","","","","","","","","","","","","","","","","","","","","","","","","","","","","","","","","","","","","","","","","","","","","","0.139630004763603","","","","0.349860012531281","","","","","","","","","",
"New Caledonia","NCL","Research and development expenditure (% of GDP)","GB.XPD.RSDV.GD.ZS","","","","","","","","","","","","","","","","","","","","","","","","","","","","","","","","","","","","","","","","","","","","","","","","","","","","","","","","","","","","","","","","",
"Niger","NER","Research and development expenditure (% of GDP)","GB.XPD.RSDV.GD.ZS","","","","","","","","","","","","","","","","","","","","","","","","","","","","","","","","","","","","","","","","","","","","","","","","","","","","","","","","","","","","","","","","",
"Nigeria","NGA","Research and development expenditure (% of GDP)","GB.XPD.RSDV.GD.ZS","","","","","","","","","","","","","","","","","","","","","","","","","","","","","","","","","","","","","","","","","","","","","","","","0.132229998707771","","","","","","","","","","","","0.284440010786057","","","","",
"Nicaragua","NIC","Research and development expenditure (% of GDP)","GB.XPD.RSDV.GD.ZS","","","","","","","","","","","","","","","","","","","","","","","","","","","","","","","","","","","","","","0.0650999993085861","","","","","0.0349299982190132","","","","","","","","","0.0834399983286858","0.104489997029305","0.10283999890089","0.0893500000238419","0.10741999745369","","","","","","","","",
"Netherlands","NLD","Research and development expenditure (% of GDP)","GB.XPD.RSDV.GD.ZS","","","","","","","","","","","","","","","","","","","","","","","","","","","","","","","","","","","","","1.84092998504639","1.8447699546814","1.74205994606018","1.82281994819641","1.78980004787445","1.79609000682831","1.74542999267578","1.78390002250671","1.7890100479126","1.77388000488281","1.74066996574402","1.67030000686646","1.62268996238708","1.66569995880127","1.70404005050659","1.8813099861145","1.9162700176239","2.15605998039246","2.17330002784729","2.1460599899292","2.15081000328064","2.17857003211975","2.13879990577698","2.18435001373291","2.32182002067566","2.30886006355286","","",
"Norway","NOR","Research and development expenditure (% of GDP)","GB.XPD.RSDV.GD.ZS","","","","","","","","","","","","","","","","","","","","","","","","","","","","","","","","","","","","","","1.59350001811981","","1.60436999797821","","1.56019997596741","1.62644994258881","1.67571997642517","1.53974997997284","1.47714996337891","1.44972002506256","1.5579400062561","1.54556000232697","1.71677994728088","1.6411999464035","1.61714005470276","1.61053001880646","1.64216005802155","1.70369005203247","1.92349994182587","2.032870054245","2.08167004585266","2.03482007980347","2.13599991798401","2.24435997009277","1.93798005580902","","",
"Nepal","NPL","Research and development expenditure (% of GDP)","GB.XPD.RSDV.GD.ZS","","","","","","","","","","","","","","","","","","","","","","","","","","","","","","","","","","","","","","","","","","","","","","","","","0.0543899983167648","0.259240001440048","0.302199989557266","","","","","","","","","","","","","",
"Nauru","NRU","Research and development expenditure (% of GDP)","GB.XPD.RSDV.GD.ZS","","","","","","","","","","","","","","","","","","","","","","","","","","","","","","","","","","","","","","","","","","","","","","","","","","","","","","","","","","","","","","","","",
"New Zealand","NZL","Research and development expenditure (% of GDP)","GB.XPD.RSDV.GD.ZS","","","","","","","","","","","","","","","","","","","","","","","","","","","","","","","","","","","","","","1.05648994445801","","0.963869988918304","","1.10028994083405","","1.14891004562378","","1.12042999267578","","1.15763998031616","","1.25214004516602","","1.23224997520447","","1.15339004993439","","1.22817003726959","","1.34912002086639","","1.40640997886658","","1.45474994182587","","",
"OECD members","OED","Research and development expenditure (% of GDP)","GB.XPD.RSDV.GD.ZS","","","","","","","","","","","","","","","","","","","","","","","","","","","","","","","","","","","","","2.1098219025282","2.13223586392441","2.1350199119561","2.20370805865764","2.24780795183943","2.27943098886297","2.22391411634669","2.21663455301196","2.16778049258551","2.18082863546709","2.20584837151227","2.20758117410486","2.28726856223602","2.3654973425101","2.32835080383111","2.35438468468315","2.37204672695109","2.36363378319864","2.44262678402158","2.47262260746988","2.52486363268322","2.55237165989137","2.65819336832182","2.73020906979992","2.95144367545739","2.94807070895621","","",
"Oman","OMN","Research and development expenditure (% of GDP)","GB.XPD.RSDV.GD.ZS","","","","","","","","","","","","","","","","","","","","","","","","","","","","","","","","","","","","","","","","","","","","","","","","","","","","0.119620002806187","0.182809993624687","0.148540005087852","0.18588000535965","0.218659996986389","0.226909995079041","0.199249997735023","0.190310001373291","0.272549986839294","0.315990000963211","0.289779990911484","0.275059998035431","",
"Other small states","OSS","Research and development expenditure (% of GDP)","GB.XPD.RSDV.GD.ZS","","","","","","","","","","","","","","","","","","","","","","","","","","","","","","","","","","","","","","","","","","","0.86176877079317","0.855415797039284","","","","","","","","","","","0.832393742151902","","","","1.000603493046","","","","","",
"Pakistan","PAK","Research and development expenditure (% of GDP)","GB.XPD.RSDV.GD.ZS","","","","","","","","","","","","","","","","","","","","","","","","","","","","","","","","","","","","","","0.15565000474453","0.109190002083778","0.115900002419949","0.11565999686718","0.151649996638298","0.198870003223419","","","0.398490011692047","","0.632499992847443","","0.448060005903244","","0.329169988632202","","0.292849987745285","","0.246050000190735","","0.212139993906021","","0.174750000238419","","0.164430007338524","","",
"Panama","PAN","Research and development expenditure (% of GDP)","GB.XPD.RSDV.GD.ZS","","","","","","","","","","","","","","","","","","","","","","","","","","","","","","","","","","","","","0.310099989175797","0.299109995365143","0.269219994544983","0.272049993276596","0.362639993429184","0.360740005970001","0.342200011014938","0.321090012788773","0.226459994912148","0.23183000087738","0.235369995236397","0.18172000348568","0.190650001168251","0.132100000977516","0.14452999830246","0.173040002584457","0.0753400027751923","0.0620599985122681","0.122950002551079","0.107450000941753","0.132400006055832","0.135299995541573","0.133589997887611","0.136240005493164","0.232350006699562","0.17688000202179","0.182429999113083","",
"Peru","PER","Research and development expenditure (% of GDP)","GB.XPD.RSDV.GD.ZS","","","","","","","","","","","","","","","","","","","","","","","","","","","","","","","","","","","","","","0.0835999995470047","0.100720003247261","0.0984899997711182","0.112659998238087","0.110959999263287","0.106140002608299","0.108130000531673","0.155780002474785","","","","","","","0.0828199982643127","0.0553000010550022","0.0817399993538857","0.108050003647804","0.117020003497601","0.120080001652241","0.120849996805191","0.126829996705055","0.156959995627403","0.171829998493195","0.139149993658066","0.164350003004074","",
"Philippines","PHL","Research and development expenditure (% of GDP)","GB.XPD.RSDV.GD.ZS","","","","","","","","","","","","","","","","","","","","","","","","","","","","","","","","","","","","","","","","","","","0.132630005478859","0.125269994139671","","0.106919996440411","","0.104979999363422","","0.109010003507137","","0.112219996750355","","0.132070004940033","","0.156829997897148","","","0.322219997644424","","","","","",
"Palau","PLW","Research and development expenditure (% of GDP)","GB.XPD.RSDV.GD.ZS","","","","","","","","","","","","","","","","","","","","","","","","","","","","","","","","","","","","","","","","","","","","","","","","","","","","","","","","","","","","","","","","",
"Papua New Guinea","PNG","Research and development expenditure (% of GDP)","GB.XPD.RSDV.GD.ZS","","","","","","","","","","","","","","","","","","","","","","","","","","","","","","","","","","","","","","","","","","","","","","","","","","","","","","","","","0.031580001115799","","","","","","","",
"Poland","POL","Research and development expenditure (% of GDP)","GB.XPD.RSDV.GD.ZS","","","","","","","","","","","","","","","","","","","","","","","","","","","","","","","","","","","","","0.639370024204254","0.643149971961975","0.659709990024567","0.6805499792099","0.640779972076416","0.6215900182724","0.556749999523163","0.538060009479523","0.552500009536743","0.562780022621155","0.55102002620697","0.561930000782013","0.599439978599548","0.661059975624084","0.726189970970154","0.752210021018982","0.889970004558563","0.884829998016357","0.950760006904602","1.00423002243042","0.968209981918335","1.03785002231598","1.20609998703003","1.32334995269775","1.38608002662659","1.43585002422333","","",
"Pre-demographic dividend","PRE","Research and development expenditure (% of GDP)","GB.XPD.RSDV.GD.ZS","","","","","","","","","","","","","","","","","","","","","","","","","","","","","","","","","","","","","","","","","","","","","","","","","","","","","","","","","","","","","","","","",
"Puerto Rico","PRI","Research and development expenditure (% of GDP)","GB.XPD.RSDV.GD.ZS","","","","","","","","","","","","","","","","","","","","","","","","","","","","","","","","","","","","","","","","","","","","","","","","","","0.451310008764267","","","","0.438589990139008","","0.428829997777939","","","","","","","","",
"Korea, Dem. People's Rep.","PRK","Research and development expenditure (% of GDP)","GB.XPD.RSDV.GD.ZS","","","","","","","","","","","","","","","","","","","","","","","","","","","","","","","","","","","","","","","","","","","","","","","","","","","","","","","","","","","","","","","","",
"Portugal","PRT","Research and development expenditure (% of GDP)","GB.XPD.RSDV.GD.ZS","","","","","","","","","","","","","","","","","","","","","","","","","","","","","","","","","","","","","0.549499988555908","0.563740015029907","0.624859988689423","0.681209981441498","0.721560001373291","0.764819979667664","0.721830010414124","0.698019981384277","0.729300022125244","0.757550001144409","0.954479992389679","1.12416994571686","1.44334995746613","1.58001005649567","1.53529000282288","1.4574099779129","1.37861001491547","1.32467997074127","1.28991997241974","1.24329996109009","1.28075003623962","1.3192800283432","1.3495500087738","1.39561998844147","1.61391997337341","1.6807199716568","1.72783005237579","",
"Paraguay","PRY","Research and development expenditure (% of GDP)","GB.XPD.RSDV.GD.ZS","","","","","","","","","","","","","","","","","","","","","","","","","","","","","","","","","","","","","","","","","","0.066990002989769","0.0749299973249435","0.0613499991595745","0.0606600008904934","0.0609100013971329","","","0.0411299988627434","","","0.0421600006520748","0.0651699975132942","0.0716300010681152","0.0790100023150444","0.0967399999499321","0.11676000058651","0.148880004882812","0.146840006113052","0.137510001659393","0.156969994306564","0.143979996442795","","",
"West Bank and Gaza","PSE","Research and development expenditure (% of GDP)","GB.XPD.RSDV.GD.ZS","","","","","","","","","","","","","","","","","","","","","","","","","","","","","","","","","","","","","","","","","","","","","","","","0.197229996323586","0.149140000343323","0.356460005044937","0.361559987068176","","","0.454340010881424","","","","","","","","","","",
"Pacific island small states","PSS","Research and development expenditure (% of GDP)","GB.XPD.RSDV.GD.ZS","","","","","","","","","","","","","","","","","","","","","","","","","","","","","","","","","","","","","","","","","","","","","","","","","","","","","","","","","","","","","","","","",
"Post-demographic dividend","PST","Research and development expenditure (% of GDP)","GB.XPD.RSDV.GD.ZS","","","","","","","","","","","","","","","","","","","","","","","","","","","","","","","","","","","","","2.16231606566147","2.1911048746639","2.19423666078088","2.26218427664791","2.32162954469424","2.35361874894021","2.29798676262555","2.28649732701933","2.23737094087059","2.25844079263943","2.2886234907581","2.30166513700576","2.38433218006737","2.45284048815263","2.4231239129371","2.45272426791521","2.47278790218209","2.4658925617445","2.55195518791296","2.5720400175113","2.61939781783463","2.64229050816588","2.75271913433084","2.81481927144717","3.04323357209157","3.02476228118553","","",
"French Polynesia","PYF","Research and development expenditure (% of GDP)","GB.XPD.RSDV.GD.ZS","","","","","","","","","","","","","","","","","","","","","","","","","","","","","","","","","","","","","","","","","","","","","","","","","","","","","","","","","","","","","","","","",
"Qatar","QAT","Research and development expenditure (% of GDP)","GB.XPD.RSDV.GD.ZS","","","","","","","","","","","","","","","","","","","","","","","","","","","","","","","","","","","","","","","","","","","","","","","","","","","","","0.47859999537468","","","0.518830001354218","","","0.531289994716644","","","0.680779993534088","","",
"Romania","ROU","Research and development expenditure (% of GDP)","GB.XPD.RSDV.GD.ZS","","","","","","","","","","","","","","","","","","","","","","","","","","","","","","","","","","","","","0.674719989299774","0.574509978294373","0.495409995317459","0.398319989442825","0.36625999212265","0.391290009021759","0.37720999121666","0.39708000421524","0.389420002698898","0.412620007991791","0.456820011138916","0.51147997379303","0.552150011062622","0.443949997425079","0.44666001200676","0.474590003490448","0.462399989366531","0.390240013599396","0.382079988718033","0.487960010766983","0.488640010356903","0.506929993629456","0.49728998541832","0.476159989833832","0.465380012989044","0.473019987344742","","",
"Russian Federation","RUS","Research and development expenditure (% of GDP)","GB.XPD.RSDV.GD.ZS","","","","","","","","","","","","","","","","","","","","","","","","","","","","","","","","","","","","","0.965919971466064","1.04374003410339","0.953830003738403","0.996230006217957","1.04982995986938","1.17693996429443","1.24652004241943","1.28603005409241","1.15132999420166","1.06797003746033","1.07293999195099","1.11610996723175","1.04435002803802","1.2519199848175","1.13020002841949","1.01545000076294","1.02766001224518","1.02732002735138","1.07240998744965","1.10084998607635","1.10238003730774","1.10967004299164","0.990019977092743","1.03531002998352","1.09098994731903","0.961969971656799","0.935840010643005","",
"Rwanda","RWA","Research and development expenditure (% of GDP)","GB.XPD.RSDV.GD.ZS","","","","","","","","","","","","","","","","","","","","","","","","","","","","","","","","","","","","","","","","","","","","","","","","","","","","","","","","","0.649439990520477","","","0.758729994297028","","","","",
"South Asia","SAS","Research and development expenditure (% of GDP)","GB.XPD.RSDV.GD.ZS","","","","","","","","","","","","","","","","","","","","","","","","","","","","","","","","","","","","","0.623488637830561","0.61737252260491","0.627314253033539","0.650724530217728","0.630640965053373","0.63848520133384","0.641497757996555","0.719290018081665","0.74062627728012","0.760104012652099","0.786319535468244","0.78238620625876","0.826499369615275","0.781574940237745","0.762064155681154","0.707204738647544","0.743990004062653","0.636233487441333","0.678035592804147","0.619025728034264","0.649543452562025","0.599364743639288","0.641751813220417","0.610145683204968","0.63015424281472","","","",
"Saudi Arabia","SAU","Research and development expenditure (% of GDP)","GB.XPD.RSDV.GD.ZS","","","","","","","","","","","","","","","","","","","","","","","","","","","","","","","","","","","","","","","","","","","","0.06233000010252","0.0531499981880188","0.0423000007867813","0.0424499996006489","0.0452100001275539","0.0490199998021126","0.0733800008893013","0.88400000333786","0.890680015087128","0.869899988174438","0.807359993457794","","","","","","","0.498019993305206","0.445499986410141","0.463349997997284","",
"Sudan","SDN","Research and development expenditure (% of GDP)","GB.XPD.RSDV.GD.ZS","","","","","","","","","","","","","","","","","","","","","","","","","","","","","","","","","","","","","","","","0.530070006847382","0.472770005464554","0.374830007553101","0.322470009326935","0.280800014734268","0.238250002264977","0.224999994039536","","","","","","","","","","","","","","","","","","",
"Senegal","SEN","Research and development expenditure (% of GDP)","GB.XPD.RSDV.GD.ZS","","","","","","","","","","","","","","","","","","","","","","","","","","","","","","","","","","","","","","","","","","","","","","","","","0.293740004301071","","0.434300005435944","","","","","0.577199995517731","","","","","","","","",
"Singapore","SGP","Research and development expenditure (% of GDP)","GB.XPD.RSDV.GD.ZS","","","","","","","","","","","","","","","","","","","","","","","","","","","","","","","","","","","","","1.31991004943848","1.41563999652863","1.73706996440887","1.81623995304108","1.81699001789093","2.00929999351501","2.03281998634338","1.99679005146027","2.07858991622925","2.14806008338928","2.1165599822998","2.31985998153687","2.59674000740051","2.12789988517761","1.92918002605438","2.06955003738403","1.91832995414734","1.92104005813599","2.082279920578","2.1744499206543","2.07291007041931","1.89904999732971","1.80957996845245","1.8850599527359","2.16304993629456","","","",
"Solomon Islands","SLB","Research and development expenditure (% of GDP)","GB.XPD.RSDV.GD.ZS","","","","","","","","","","","","","","","","","","","","","","","","","","","","","","","","","","","","","","","","","","","","","","","","","","","","","","","","","","","","","","","","",
"Sierra Leone","SLE","Research and development expenditure (% of GDP)","GB.XPD.RSDV.GD.ZS","","","","","","","","","","","","","","","","","","","","","","","","","","","","","","","","","","","","","","","","","","","","","","","","","","","","","","","","","","","","","","","","",
"El Salvador","SLV","Research and development expenditure (% of GDP)","GB.XPD.RSDV.GD.ZS","","","","","","","","","","","","","","","","","","","","","","","","","","","","","","","","","","","","","","","0.0881799980998039","","","","","","","","","0.105599999427795","0.133990004658699","0.0908999964594841","0.0780600011348724","0.0355000011622906","0.0339699983596802","0.0638699978590012","0.0937699973583221","0.143480002880096","0.144930005073547","0.180779993534088","0.165309995412827","0.174769997596741","0.162939995527267","0.160260006785393","","",
"San Marino","SMR","Research and development expenditure (% of GDP)","GB.XPD.RSDV.GD.ZS","","","","","","","","","","","","","","","","","","","","","","","","","","","","","","","","","","","","","","","","","","","","","","","","","","","","","","","","","","","","","","","","",
"Somalia","SOM","Research and development expenditure (% of GDP)","GB.XPD.RSDV.GD.ZS","","","","","","","","","","","","","","","","","","","","","","","","","","","","","","","","","","","","","","","","","","","","","","","","","","","","","","","","","","","","","","","","",
"Serbia","SRB","Research and development expenditure (% of GDP)","GB.XPD.RSDV.GD.ZS","","","","","","","","","","","","","","","","","","","","","","","","","","","","","","","","","","","","","","0.709150016307831","0.753009974956512","0.946820020675659","0.854240000247955","0.304010003805161","0.639680027961731","0.491380006074905","0.289530009031296","0.395300000905991","0.439850002527237","0.578769981861115","0.669659972190857","0.817300021648407","0.702279984951019","0.683340013027191","0.85316002368927","0.683669984340668","0.723089993000031","0.810899972915649","0.838220000267029","0.872380018234253","0.918910026550293","0.886669993400574","0.90557998418808","0.994090020656586","0.967100024223328","",
"Sub-Saharan Africa (excluding high income)","SSA","Research and development expenditure (% of GDP)","GB.XPD.RSDV.GD.ZS","","","","","","","","","","","","","","","","","","","","","","","","","","","","","","","","","","","","","","","","","","","","","","","","0.44412568175914","","","","","","","","","","","","","","","","",
"South Sudan","SSD","Research and development expenditure (% of GDP)","GB.XPD.RSDV.GD.ZS","","","","","","","","","","","","","","","","","","","","","","","","","","","","","","","","","","","","","","","","","","","","","","","","","","","","","","","","","","","","","","","","",
"Sub-Saharan Africa","SSF","Research and development expenditure (% of GDP)","GB.XPD.RSDV.GD.ZS","","","","","","","","","","","","","","","","","","","","","","","","","","","","","","","","","","","","","","","","","","","","","","","","0.44412568175914","","","","","","","","","","","","","","","","",
"Small states","SST","Research and development expenditure (% of GDP)","GB.XPD.RSDV.GD.ZS","","","","","","","","","","","","","","","","","","","","","","","","","","","","","","","","","","","","","","","","","","","","","","","","","","","","","","","","","","","","","","","","",
"Sao Tome and Principe","STP","Research and development expenditure (% of GDP)","GB.XPD.RSDV.GD.ZS","","","","","","","","","","","","","","","","","","","","","","","","","","","","","","","","","","","","","","","","","","","","","","","","","","","","","","","","","","","","","","","","",
"Suriname","SUR","Research and development expenditure (% of GDP)","GB.XPD.RSDV.GD.ZS","","","","","","","","","","","","","","","","","","","","","","","","","","","","","","","","","","","","","","","","","","","","","","","","","","","","","","","","","","","","","","","","",
"Slovak Republic","SVK","Research and development expenditure (% of GDP)","GB.XPD.RSDV.GD.ZS","","","","","","","","","","","","","","","","","","","","","","","","","","","","","","","","","","","","","0.889630019664764","1.05107998847961","0.765410006046295","0.644749999046326","0.638059973716736","0.624650001525879","0.563139975070953","0.561460018157959","0.50068998336792","0.493319988250732","0.474880009889603","0.447459995746613","0.46136999130249","0.472719997167587","0.605499982833862","0.652549982070923","0.794610023498535","0.820050001144409","0.876999974250793","1.1572699546814","0.788569986820221","0.884559988975525","0.835550010204315","0.822409987449646","0.897809982299805","0.915390014648438","","",
"Slovenia","SVN","Research and development expenditure (% of GDP)","GB.XPD.RSDV.GD.ZS","","","","","","","","","","","","","","","","","","","","","","","","","","","","","","","","","","","","","1.26472997665405","1.24643003940582","1.30515003204346","1.33687996864319","1.35982000827789","1.46766996383667","1.44324994087219","1.2479100227356","1.37026000022888","1.41778004169464","1.5370500087738","1.42702996730804","1.62672996520996","1.81184005737305","2.05133008956909","2.41297006607056","2.56061005592346","2.56487011909485","2.36547994613647","2.19565010070801","2.00763988494873","1.86530005931854","1.9459400177002","2.04128003120422","2.14265990257263","2.13088011741638","","",
"Sweden","SWE","Research and development expenditure (% of GDP)","GB.XPD.RSDV.GD.ZS","","","","","","","","","","","","","","","","","","","","","","","","","","","","","","","","","","","","","","3.27394008636475","","3.38131999969482","","3.87380003929138","","3.57947993278503","3.36128997802734","3.35958003997803","3.47499990463257","3.23382997512817","3.46999001502991","3.39527988433838","3.1678900718689","3.18702006340027","3.23024988174438","3.26042008399963","3.10184001922607","3.21902990341187","3.24735999107361","3.36279010772705","3.32105994224548","3.38757991790771","3.48959994316101","3.41742992401123","","",
"Eswatini","SWZ","Research and development expenditure (% of GDP)","GB.XPD.RSDV.GD.ZS","","","","","","","","","","","","","","","","","","","","","","","","","","","","","","","","","","","","","","","","","","","","","","","","","","","","","","","","0.267540007829666","","","","","","","","",
"Sint Maarten (Dutch part)","SXM","Research and development expenditure (% of GDP)","GB.XPD.RSDV.GD.ZS","","","","","","","","","","","","","","","","","","","","","","","","","","","","","","","","","","","","","","","","","","","","","","","","","","","","","","","","","","","","","","","","",
"Seychelles","SYC","Research and development expenditure (% of GDP)","GB.XPD.RSDV.GD.ZS","","","","","","","","","","","","","","","","","","","","","","","","","","","","","","","","","","","","","","","","","","0.399679988622665","0.382600009441376","0.387070000171661","0.32574000954628","0.283930003643036","","","","","","","","","","","0.216849997639656","","","","","","","",
"Syrian Arab Republic","SYR","Research and development expenditure (% of GDP)","GB.XPD.RSDV.GD.ZS","","","","","","","","","","","","","","","","","","","","","","","","","","","","","","","","","","","","","","","","","","","","","","","","","","","","","","","","0.0194199997931719","","","","","","","","",
"Turks and Caicos Islands","TCA","Research and development expenditure (% of GDP)","GB.XPD.RSDV.GD.ZS","","","","","","","","","","","","","","","","","","","","","","","","","","","","","","","","","","","","","","","","","","","","","","","","","","","","","","","","","","","","","","","","",
"Chad","TCD","Research and development expenditure (% of GDP)","GB.XPD.RSDV.GD.ZS","","","","","","","","","","","","","","","","","","","","","","","","","","","","","","","","","","","","","","","","","","","","","","","","","","","","","","","","","0.300500005483627","","","","","","","",
"East Asia & Pacific (IDA & IBRD countries)","TEA","Research and development expenditure (% of GDP)","GB.XPD.RSDV.GD.ZS","","","","","","","","","","","","","","","","","","","","","","","","","","","","","","","","","","","","","0.46194143823194","0.563729805105876","0.626662753767115","0.692680446403363","0.727818471783198","0.797559502779469","0.909225185609457","1.00399676053754","1.10522976876559","1.17722126129046","1.2477956658167","1.24506109134426","1.34438848674662","1.40017027740849","1.68483944482899","1.61397375750613","1.8807325430988","1.70742861026796","1.94167342412826","1.90636880727344","1.90315412947088","1.90009849702768","1.91207217374466","2.02398953025197","2.19732042220148","2.35046192574672","","",
"Europe & Central Asia (IDA & IBRD countries)","TEC","Research and development expenditure (% of GDP)","GB.XPD.RSDV.GD.ZS","","","","","","","","","","","","","","","","","","","","","","","","","","","","","","","","","","","","","0.758434542279353","0.801478702195806","0.652224122649661","0.67839382113915","0.696815673735467","0.77695823380206","0.787639569973464","0.786533493338811","0.759964031153545","0.750624919310935","0.757038926287343","0.810486321012649","0.791149887114723","0.888438073391028","0.854914906380925","0.816385707448569","0.849011728256061","0.835227082086442","0.860480968585083","0.869975174800199","0.926404244842904","0.955220696529175","0.940558546409678","0.977964927545211","1.01855891167922","0.976862109181579","","",
"Togo","TGO","Research and development expenditure (% of GDP)","GB.XPD.RSDV.GD.ZS","","","","","","","","","","","","","","","","","","","","","","","","","","","","","","","","","","","","","","","","","","","","","","","","","","","0.172749996185303","","0.164279997348785","","0.196140006184578","","","","","","","","","",
"Thailand","THA","Research and development expenditure (% of GDP)","GB.XPD.RSDV.GD.ZS","","","","","","","","","","","","","","","","","","","","","","","","","","","","","","","","","","","","","0.119180001318455","0.102140001952648","","0.248359993100166","0.244709998369217","0.252310007810593","0.23055000603199","0.245340004563332","0.23827999830246","0.218889996409416","0.232710003852844","0.200800001621246","0.203309997916222","0.234549999237061","","0.361460000276566","","0.441639989614487","0.479880005121231","0.616089999675751","0.778289973735809","1.00165998935699","1.11373996734619","1.14316999912262","1.32818996906281","1.20972001552582","","",
"Tajikistan","TJK","Research and development expenditure (% of GDP)","GB.XPD.RSDV.GD.ZS","","","","","","","","","","","","","","","","","","","","","","","","","","","","","","","","","","","","","","","","","","0.0895299986004829","0.0706799998879433","0.068850003182888","0.0669699981808662","0.0957000032067299","0.107320003211498","0.067780002951622","0.0698300004005432","0.0857700034976006","0.089139997959137","0.121480002999306","0.114320002496243","0.118510000407696","0.116240002214909","0.103399999439716","0.106219999492168","0.109569996595383","0.0940100029110909","0.0936700031161308","0.0896899998188019","","","",
"Turkmenistan","TKM","Research and development expenditure (% of GDP)","GB.XPD.RSDV.GD.ZS","","","","","","","","","","","","","","","","","","","","","","","","","","","","","","","","","","","","","","","","","","","","","","","","","","","","","","","","","","","","","","","","",
"Latin America & the Caribbean (IDA & IBRD countries)","TLA","Research and development expenditure (% of GDP)","GB.XPD.RSDV.GD.ZS","","","","","","","","","","","","","","","","","","","","","","","","","","","","","","","","","","","","","","","","","0.56439587979694","0.537407733511189","0.523492843778822","0.559977270527035","0.563658158642923","0.590824263229429","0.591209672010179","0.628226456103642","0.67371976997364","0.704330913741622","0.739018485661538","0.717112032409576","0.687169938015152","0.717264917283925","0.743207575968245","0.778285930363636","0.733546233913106","0.65885205117125","0.649093058328902","0.656922695572861","0.620290118963185","","","",
"Timor-Leste","TLS","Research and development expenditure (% of GDP)","GB.XPD.RSDV.GD.ZS","","","","","","","","","","","","","","","","","","","","","","","","","","","","","","","","","","","","","","","","","","","","","","","","","","","","","","","","","","","","","","","","",
"Middle East & North Africa (IDA & IBRD countries)","TMN","Research and development expenditure (% of GDP)","GB.XPD.RSDV.GD.ZS","","","","","","","","","","","","","","","","","","","","","","","","","","","","","","","","","","","","","","","","","","","","","","","","","","","0.328589538762106","","","","","0.446576476849978","","0.580003695398037","","","","","","",
"Tonga","TON","Research and development expenditure (% of GDP)","GB.XPD.RSDV.GD.ZS","","","","","","","","","","","","","","","","","","","","","","","","","","","","","","","","","","","","","","","","","","","","","","","","","","","","","","","","","","","","","","","","",
"South Asia (IDA & IBRD)","TSA","Research and development expenditure (% of GDP)","GB.XPD.RSDV.GD.ZS","","","","","","","","","","","","","","","","","","","","","","","","","","","","","","","","","","","","","0.623488637830561","0.61737252260491","0.627314253033539","0.650724530217728","0.630640965053373","0.63848520133384","0.641497757996555","0.719290018081665","0.74062627728012","0.760104012652099","0.786319535468244","0.78238620625876","0.826499369615275","0.781574940237745","0.762064155681154","0.707204738647544","0.743990004062653","0.636233487441333","0.678035592804147","0.619025728034264","0.649543452562025","0.599364743639288","0.641751813220417","0.610145683204968","0.63015424281472","","","",
"Sub-Saharan Africa (IDA & IBRD countries)","TSS","Research and development expenditure (% of GDP)","GB.XPD.RSDV.GD.ZS","","","","","","","","","","","","","","","","","","","","","","","","","","","","","","","","","","","","","","","","","","","","","","","","0.44412568175914","","","","","","","","","","","","","","","","",
"Trinidad and Tobago","TTO","Research and development expenditure (% of GDP)","GB.XPD.RSDV.GD.ZS","","","","","","","","","","","","","","","","","","","","","","","","","","","","","","","","","","","","","0.103249996900558","0.115529999136925","0.127149999141693","0.122919999063015","0.108000002801418","0.104170002043247","0.131779998540878","0.115010000765324","0.114409998059273","0.114309996366501","0.0723299980163574","0.0592200011014938","0.0307199992239475","0.0566500015556812","0.0477100014686584","0.0402400009334087","0.0415900014340878","0.0541100017726421","0.0765300020575523","0.0804800018668175","0.0870900005102158","0.0860600024461746","0.0822200030088425","0.059409998357296","0.0643400028347969","0.0538199990987778","","",
"Tunisia","TUN","Research and development expenditure (% of GDP)","GB.XPD.RSDV.GD.ZS","","","","","","","","","","","","","","","","","","","","","","","","","","","","","","","","","","","","","","","","","","","0.543020009994507","0.650439977645874","0.730949997901917","0.7119500041008","0.677290022373199","0.66540002822876","0.63933002948761","0.706439971923828","0.658060014247894","0.674579977989197","0.649370014667511","0.637000024318695","0.619880020618439","0.594129979610443","0.56538999080658","0.699540019035339","0.716449975967407","0.746580004692078","","","","",
"Turkiye","TUR","Research and development expenditure (% of GDP)","GB.XPD.RSDV.GD.ZS","","","","","","","","","","","","","","","","","","","","","","","","","","","","","","","","","","","","","0.451590001583099","0.491690009832382","0.361979991197586","0.455570012331009","0.465579986572266","0.522469997406006","0.509039998054504","0.465319991111755","0.497130006551743","0.563809990882874","0.552919983863831","0.686160027980804","0.687409996986389","0.803619980812073","0.793690025806427","0.793929994106293","0.825950026512146","0.812059998512268","0.856400012969971","0.876890003681183","1.11978995800018","1.17631995677948","1.2717399597168","1.32146000862122","1.36757004261017","1.40351998806","","",
"Tuvalu","TUV","Research and development expenditure (% of GDP)","GB.XPD.RSDV.GD.ZS","","","","","","","","","","","","","","","","","","","","","","","","","","","","","","","","","","","","","","","","","","","","","","","","","","","","","","","","","","","","","","","","",
"Tanzania","TZA","Research and development expenditure (% of GDP)","GB.XPD.RSDV.GD.ZS","","","","","","","","","","","","","","","","","","","","","","","","","","","","","","","","","","","","","","","","","","","","","","","","0.334619998931885","","","0.373070001602173","","","0.514559984207153","","","","","","","","","","",
"Uganda","UGA","Research and development expenditure (% of GDP)","GB.XPD.RSDV.GD.ZS","","","","","","","","","","","","","","","","","","","","","","","","","","","","","","","","","","","","","","","","","","","0.367559999227524","0.25611999630928","0.260560005903244","0.215139999985695","0.300330013036728","0.388209998607635","0.326319992542267","0.255470007658005","0.359899997711182","","","","0.142649993300438","","","","","","","","","",
"Ukraine","UKR","Research and development expenditure (% of GDP)","GB.XPD.RSDV.GD.ZS","","","","","","","","","","","","","","","","","","","","","","","","","","","","","","","","","","","","","","1.19229996204376","1.06992995738983","0.96968001127243","0.929040014743805","0.989440023899078","0.962689995765686","1.07166004180908","1.04392004013062","0.995180010795593","0.914030015468597","0.818690001964569","0.809909999370575","0.825959980487823","0.802789986133575","0.710900008678436","0.723630011081696","0.732999980449677","0.650340020656586","0.614769995212555","0.483390003442764","0.448790013790131","0.471130013465881","0.43384000658989","0.403180003166199","0.376899987459183","0.326959997415543","",
"Upper middle income","UMC","Research and development expenditure (% of GDP)","GB.XPD.RSDV.GD.ZS","","","","","","","","","","","","","","","","","","","","","","","","","","","","","","","","","","","","","","","","","0.632385807111998","0.643066913703643","0.72127204587356","0.757763444246595","0.790511163891648","0.856970210900668","0.886999907044553","0.944905925625812","0.994077417448921","1.09677967956623","1.19692137420582","1.23721282921088","1.32427029863778","1.32974854100805","1.46513884159833","1.53769025776733","1.5437730667053","1.51286242680019","1.58851410762758","1.66603176549762","1.82538120119996","2.06482806276184","","",
"Uruguay","URY","Research and development expenditure (% of GDP)","GB.XPD.RSDV.GD.ZS","","","","","","","","","","","","","","","","","","","","","","","","","","","","","","","","","","","","","0.265009999275208","0.349940001964569","0.191860005259514","0.224169999361038","0.209250003099442","","0.238179996609688","","","0.460310012102127","0.363849997520447","0.421590000391006","0.374410003423691","0.402390003204346","0.328819990158081","0.329620003700256","0.308079987764359","0.291180014610291","0.317070007324219","0.351090013980865","0.373910009860992","0.440519988536835","0.505940020084381","0.426670014858246","0.446619987487793","0.420349985361099","","",
"United States","USA","Research and development expenditure (% of GDP)","GB.XPD.RSDV.GD.ZS","","","","","","","","","","","","","","","","","","","","","","","","","","","","","","","","","","","","","2.45012998580933","2.47713994979858","2.4962100982666","2.54362010955811","2.6198399066925","2.63715004920959","2.54745006561279","2.55014991760254","2.48686003684998","2.50192999839783","2.54544997215271","2.61515998840332","2.74481010437012","2.79182004928589","2.71444988250732","2.73802995681763","2.6728401184082","2.70215010643005","2.71785998344421","2.78699994087219","2.85349988937378","2.90432000160217","3.0100998878479","3.170490026474","3.46777009963989","3.45705008506775","","",
"Uzbekistan","UZB","Research and development expenditure (% of GDP)","GB.XPD.RSDV.GD.ZS","","","","","","","","","","","","","","","","","","","","","","","","","","","","","","","","","","","","","","","","","0.360630005598068","0.345440000295639","0.293559998273849","0.268249988555908","0.270410001277924","0.237409994006157","0.223949998617172","0.217209994792938","0.193540006875992","0.203150004148483","0.154300004243851","0.14877000451088","0.155120000243187","0.155000001192093","0.153349995613098","0.164969995617867","0.172380000352859","0.148340001702309","0.123939998447895","0.113059997558594","0.13850000500679","0.131600007414818","0.160219997167587","",
"St. Vincent and the Grenadines","VCT","Research and development expenditure (% of GDP)","GB.XPD.RSDV.GD.ZS","","","","","","","","","","","","","","","","","","","","","","","","","","","","","","","","","","","","","","","","","","0.0400799997150898","0.113899998366833","","","","","","","","","","","","","","","","","","","","","",
"Venezuela, RB","VEN","Research and development expenditure (% of GDP)","GB.XPD.RSDV.GD.ZS","","","","","","","","","","","","","","","","","","","","","","","","","","","","","","","","","","","","","","","","","","","","","","0.189070001244545","0.31742000579834","0.201100006699562","0.238030001521111","0.240140005946159","0.188229992985725","0.152960002422333","0.250099986791611","0.31852999329567","0.337130010128021","0.439999997615814","0.689999997615814","","","","","","","",
"British Virgin Islands","VGB","Research and development expenditure (% of GDP)","GB.XPD.RSDV.GD.ZS","","","","","","","","","","","","","","","","","","","","","","","","","","","","","","","","","","","","","","","","","","","","","","","","","","","","","","","","","","","","","","","","",
"Virgin Islands (U.S.)","VIR","Research and development expenditure (% of GDP)","GB.XPD.RSDV.GD.ZS","","","","","","","","","","","","","","","","","","","","","","","","","","","","","","","","","","","","","","","","","","","0.0661699995398521","0.0377600006759167","0.0342399999499321","0.0293600000441074","0.0312200002372265","0.0271700005978346","","","","","","","","","","","","","","","","",
"Viet Nam","VNM","Research and development expenditure (% of GDP)","GB.XPD.RSDV.GD.ZS","","","","","","","","","","","","","","","","","","","","","","","","","","","","","","","","","","","","","","","","","","","0.192729994654655","","","","","","","","","0.149550005793571","","0.299320012331009","","0.356290012598038","","0.418949991464615","","0.416519999504089","","0.425330013036728","","",
"Vanuatu","VUT","Research and development expenditure (% of GDP)","GB.XPD.RSDV.GD.ZS","","","","","","","","","","","","","","","","","","","","","","","","","","","","","","","","","","","","","","","","","","","","","","","","","","","","","","","","","","","","","","","","",
"World","WLD","Research and development expenditure (% of GDP)","GB.XPD.RSDV.GD.ZS","","","","","","","","","","","","","","","","","","","","","","","","","","","","","","","","","","","","","1.96834463966751","1.96638142954989","1.97229476432591","2.04774724152782","2.04654681437074","2.06402137053705","2.02877859142252","2.01850275661575","1.9703535371368","1.95150130729402","1.96402224108455","1.93036868574252","1.98337333729261","2.02108223362779","2.00668926592841","1.9903472750626","2.02129728792415","1.98345846964272","2.09257203141802","2.12121552016939","2.16806110358786","2.16050539024502","2.23640035852979","2.30131230002901","2.49492188341039","2.61555220730458","","",
"Samoa","WSM","Research and development expenditure (% of GDP)","GB.XPD.RSDV.GD.ZS","","","","","","","","","","","","","","","","","","","","","","","","","","","","","","","","","","","","","","","","","","","","","","","","","","","","","","","","","","","","","","","","",
"Kosovo","XKX","Research and development expenditure (% of GDP)","GB.XPD.RSDV.GD.ZS","","","","","","","","","","","","","","","","","","","","","","","","","","","","","","","","","","","","","","","","","","","","","","","","","","","","","","","","","","","","","","","","",
"Yemen, Rep.","YEM","Research and development expenditure (% of GDP)","GB.XPD.RSDV.GD.ZS","","","","","","","","","","","","","","","","","","","","","","","","","","","","","","","","","","","","","","","","","","","","","","","","","","","","","","","","","","","","","","","","",
"South Africa","ZAF","Research and development expenditure (% of GDP)","GB.XPD.RSDV.GD.ZS","","","","","","","","","","","","","","","","","","","","","","","","","","","","","","","","","","","","","","0.526939988136292","","","","0.642239987850189","","0.676500022411346","0.726809978485107","0.770240008831024","0.802909970283508","0.79364001750946","0.805670022964478","0.749930024147034","0.662840008735657","0.667530000209808","0.669340014457703","0.663299977779388","0.709869980812073","0.731469988822937","0.749920010566711","0.762570023536682","0.687730014324188","0.614300012588501","0.603600025177002","","","",
"Zambia","ZMB","Research and development expenditure (% of GDP)","GB.XPD.RSDV.GD.ZS","","","","","","","","","","","","","","","","","","","","","","","","","","","","","","","","","","","","","0.0110400002449751","0.00736999977380037","","","","","0.00543999997898936","0.00846999976783991","0.0222299993038177","0.0249300003051758","","","0.278189986944199","","","","","","","","","","","","","","","",
"Zimbabwe","ZWE","Research and development expenditure (% of GDP)","GB.XPD.RSDV.GD.ZS","","","","","","","","","","","","","","","","","","","","","","","","","","","","","","","","","","","","","","","","","","","","","","","","","","","","","","","","","","","","","","","","",
