"Data Source","World Development Indicators",

"Last Updated Date","2024-06-28",

"Country Name","Country Code","Indicator Name","Indicator Code","1960","1961","1962","1963","1964","1965","1966","1967","1968","1969","1970","1971","1972","1973","1974","1975","1976","1977","1978","1979","1980","1981","1982","1983","1984","1985","1986","1987","1988","1989","1990","1991","1992","1993","1994","1995","1996","1997","1998","1999","2000","2001","2002","2003","2004","2005","2006","2007","2008","2009","2010","2011","2012","2013","2014","2015","2016","2017","2018","2019","2020","2021","2022","2023",
"Aruba","ABW","Alternative and nuclear energy (% of total energy use)","EG.USE.COMM.CL.ZS","","","","","","","","","","","","","","","","","","","","","","","","","","","","","","","","","","","","","","","","","","","","","","","","","","","","","","","","","","","","","","","","",
"Africa Eastern and Southern","AFE","Alternative and nuclear energy (% of total energy use)","EG.USE.COMM.CL.ZS","","","","","","","","","","","","0.726261327659005","1.05734628467475","1.05661351650234","1.36516429459831","1.41702084380355","1.52876981125626","1.66389392823755","1.55810505303277","1.56002330064426","1.39325399323307","1.39403704713661","1.31712774948772","1.26840838995256","1.80293513228733","2.05747755989113","2.700694849444","2.10504952296956","2.79985063738585","2.94361767222754","2.08131030990559","2.1868841903382","2.23399222702143","1.8365328656929","2.10029354456427","2.22463350482706","2.2920181605284","2.34957529556955","2.45167664543778","2.32152254550219","2.45966723349498","2.28811167229553","2.50964538189884","2.60489634409284","2.59333159360834","2.40864587303125","2.40336637436725","2.39325615655846","2.43185663961613","2.42020104932077","2.5049351399906","2.62405505855032","2.55814702107479","2.76334286724056","2.58483109207052","","","","","","","","","",
"Afghanistan","AFG","Alternative and nuclear energy (% of total energy use)","EG.USE.COMM.CL.ZS","","","","","","","","","","","","","","","","","","","","","","","","","","","","","","","","","","","","","","","","","","","","","","","","","","","","","","","","","","","","","","","","",
"Africa Western and Central","AFW","Alternative and nuclear energy (% of total energy use)","EG.USE.COMM.CL.ZS","","","","","","","","","","","","1.08448090786791","1.11901412664756","1.21443834792022","1.29187116682804","1.33737739010235","1.38487533949034","1.3531890700527","1.11584949313705","1.41319859418096","1.45806610919115","1.48126737872279","1.42851953386974","0.993784622798","0.929081802938489","1.23168384240069","1.41165147021312","1.34786015225514","1.44116977505516","1.50434555732125","1.14393349106858","1.21344889437819","1.20018427259124","1.20936542673336","1.13923689408575","1.24021132680937","1.22533373089606","1.16704426401436","0.915970191111529","1.00863258260621","1.03928404277059","0.983827779943254","0.970337584617454","0.862663853288765","0.931576548449471","0.92415755811999","0.837738549227517","0.799719597752703","0.894147544329085","0.857032448736112","0.83869769852757","0.853197011825129","0.855089130244457","0.814806401540957","0.83419708268076","","","","","","","","","",
"Angola","AGO","Alternative and nuclear energy (% of total energy use)","EG.USE.COMM.CL.ZS","","","","","","","","","","","","1.35116605916565","1.41064579258248","1.69472978835487","1.74859337383873","1.98256988619515","0.903806309259497","0.916739309108117","1.02803784867323","1.06582192891216","1.12139734392974","1.11404614724437","1.1977335189696","1.06744615633057","1.09858951359899","1.20808494709243","1.19432920464363","1.16616756129073","1.12066406307365","1.11030859523597","0.742241766154085","0.738678206207428","0.802165961523255","0.82062393164573","0.813644213103175","0.818385322071139","0.816588672310686","0.950384074883264","1.09597529328829","0.880334960075739","0.873405083422169","0.933955926843142","1.00205331935022","1.02834621251151","1.17859321777103","1.60962521879031","2.06296853414897","1.77695738478429","2.14597187989868","1.94943331072076","2.2507551575993","2.35230222680668","2.01780152844807","2.54660688169104","2.54884001929019","","","","","","","","","",
"Albania","ALB","Alternative and nuclear energy (% of total energy use)","EG.USE.COMM.CL.ZS","","","","","","","","","","","","3.50444575618605","3.98633521370928","5.53273763822282","6.1230313057775","6.91916245952089","7.45971570904735","8.14872719207006","7.9567283505864","10.2637591614659","8.25965463118542","9.72700960277978","9.98508275079277","9.67546752161423","7.96470500322404","6.74108181151762","11.9867517847337","10.1345385495896","8.66995851177501","9.14789279975118","4.67639216416947","5.39955647786023","8.46805336207741","10.012654626878","10.6865738774824","12.3119277848862","16.0252893994925","14.3723174429082","13.8752952677749","20.2364797426568","19.6776985819479","18.2950697995059","17.9367848951218","18.7811504312036","20.6821147015307","20.332063632114","14.0064471401355","15.5496318593345","19.2688176765408","21.8750151944777","23.2821918775617","22.1093361945263","25.419173756688","26.0687850119228","24.5480502099359","","","","","","","","","",
"Andorra","AND","Alternative and nuclear energy (% of total energy use)","EG.USE.COMM.CL.ZS","","","","","","","","","","","","","","","","","","","","","","","","","","","","","","","","","","","","","","","","","","","","","","","","","","","","","","","","","","","","","","","","",
"Arab World","ARB","Alternative and nuclear energy (% of total energy use)","EG.USE.COMM.CL.ZS","","","","","","","","","","","","1.39991937624746","1.42345737153683","1.24094066506683","1.38793939022939","1.37205327679939","1.4423313326057","1.50783251522931","1.38661971279844","1.24447584762432","1.11138126552984","0.970610028719355","0.874438681612932","0.750300966099109","0.759656925413816","0.693671440887744","0.660358566753548","0.689413517186445","0.635368371065828","0.642140751459732","0.597810619391442","0.527419315569042","0.460234843625702","0.43285338724164","0.424850356436336","0.409780730896228","0.443233148385724","0.442064277504391","0.442780641174793","0.465493774509011","0.424140907963244","0.428035136583491","0.362556600079665","0.396425896108443","0.390466660871197","0.445672921671385","0.423073457444931","0.423763487521855","0.35060382865555","0.358836227042128","0.434215320690653","0.416437985199475","0.396857461674712","0.446660790599733","0.414413209361359","","","","","","","","","",
"United Arab Emirates","ARE","Alternative and nuclear energy (% of total energy use)","EG.USE.COMM.CL.ZS","","","","","","","","","","","","0","0","0","0","0","0","0","0","0","0","0","0","0","0","0","0","0","0","0","0","0","0","0","0","0","0","0","0","0","0","0","0","0","0","0","0","0","0","0","0","0","0","0.025763191848601","0.0969070800104919","","","","","","","","","",
"Argentina","ARG","Alternative and nuclear energy (% of total energy use)","EG.USE.COMM.CL.ZS","","","","","","","","","","","","0.394625116986417","0.378243268463529","0.723501020663461","1.93473589630374","3.07011219007891","2.96125082241881","2.41597641955389","3.6517794276278","3.93754544001531","4.57346438177371","4.89051660889318","4.87040499457247","5.90908913758431","6.73856819925394","7.92815713940707","7.51189638067433","7.70067170787058","5.86005651698543","5.22107569618403","6.77368872524198","6.57284122614003","6.3861900099728","7.25755157649629","7.61062665801599","6.93659449501589","6.43294014586171","7.23890502852492","6.7607909276878","5.71230677368965","6.0313990866804","7.74526183010186","7.41157902841799","7.42549695428083","6.43983830099847","6.42423543130273","6.77059104688404","5.77486785614744","5.42888057039713","6.18534160257561","5.68326959017728","5.85903880132898","5.57056095371141","5.67143015652958","5.50150364266138","","","","","","","","","",
"Armenia","ARM","Alternative and nuclear energy (% of total energy use)","EG.USE.COMM.CL.ZS","","","","","","","","","","","","","","","","","","","","","","","","","","","","","","","1.51040999940322","1.48490449159478","4.39076465217982","10.2263715408746","12.5378189755352","10.3190638074837","38.1741864068948","27.0398321120485","25.9032662777312","33.119210433595","29.1808531718455","28.3311680697197","36.3976890050939","32.0242692244212","32.7869707913336","32.1722975845318","31.5650889357029","27.8426520744548","25.696275085559","30.1780207052188","32.5140235123939","29.9237652306994","24.5644730530234","25.7297412632428","25.7182641321184","","","","","","","","","",
"American Samoa","ASM","Alternative and nuclear energy (% of total energy use)","EG.USE.COMM.CL.ZS","","","","","","","","","","","","","","","","","","","","","","","","","","","","","","","","","","","","","","","","","","","","","","","","","","","","","","","","","","","","","","","","",
"Antigua and Barbuda","ATG","Alternative and nuclear energy (% of total energy use)","EG.USE.COMM.CL.ZS","","","","","","","","","","","","","","","","","","","","","","","","","","","","","","","","","","","","","","","","","","","","","","","","","","","","","","","","","","","","","","","","",
"Australia","AUS","Alternative and nuclear energy (% of total energy use)","EG.USE.COMM.CL.ZS","1.09212263493946","1.21669314531432","1.2406431433593","1.57816560113222","1.57271193993793","1.80835267053134","1.47021660855134","1.5044074397264","1.44745930183689","1.54794515629572","1.50403712348847","1.9296491018688","1.87181149807773","1.71997139158968","1.93076965109408","2.09709487648912","2.10286803623699","1.71519701092152","1.81006721289916","1.96420949863599","1.62704567438289","1.76252455587166","1.64053933585427","1.543305553382","1.49723637875791","1.68938335419568","1.796414987493","1.6113058527786","1.6861316536777","1.57501768212998","1.27387330786397","1.43895710782223","1.36364659356547","1.40029552944623","1.39070274755276","1.32756107238628","1.22902559799024","1.28387449349497","1.17022820704078","1.19751187270266","1.18307781435353","1.22915782703786","1.2130317496714","1.22479805141861","1.179749332061","1.12978575094151","1.1743752739928","1.16902559625439","1.04822229666427","1.12028027364403","1.34024550207767","1.67382499111307","1.72074104603589","2.13883076334763","2.37342249684338","2.15439420000884","","","","","","","","",
"Austria","AUT","Alternative and nuclear energy (% of total energy use)","EG.USE.COMM.CL.ZS","8.96433606078842","8.74810076971722","8.33747393346803","7.46812217765857","8.15798141688318","10.0239822366126","10.5190542594129","10.5564819520464","10.1109511530166","8.63780077500766","9.87784061157947","7.41245496440203","7.27837361181035","7.50842060640286","9.19615337772777","10.0327714930007","7.93738990984767","9.95787284506415","9.63071575781186","10.0160897922489","10.669122203785","12.0987252757196","12.3950108263963","12.2415021000553","11.1163288382375","11.52575714245","11.5468956419979","12.8856688017016","12.6681098355166","12.6880203129942","9.58581546257281","9.27566270878647","10.6513951394432","10.9600325754198","10.7204998317447","10.3378354543813","9.60067078808968","9.96566705076316","10.2240573085703","10.7520570225178","11.2557522775423","10.5385372071244","10.5100555696346","9.0117799602894","9.57511106429138","9.35971193459465","9.91004216776768","10.5604048234942","10.518522978835","10.9741576610228","10.0556375609328","10.206995317003","11.9572596832813","12.2986608351995","13.2072371508149","12.2128791477895","","","","","","","","",
"Azerbaijan","AZE","Alternative and nuclear energy (% of total energy use)","EG.USE.COMM.CL.ZS","","","","","","","","","","","","","","","","","","","","","","","","","","","","","","","0.429640172099471","0.464994672842704","0.593553264549658","0.900095468792868","0.754794352979087","0.725073538026912","0.809154986811362","0.941948400560837","1.05797922042161","0.925093066531934","0.902216707229397","0.776640759595139","1.16427653626863","1.3506155951315","1.44385529362491","1.51939008522615","1.30945461308551","1.21721512025471","1.03620647687677","1.08128567813195","1.67322892748466","1.19773178754302","0.765949562568253","0.660788427016893","0.572046301627223","","","","","","","","","",
"Burundi","BDI","Alternative and nuclear energy (% of total energy use)","EG.USE.COMM.CL.ZS","","","","","","","","","","","","","","","","","","","","","","","","","","","","","","","","","","","","","","","","","","","","","","","","","","","","","","","","","","","","","","","","",
"Belgium","BEL","Alternative and nuclear energy (% of total energy use)","EG.USE.COMM.CL.ZS","0.0641396127540527","0.0688430192377993","0.0581234059482243","0.0871262356294945","0.0818037001273478","0.0793242141232911","0.0938285555744319","0.147447689189912","0.106804319260383","0.0682200542091798","0.0901906910363612","0.029057327252374","0.0422286138896533","0.0750447551550704","0.131215823303057","4.21488874257091","5.78380910866818","6.93898760431511","6.90684896027997","6.10622623675964","7.04403741939804","7.77354893384914","9.91075866394663","15.4070943373527","16.9939775398555","20.5000914713824","22.5296740737671","23.5179430135898","23.8444661095495","22.5834188381837","23.3009151038854","22.3835273032674","22.4605245421333","22.1888768308495","20.2859228055368","20.2856403521806","20.1724571159563","22.067398392953","21.1563807025157","22.3612769175887","21.7390833440127","21.0187887202513","22.3336041942978","21.4530054323362","21.3430445706535","21.5498647259812","21.3121154695537","22.3931497909414","20.6235576942005","22.3824307629957","21.242316012202","23.2431816287149","20.7474074597644","21.4255025060909","18.5896310222015","15.110327401377","","","","","","","","",
"Benin","BEN","Alternative and nuclear energy (% of total energy use)","EG.USE.COMM.CL.ZS","","","","","","","","","","","","0","0","0","0","0","0","0","0","0","0","0","0","0","0","0","0","0","0","0","0","0","0","0","0","0","0","0.0390620301602659","0.0286840557061051","0.03599678424384","0.041207059167688","0.0537638733041632","0.0601106079858099","0.0438019910224573","0.0232339224374173","0.0189414972682187","0","0","0","0","0","0","0","0","0","","","","","","","","","",
"Burkina Faso","BFA","Alternative and nuclear energy (% of total energy use)","EG.USE.COMM.CL.ZS","","","","","","","","","","","","","","","","","","","","","","","","","","","","","","","","","","","","","","","","","","","","","","","","","","","","","","","","","","","","","","","","",
"Bangladesh","BGD","Alternative and nuclear energy (% of total energy use)","EG.USE.COMM.CL.ZS","","","","","","","","","","","","0.264691336485476","0.256265085372031","0.448075726781158","0.318482306386136","0.557392007156785","0.593749751055281","0.513083898815082","0.574375912641431","0.640971027555964","0.596712523167568","0.626875304763448","0.496575540966268","0.613810521095289","0.819778399898662","0.638673202999274","0.363220976039523","0.423895696984841","0.5036017283299","0.653864195249535","0.363258585813861","0.338010408621588","0.349749394661887","0.280369089060937","0.379375659800048","0.155847833095369","0.311538197743138","0.294862428050657","0.338431106430166","0.318876465928806","0.278850125641067","0.344167906878256","0.257205672358709","0.247638309109619","0.243579515753092","0.237191873724245","0.22577732084963","0.219210328279213","0.25049377765842","0.105840143209264","0.173889205494849","0.199133295139838","0.166701810177296","0.218257250206309","0.153500381699064","","","","","","","","","",
"Bulgaria","BGR","Alternative and nuclear energy (% of total energy use)","EG.USE.COMM.CL.ZS","","","","","","","","","","","","0.98092226561611","0.928418936097961","1.07799663139465","1.96802608978716","3.77093630984052","6.38230971815607","7.06230953169571","6.58546962662552","6.70960936173551","6.78417901530045","9.48924853239824","10.3788665329299","11.6115221338219","11.8580164512863","11.7949133486945","10.8220785539918","11.3037352765986","14.0465471448963","13.2389836319606","14.0197897398316","16.3987209439435","15.3497032322132","17.1197235877818","19.2134778954968","20.1001733663949","21.31368504211","22.9757663694787","22.8581323429513","23.3498727362479","26.2530319692787","26.7863830872169","28.5473167857051","24.1388008368604","24.2107710754176","25.7649654368697","26.1172091690965","20.0247814304843","21.8110138219777","24.2183778245229","24.3005862706781","23.5330544490673","24.5310171274566","24.7897641056311","25.8257119437689","","","","","","","","","",
"Bahrain","BHR","Alternative and nuclear energy (% of total energy use)","EG.USE.COMM.CL.ZS","","","","","","","","","","","","0","0","0","0","0","0","0","0","0","0","0","0","0","0","0","0","0","0","0","0","0","0","0","0","0","0","0","0","0","0","0","0","0","0","0","0","0","0","0","0","0","0","0","0","","","","","","","","","",
"Bahamas, The","BHS","Alternative and nuclear energy (% of total energy use)","EG.USE.COMM.CL.ZS","","","","","","","","","","","","","","","","","","","","","","","","","","","","","","","","","","","","","","","","","","","","","","","","","","","","","","","","","","","","","","","","",
"Bosnia and Herzegovina","BIH","Alternative and nuclear energy (% of total energy use)","EG.USE.COMM.CL.ZS","","","","","","","","","","","","","","","","","","","","","","","","","","","","","","","2.60243762963841","3.31523018639716","3.87297372445121","4.67495810693813","16.8166698024197","17.1753769940597","14.3028454096647","8.25192360294344","7.40820039232069","7.68156425069896","5.66369209636858","6.32235673405988","6.47138534057911","5.63064169680035","6.21122466760294","6.28117727521376","5.54628264477","4.26863979958093","4.72900686031021","5.21212731223472","6.43491630649094","3.72775949289852","4.2736512734015","6.04069362212977","4.27387135851599","","","","","","","","","",
"Belarus","BLR","Alternative and nuclear energy (% of total energy use)","EG.USE.COMM.CL.ZS","","","","","","","","","","","","","","","","","","","","","","","","","","","","","","","0.00379628810296502","0.00362447387426384","0.0037354892880387","0.00488971310987416","0.00542645879435685","0.00706004470240462","0.00581851822937735","0.00731779248908901","0.0113157808790231","0.00691484385759075","0.00969413404513455","0.0111374822691659","0.00987991162014198","0.00932574370134639","0.00952628374649199","0.0106286402665465","0.00972488811444891","0.0100062685560083","0.0108960091542997","0.0169773174018046","0.0163939393146671","0.0183800997483901","0.0306485472979232","0.066229574788993","0.0539210619709001","","","","","","","","","",
"Belize","BLZ","Alternative and nuclear energy (% of total energy use)","EG.USE.COMM.CL.ZS","","","","","","","","","","","","","","","","","","","","","","","","","","","","","","","","","","","","","","","","","","","","","","","","","","","","","","","","","","","","","","","","",
"Bermuda","BMU","Alternative and nuclear energy (% of total energy use)","EG.USE.COMM.CL.ZS","","","","","","","","","","","","","","","","","","","","","","","","","","","","","","","","","","","","","","","","","","","","","","","","","","","","","","","","","","","","","","","","",
"Bolivia","BOL","Alternative and nuclear energy (% of total energy use)","EG.USE.COMM.CL.ZS","","","","","","","","","","","","7.56665451737936","7.23405877196326","7.00541127627176","6.95841882288131","6.23795315389301","5.97067932539142","5.8956343454401","5.75878052607365","5.34224706129557","3.73974686816961","3.87431922915794","3.64964721065325","3.8406147609198","3.92198192826077","3.89724745886466","4.02166740268223","4.13426694081645","4.33680880456566","4.08514816100764","3.02602728654163","3.54554044237183","3.23744579381777","3.61032730358471","2.92823944272883","2.52694930598427","2.65483700562871","2.68201510300998","2.62808995815149","3.08870747253629","3.05152508178199","4.29236577196595","3.67471294991797","3.1396171474485","3.40781678963601","2.84056660202616","2.46961782752702","3.25037128063311","3.31945255382457","3.14578824642524","2.65157521721861","2.6247937501935","2.25301637232862","2.41602925946948","1.97497927438316","","","","","","","","","",
"Brazil","BRA","Alternative and nuclear energy (% of total energy use)","EG.USE.COMM.CL.ZS","","","","","","","","","","","","5.32386758183554","5.82731319338679","6.07294136199861","6.47448025144449","6.82490729612225","7.45768507826983","8.13593268357909","8.40394049970607","8.96804894405729","9.73727773642115","10.29631566299","10.9297987597573","11.4453226165386","12.1800582826457","12.5403364744966","11.6137812890232","11.5274331442368","12.1212054468991","12.4317158048793","12.4119469700742","12.4347528522183","12.5709516158387","12.7242107235526","12.4817907211461","13.0230222923927","12.7984340554623","12.9405704078017","13.1583157194481","12.87840838628","13.7123337103255","12.957041179845","13.2458510150284","13.7598407191996","13.2391116123765","13.3373502658831","13.7210227010359","13.5625823702339","12.9093971632582","13.7955018306793","12.7004383572272","13.4916124032512","12.6507405645914","11.4981042378909","10.8090873277871","","","","","","","","","",
"Barbados","BRB","Alternative and nuclear energy (% of total energy use)","EG.USE.COMM.CL.ZS","","","","","","","","","","","","","","","","","","","","","","","","","","","","","","","","","","","","","","","","","","","","","","","","","","","","","","","","","","","","","","","","",
"Brunei Darussalam","BRN","Alternative and nuclear energy (% of total energy use)","EG.USE.COMM.CL.ZS","","","","","","","","","","","","0","0","0","0","0","0","0","0","0","0","0","0","0","0","0","0","0","0","0","0","0","0","0","0","0","0","0","0","0","0","0","0","0","0","0","0","0","0","0","0","0.00444113367683264","0.00449080768220538","0.00565388122510402","0.00483966771741855","","","","","","","","","",
"Bhutan","BTN","Alternative and nuclear energy (% of total energy use)","EG.USE.COMM.CL.ZS","","","","","","","","","","","","","","","","","","","","","","","","","","","","","","","","","","","","","","","","","","","","","","","","","","","","","","","","","","","","","","","","",
"Botswana","BWA","Alternative and nuclear energy (% of total energy use)","EG.USE.COMM.CL.ZS","","","","","","","","","","","","","","","","","","","","","","0.00635975546740228","0.0150438293751628","0.0269245074380517","0.0352193478162164","0.0443788700814387","0.0405174352251369","0.0484225862567314","0.0433218231418291","0.0364684310602475","0.0411231124204112","0.0442450061169325","0.0567867510635277","0.0566170082513014","0.0591555614365178","0.034615536088251","0.035480355143483","0.0338160044872016","0.0299566615004879","0.0290088358250437","0.0279059041875009","0.0275826378030787","0.0271536326519994","0.0272414818713647","0.00790678180710327","0.00766180472470814","0","0","0","0","0","0","0","0.00346508583541406","0.00316580576382795","","","","","","","","","",
"Central African Republic","CAF","Alternative and nuclear energy (% of total energy use)","EG.USE.COMM.CL.ZS","","","","","","","","","","","","","","","","","","","","","","","","","","","","","","","","","","","","","","","","","","","","","","","","","","","","","","","","","","","","","","","","",
"Canada","CAN","Alternative and nuclear energy (% of total energy use)","EG.USE.COMM.CL.ZS","12.0622959554344","11.4525434474147","10.8947139884535","10.1501300397881","10.4184603448018","10.0463599147939","10.7002281092167","10.1884711708129","9.8132609972187","10.2220142053883","10.0432860347237","10.6709400838995","11.4758929042638","13.060352475236","13.7050878587087","12.5819807017825","13.4598281136785","14.6990773037336","15.8768878740282","16.1711476668601","16.6724529153813","18.1543859380053","18.4310734805469","20.2903840434955","20.7079640539831","21.9981653898672","23.4105370426692","23.6551005459437","22.8844956931233","21.3551502891862","19.6748767531568","21.1936278426576","20.1521900316539","21.2060513021278","21.9155306805766","20.80666225231","20.3266127224929","18.9909790101634","17.4820590967001","17.5201510983779","17.189100712956","17.3889740707515","17.6893420791713","16.794572545027","17.9515467277676","18.3190190431293","18.8124291062956","18.7328027251019","19.1858909870596","18.8995838496017","18.5611489895503","18.7090675546932","19.3476444265948","19.9124179587462","19.6911106025197","19.770846389418","","","","","","","","",
"Central Europe and the Baltics","CEB","Alternative and nuclear energy (% of total energy use)","EG.USE.COMM.CL.ZS","0.100326004137746","0.0915255731109763","0.108225471289599","0.0913165092706066","0.0958541279454513","0.104203426411711","0.103746331933831","0.104603378660801","0.105218308755144","0.0811378709130772","0.158010125203905","0.419196671125141","0.51329005994057","0.522719887234764","0.735119172938666","0.858126586429657","1.02334438427519","1.1109431433656","1.0571005934258","1.26093447079298","1.52309280007758","1.86217361255445","1.93142787674064","2.27524376860657","2.61498282474236","3.11377438541512","3.45345544329324","4.04152868331407","4.68667146320069","4.84099543527031","6.4681787003527","6.97240225501795","6.90505964400456","6.99735518307732","7.28006530245801","7.49693540182687","7.72545360515052","8.02834625793883","8.63033164744724","8.78912097831043","9.31063148173329","9.75561179663541","10.539693012698","10.2559701024842","10.5532995817106","10.4105296447785","10.1289972301679","9.80479309788067","10.5572149982234","11.3277056443684","10.3163343348337","10.46712968352","11.0434790633721","11.5322786281088","12.2183303591353","10.4444329368099","","","","","","","","",
"Switzerland","CHE","Alternative and nuclear energy (% of total energy use)","EG.USE.COMM.CL.ZS","23.6818236045536","23.5017172076336","20.8184273661436","18.1946033085247","18.0032024680992","18.6640149097196","20.4402516804011","20.9524834476892","19.134612313875","17.304523571712","19.7342896104406","16.314413028671","18.1815046495137","21.3865557972864","23.9636781074446","28.5254634457944","24.1874479208997","28.711305284744","26.2021012005425","30.2425985918751","32.7546495935349","35.9026985472805","37.1208329975636","35.1112864560456","35.521615727053","39.1647994675222","37.8802630049929","40.0658677080119","39.8822646253424","38.4456007620594","35.0495630871888","34.4430568588161","34.8308403473141","35.9695353552185","36.8378478285536","37.6680621843034","36.5106022784632","36.7615253058327","36.8199525222303","38.0276604070648","39.0181170257352","37.7617824679847","38.5325079766318","38.7947776597262","38.3031625989616","35.4608922206956","37.663114803305","40.3323728873445","39.0740281545514","38.7479861572651","39.4349277293833","40.2837737989995","39.9044022359133","38.8670912293051","42.4228241470122","39.8865358839965","","","","","","","","",
"Channel Islands","CHI","Alternative and nuclear energy (% of total energy use)","EG.USE.COMM.CL.ZS","","","","","","","","","","","","","","","","","","","","","","","","","","","","","","","","","","","","","","","","","","","","","","","","","","","","","","","","","","","","","","","","",
"Chile","CHL","Alternative and nuclear energy (% of total energy use)","EG.USE.COMM.CL.ZS","","","","","","","","","","","","4.75156845509284","5.57546307469172","5.66049988200675","6.4852208430844","7.19797375849011","7.02224108522192","7.15571592619416","7.18891535669107","6.98239749678093","7.14157753928888","7.27901355190521","8.68222694221627","9.05556569983693","8.93136668702777","9.93480732722564","10.1610296179761","10.670895114175","9.2324089879526","6.91479658388314","4.62063257016472","6.69713820854213","8.03118423102226","8.201461157268","7.33002478538848","7.4524783034737","6.25053412046929","6.31265243897748","5.07430453914438","4.22844137480227","5.80197806677632","6.79874398484083","7.02438159212042","6.85346653714414","6.31550482762281","7.39383049976692","7.79474617098192","5.89007661514872","6.15782788272899","6.57765287948893","5.56766616011229","4.81547830364205","4.29180432277655","4.08270933094002","5.64538506080068","5.72221215920605","","","","","","","","",
"China","CHN","Alternative and nuclear energy (% of total energy use)","EG.USE.COMM.CL.ZS","","","","","","","","","","","","0.659749351555249","0.710858288887956","0.766039774688481","0.844829715021483","0.800599642926353","0.78441340010355","0.751708751920456","0.649989416404471","0.718271901619975","0.837107505567271","0.949847681823884","1.04537509549766","1.16701335441299","1.10555828781086","1.14906041938679","1.1353534300267","1.14254911357064","1.18289992340014","1.25692984402683","0.918711738632104","0.989355243402051","1.01402098327071","1.14034099999695","1.63850291953844","1.70172387947784","1.71652658644407","1.77330368341647","1.86406657564633","1.86535796017533","1.99714284886418","2.29889726346258","2.42043228907687","2.52104765612761","2.67890606090141","2.7339176928011","2.73878047480013","2.92452980081932","3.38410252972864","3.46831716117637","3.50934153555749","3.52243463333402","4.09182975952194","4.53414655121912","5.10701715020901","","","","","","","","","",
"Cote d'Ivoire","CIV","Alternative and nuclear energy (% of total energy use)","EG.USE.COMM.CL.ZS","","","","","","","","","","","","0.486940511299757","0.746082166540311","0.536884819477682","0.84800999585286","1.11275523303739","0.927137706775777","0.586834401553089","0.412824996924365","1.78394337301125","3.25334646550566","4.18019512447305","4.19578998011201","2.42907340642702","0.911245723298097","3.15881691233409","2.50487533023187","2.15713062905183","2.5001540253801","3.10277190674573","2.38167679220679","2.29843721860886","1.84874118505442","1.54519841813747","1.56971136560975","2.38791253118467","1.87612123552951","1.70745701010617","1.40518917671259","1.2093513942558","1.28329630548746","1.43690158557283","1.18107471092113","1.38936864066043","0.833239065294651","0.648416378599873","0.758696386498783","0.89097695018097","0.975285270355837","1.24104056666855","0.945001444478687","0.823567099672619","0.817267171430795","0.649866360455881","0.79477671158237","","","","","","","","","",
"Cameroon","CMR","Alternative and nuclear energy (% of total energy use)","EG.USE.COMM.CL.ZS","","","","","","","","","","","","3.33765585664806","3.34957946040401","3.26199408246827","3.53755690112228","3.66877397987033","3.50635725266963","3.19569159498226","3.17953660413838","3.18338869247251","3.2113587831032","4.05643146087561","4.36670908770192","4.32263225961683","4.36485456427073","4.60702090172595","4.62148093588824","4.57412362715639","4.65210971972759","4.64710131213919","3.98735551160946","3.93375593437647","3.94286275164703","3.97627944204369","3.45579659416216","3.34366966482908","3.46722603239457","3.6664938095469","3.57706842818112","3.76319460765016","3.66415388916483","3.47844773262512","3.21910276874828","3.39921903752805","3.88317288483043","3.79673277205908","4.1312723085763","4.19734413970594","4.66721892495555","4.02699162773369","4.33511458632371","4.53710792304456","4.56760686035608","4.56647214734543","4.60075859598976","","","","","","","","","",
"Congo, Dem. Rep.","COD","Alternative and nuclear energy (% of total energy use)","EG.USE.COMM.CL.ZS","","","","","","","","","","","","4.42558714094003","4.31411155051109","4.57000829107995","4.00716029149124","4.26612768292765","4.54337552259864","4.46787047865988","4.27716953829696","4.06628007696214","4.31012467892407","4.03721315702651","3.98688451743617","4.06632348698371","4.05616284202433","4.34361413709649","4.45510219299572","4.26732185541396","4.11994550653472","5.29366728060709","1.49347206305431","1.62763092999769","1.70768912361807","1.90069465793944","1.3920903000921","1.38086211408466","1.31346564369917","1.29098278271347","1.26290834024108","1.32058986904476","2.80181656704021","2.75650901574677","2.5731814642496","2.57408365920547","2.49308457751447","2.51772027325414","2.8378828954838","2.90919884383247","2.78631575549189","2.95649537742357","2.6841618670332","2.7103291966026","2.41947732545604","2.26762471023057","2.35994627719993","","","","","","","","","",
"Congo, Rep.","COG","Alternative and nuclear energy (% of total energy use)","EG.USE.COMM.CL.ZS","","","","","","","","","","","","0.913238417368049","1.07759602679182","0.807417727888959","0.871007956924697","0.90191738812825","0.89431471360636","0.71617802436879","0.158003213511446","1.1069432185937","1.38760257771381","1.38645630346145","2.20886824286923","2.62923815083594","2.93947828549952","3.27343074534446","3.06387911449533","3.12714592344849","3.34019632086527","4.41968209667585","3.75655305739062","4.05917974594848","3.98670780469003","3.48612401544931","3.95374324379934","3.57101083629232","3.92994957867929","3.422211533028","2.71976523856213","1.53408622937428","3.06677865868776","2.87478667816112","3.29382703727731","2.35339101128822","2.1777242508049","2.23179818951731","1.94160004398824","2.35964247674107","2.24156392641568","1.6451120737757","1.40316666607032","1.42794110204354","1.54538497040343","1.49281828422187","1.4287130347896","","","","","","","","","",
"Colombia","COL","Alternative and nuclear energy (% of total energy use)","EG.USE.COMM.CL.ZS","","","","","","","","","","","","4.13679585986882","4.52691551714276","4.89570576518232","5.15256246910043","4.95924726384481","4.92792091222193","5.43895836237473","6.30628118412668","7.09492331222596","6.93837384817437","6.85275088078847","7.04885509534362","6.89070583257122","7.44825838917379","7.89156441470731","8.38537664053301","8.84199500290602","9.04426028334847","9.81133706499598","7.21402906912778","7.28468617550786","6.73654852251637","7.51371636981442","8.19123334877329","8.17524590568444","9.01412795592656","7.83884548153846","7.07791396129976","8.45475656396403","8.26016633301717","8.6168703136062","9.10979829843804","9.55053995842331","10.2967016158097","9.78572149880052","9.77152064257714","10.3450451628115","10.3818830360804","9.34037846164599","8.85050581128378","11.0055370952223","10.5968731645301","8.97406621107914","9.20354121922188","","","","","","","","","",
"Comoros","COM","Alternative and nuclear energy (% of total energy use)","EG.USE.COMM.CL.ZS","","","","","","","","","","","","","","","","","","","","","","","","","","","","","","","","","","","","","","","","","","","","","","","","","","","","","","","","","","","","","","","","",
"Cabo Verde","CPV","Alternative and nuclear energy (% of total energy use)","EG.USE.COMM.CL.ZS","","","","","","","","","","","","","","","","","","","","","","","","","","","","","","","","","","","","","","","","","","","","","","","","","","","","","","","","","","","","","","","","",
"Costa Rica","CRI","Alternative and nuclear energy (% of total energy use)","EG.USE.COMM.CL.ZS","","","","","","","","","","","","10.9414081209089","10.9428705856176","10.3584554223052","11.6851515352766","11.1920537122104","12.4172195329019","9.84210787611725","10.0546842308018","10.6878844913955","14.5075724722154","16.6527406558727","17.8410986143908","21.167463404679","21.0394126581454","18.7526455664855","18.7645946260078","18.273326467851","18.1110212321711","17.7746422192468","16.5091552389872","15.5802853444382","11.2738272485967","12.769538606925","14.0461986415805","13.0485330072313","14.5996037293871","16.3014060845386","16.9292313429611","17.3863131442431","17.0283331546946","17.6190569031668","17.5390600852555","17.1872896471311","15.4109474099601","15.7391318226747","14.9669500318693","14.3198608524611","14.5095593930555","14.7101789250552","14.5519080208614","14.3919869284472","14.7665385693076","13.9890581870171","14.2087097279856","","","","","","","","","",
"Caribbean small states","CSS","Alternative and nuclear energy (% of total energy use)","EG.USE.COMM.CL.ZS","","","","","","","","","","","","0.2331363421605","0.230949565345909","0.153257808470941","0.194110668982477","0.225179848062566","0.188835735865515","0.17701274098961","0.165466047922916","0.159795668357905","0.169003511408228","0.168326522763931","0.182060958274169","0.20676632376048","0.189884737020679","0.189280502259481","0.182376209320386","0.157954763518944","0.118548338337449","0.143073098013325","0.0579145254168946","0.073990912792468","0.0701131134049534","0.0672201472850747","0.0731394860757649","0.0785159227870077","0.073273445604432","0.0822432411560978","0.0768019082755572","0.0695328729795954","0.617826404233724","0.55816699407032","0.559793483283339","0.473165964278958","0.455988732047997","0.373879584860451","0.419384340032073","0.438395947080236","0.511845851727398","0.513166317122916","0.453364811243378","0.452777725070753","0.496371665670763","0.499670831609833","0.523750542556267","","","","","","","","","",
"Cuba","CUB","Alternative and nuclear energy (% of total energy use)","EG.USE.COMM.CL.ZS","","","","","","","","","","","","0.0902012460358173","0.0630191541985818","0.049433888339675","0.0669977104009525","0.0461968514517987","0.037012856242651","0.046882325363338","0.0503092241165984","0.0614799680062206","0.0569747292966148","0.0350400294988155","0.0247771961888947","0.0344482078062386","0.0391209941515413","0.0303647854274138","0.0332912719916605","0.0238152195742476","0.0376170244178708","0.0385067505850274","0.035754600044278","0.0491396155342731","0.0430294235332802","0.0505098344112473","0.0289107789373576","0.0429514579125165","0.0509727942400301","0.0679854381978949","0.0546281681100255","0.0568284358182822","0.0469110452733285","0.0405847939025122","0.0615259277170439","0.0750166482071761","0.0526533376214124","0.0431740774273123","0.0596017093603097","0.0818927967517323","0.0934426358921778","0.096403976907735","0.0602151337367091","0.0701098785200371","0.0760337325740591","0.0917410338608715","0.08539666404937","","","","","","","","","",
"Curacao","CUW","Alternative and nuclear energy (% of total energy use)","EG.USE.COMM.CL.ZS","","","","","","","","","","","","0","0","0","0","0","0","0","0","0","0","0","0","0","0","0","0","0","0","0","","","","","","","","","","","","","","","","","","","","","","","","","","","","","","","","","","",
"Cayman Islands","CYM","Alternative and nuclear energy (% of total energy use)","EG.USE.COMM.CL.ZS","","","","","","","","","","","","","","","","","","","","","","","","","","","","","","","","","","","","","","","","","","","","","","","","","","","","","","","","","","","","","","","","",
"Cyprus","CYP","Alternative and nuclear energy (% of total energy use)","EG.USE.COMM.CL.ZS","","","","","","","","","","","","0","0","0","0","0","0","0","0","0","0","0","0","0","0","0","0","0","0","0","0","0","0","0","0","1.82883117296898","1.70187316956167","1.7911860691064","1.71705896283222","1.75373513721929","1.66060190852697","1.62758633737498","1.64239707197076","1.54951788249997","1.81275341828531","1.86429886817346","1.87822327537845","2.21872233949577","2.2260725552661","2.46991435304255","2.86477145485534","3.52121540736687","4.22990905567629","5.2851490507606","5.22696188749939","","","","","","","","","",
"Czechia","CZE","Alternative and nuclear energy (% of total energy use)","EG.USE.COMM.CL.ZS","","","","","","","","","","","","0.228907615699615","0.238767736720439","0.205862909952371","0.373364816453389","0.357117774513744","0.276694631686706","0.352087450528614","0.346877590341136","0.407389601721185","0.439344719333674","0.376699297531874","0.30049234337684","0.405354816951712","0.887221769873475","1.56019829435858","3.52367949346684","5.82535925363744","6.45580721825486","6.87866857646657","6.78236291762637","7.21666146791035","7.54596424839315","8.06349334778496","8.57907451232566","8.08106084515747","8.19049221286832","7.91147697209751","8.54998853081664","9.35899461022027","9.03252141336655","9.57105851168448","11.9721884077323","15.5063509792095","15.5519167909235","14.8696040819686","15.3143027254792","15.3210825238793","15.9442536935492","17.5232383712388","17.321530028249","18.4405465913305","19.9384984530979","20.7795241044764","20.8488488513946","18.9565725567366","","","","","","","","",
"Germany","DEU","Alternative and nuclear energy (% of total energy use)","EG.USE.COMM.CL.ZS","0.727909595513767","0.704903187718086","0.64018951466544","0.573368195545849","0.555567442904773","0.69581368033075","0.780971718986236","0.890132466992316","0.91092464136689","1.11795862404394","1.06020102307988","0.910363487501236","1.14406782073761","1.33402561456699","1.60951810790743","2.47424815386543","2.62947907934375","3.61826477370533","3.71617703659062","4.14075223926212","4.5174327460812","5.45563674659055","6.33866617234654","6.59939850593901","8.33385247264555","10.5571291037669","10.0077269243148","10.7982574652465","11.8078051181449","12.3268114420191","11.83498685147","11.609407933061","12.7590398676555","12.4894653213574","12.4063724775081","12.519816172494","12.6407765318495","13.4628981872616","12.9276027162609","13.9891833767127","14.0175218456074","13.8577289070206","13.8919854545869","13.9540193509726","14.2295408503631","14.1592422078062","14.277102856701","13.459191637014","13.9198021319727","13.8504612520086","13.9437343008152","12.5713552960882","12.2845230232385","12.2087666570209","12.9820484847802","12.8636198591601","","","","","","","","",
"Djibouti","DJI","Alternative and nuclear energy (% of total energy use)","EG.USE.COMM.CL.ZS","","","","","","","","","","","","","","","","","","","","","","","","","","","","","","","","","","","","","","","","","","","","","","","","","","","","","","","","","","","","","","","","",
"Dominica","DMA","Alternative and nuclear energy (% of total energy use)","EG.USE.COMM.CL.ZS","","","","","","","","","","","","","","","","","","","","","","","","","","","","","","","","","","","","","","","","","","","","","","","","","","","","","","","","","","","","","","","","",
"Denmark","DNK","Alternative and nuclear energy (% of total energy use)","EG.USE.COMM.CL.ZS","0.0244139072516799","0.0239634803418547","0.0209509893954824","0.0183370089796759","0.0175108198541422","0.0160048487992157","0.0151947386518543","0.0145255047933828","0.0115874111695971","0.010454433561163","0.0105444830820053","0.0111536192738","0.010716214343601","0.0108680433662311","0.01172320890355","0.0118126783920472","0.0108633168422148","0.00970795425747414","0.0125709303046798","0.0171416956578957","0.0246665263322485","0.0287442271914153","0.0319153843799829","0.0395274581878898","0.0391328332171249","0.043270355992592","0.0755272233833959","0.096582116423346","0.157405580069832","0.244496586977157","1.26728907074416","1.18878762155547","1.41814034020793","1.4880675422119","1.38108359269438","1.6100972955662","1.36034555225007","1.88181910443232","2.28072583507309","2.68270666675916","3.51787855260311","3.47674067738744","3.756567851002","3.57739740990445","4.45037489318967","5.08061364953274","3.97619629047885","4.86685973951037","5.20440411956962","5.09480510969679","4.99498635503965","6.63367450085431","7.85952987484498","7.65236044737349","9.89182751386271","11.7489461107418","","","","","","","","",
"Dominican Republic","DOM","Alternative and nuclear energy (% of total energy use)","EG.USE.COMM.CL.ZS","","","","","","","","","","","","1.96943395436413","1.81502606791618","1.58995378041336","1.43122972974317","1.19196119196119","2.10957039402664","1.20380036977201","1.91530441498262","2.051336416522","1.39716967453528","3.30835412745051","1.98608297851818","2.09530257216275","2.44020503451326","2.90522352007352","3.39083340492632","3.31530063606256","3.72251008934024","1.08435484823448","0.627496805593263","0.939389397180944","0.695803876060194","1.52079126932308","0.623866704615645","0.66764515199539","0.992302407229998","0.636771146364187","1.33646523298002","1.92158740908996","1.21764293284858","1.03406460710905","1.251926955248","1.83600175012339","2.36061155708051","2.57065733396001","2.33170317146956","2.18388098624908","1.8093852103818","1.93707571772415","1.82806730648178","1.99259384732704","2.37097316689828","2.99588529620787","2.34365695498142","","","","","","","","","",
"Algeria","DZA","Alternative and nuclear energy (% of total energy use)","EG.USE.COMM.CL.ZS","","","","","","","","","","","","0.81917504627704","1.05880351472028","1.34108527292533","0.824110088552019","0.510955529226066","0.530965389163792","0.328034825517916","0.247603343589486","0.227504768318493","0.197246491806667","0.258375279504329","0.259592603331172","0.117848571408246","0.228698899648356","0.31309459710627","0.107266149068416","0.216810640403785","0.0753174142303683","0.0938070140290137","0.0400357257750843","0.0781884262207089","0.0534169001183838","0.0886012345461871","0.0432446490179419","0.0503700066610232","0.0360025992383502","0.0189555305359475","0.0518135910724045","0.0464580187434457","0.0125864167147596","0.0162020079850337","0.012708382655507","0.0568912229230005","0.0523815709512031","0.115716744684923","0.0405603028910296","0.0397035962872306","0.0486088218511782","0.0468007217940375","0.0273189484600289","0.0722877221411679","0.0826770877537911","0.0429831625830771","0.0301060361261635","","","","","","","","","",
"East Asia & Pacific (excluding high income)","EAP","Alternative and nuclear energy (% of total energy use)","EG.USE.COMM.CL.ZS","","","","","","","","","","","","0.756237135912009","0.783102560513376","0.85624836156043","0.929584252953199","0.895501617265523","0.885409662330813","0.830955038753782","0.738078052417081","0.87489637011395","1.11850570814005","1.30710120179097","1.47512658323704","1.63840587850176","1.65146852822808","1.71427989364545","1.68764649877802","1.73224478383737","1.8343697328272","1.94444575287987","1.02195571390881","1.06915219706016","1.07795934882528","1.1560670151082","1.56148625227163","1.61146584900189","1.6139044568607","1.61084174579079","1.7024818557288","1.72860186737719","1.83821809432556","2.08589027420207","2.15026979611077","2.2426906110337","2.37035615142092","2.4238885792966","2.4680251586796","2.63940598723561","3.02825222988","3.11110887330625","3.1456410780339","3.23671460663467","3.74244476076316","4.10943495294946","4.54701702604095","","","","","","","","","",
"Early-demographic dividend","EAR","Alternative and nuclear energy (% of total energy use)","EG.USE.COMM.CL.ZS","0.806109187326652","1.00268972278519","0.815473685737917","1.48068137931212","1.10581508666177","1.40925023658866","1.37322070634664","1.34935000404001","1.70387888944433","1.7495392460005","1.55584818920711","1.44717123341041","1.48841642184191","1.60970592450831","1.74875125530952","1.93819085536244","2.11669864406611","2.0465296843873","2.21674710467211","2.29163346149205","2.37056047099718","2.52307548236679","2.47950739522732","2.59717266505904","2.92044238843236","3.04714085702463","3.32827161507888","3.40310049921098","3.68622901251467","3.61413345330353","2.26878422052613","2.25728611544994","2.27834865846413","2.24754713264073","2.26828832701134","2.32333794071388","2.31000365358709","2.34615156265671","2.34389697335796","2.28648699040116","2.29790028486077","2.28561762826264","2.25395067099025","2.29683698310022","2.32237949327088","2.34454495555724","2.40650200870752","2.28550492210587","2.20353003092657","2.19496659251535","2.32003361290046","2.547680146311","2.44382857745039","2.65903761284192","2.41856304541718","4.83094672834087","","","","","","","","",
"East Asia & Pacific","EAS","Alternative and nuclear energy (% of total energy use)","EG.USE.COMM.CL.ZS","5.33305469513249","5.61955722451136","5.25311777194904","5.31218290024094","4.97187812660898","5.08989898758096","4.91123248083104","3.8360281533282","3.73564465481007","3.40449167604948","3.34796585702467","1.94097135475717","1.94167994929136","1.73256065443451","2.17003872649658","2.29666922757539","2.40506080081801","2.11629827800056","2.70587452497799","3.13295716236846","3.6038806559097","3.91032133748697","4.27685423640542","4.78766001362436","5.02411457362631","5.69835114077906","5.85124956081349","6.28541914555941","5.96094634202959","6.04232490605315","5.41647610300765","5.68132793827093","5.57850337286833","5.80954934272537","6.00373081450934","6.18943666927882","6.23773324185554","6.36479126871864","6.77941570306934","6.59427137022528","6.58988540786755","6.61024517675233","6.31256039345384","5.68705122544683","5.83679353634761","5.95326040883481","5.82201793149801","5.42420678241919","5.67968155930997","5.80852260557383","5.65753844340826","4.59984377715071","4.42058718929426","4.62430641265866","5.05335761093279","7.32620061360952","","","","","","","","",
"Europe & Central Asia (excluding high income)","ECA","Alternative and nuclear energy (% of total energy use)","EG.USE.COMM.CL.ZS","0.806109187326652","1.00268972278519","0.815473685737917","1.48068137931212","1.10581508666177","1.40925023658866","1.37322070634664","1.34935000404001","1.70387888944433","1.7495392460005","1.55584818920711","1.26371405876119","1.31511264394214","1.26637898143827","1.79991112060098","3.03440016413995","4.48355696074651","4.68182100730167","4.64390166496431","5.0570914580216","5.11181287429088","6.52853523601028","7.02901176267863","7.0627430842981","7.36391463728819","6.97700003403904","6.64493232036713","7.12877891852359","9.26666515967965","7.58302183898826","4.92810660011877","5.0088003638913","5.45494098227528","5.97139817102163","6.13100237030304","6.41040965020027","6.97238243826336","7.17615654858712","7.14212147745089","7.39946288868441","7.6470884645896","7.8013184131346","7.9143858737421","7.81515016887479","7.92180777123264","8.07372956193734","8.0341215584616","7.89880262900183","7.77358645808566","8.31076985491438","8.22905079962493","7.91661629227444","7.95450499484553","7.98178748925237","8.56536893681134","6.65430058653642","","","","","","","","",
"Europe & Central Asia","ECS","Alternative and nuclear energy (% of total energy use)","EG.USE.COMM.CL.ZS","3.50111037627157","3.52943079240833","3.38730244191065","3.5266714499372","3.47394631513894","3.90575544255325","4.21026574623921","4.19205396713195","4.14861278342851","3.99099472335531","3.61946714390941","3.39658134634146","3.66062132401703","3.62073000169006","4.04524300161236","4.73627074138038","4.59531688855509","5.43024268675736","5.56590927410046","5.82675881814987","6.41564776325833","8.07627650656567","8.7139475196824","9.79445908886001","11.4613910025655","12.7061399373507","13.2320640250597","13.5247247905962","14.4221215632987","14.6474726199297","10.0857596054575","10.3855917920696","11.0760810647406","11.8094899050665","12.2151753027412","12.373057367311","12.8081379915617","13.182581463966","13.1711869631643","13.438346371329","13.5242876718955","13.7685225486639","13.7907372550448","13.5711804857402","13.7098028348116","13.6018279350427","13.5018289368435","13.2462118967419","13.2910950504747","13.8183869130902","13.7399217343099","13.7907503009593","13.868698661445","14.2279797953155","15.0976080664194","18.6299808592944","","","","","","","","",
"Ecuador","ECU","Alternative and nuclear energy (% of total energy use)","EG.USE.COMM.CL.ZS","","","","","","","","","","","","1.6916063867976","1.65085264576421","1.59071745566848","1.50912299949076","1.71892758626067","1.48875692373547","1.14554192788968","1.57662298231728","1.33856430230294","1.50096181886342","1.28906827998069","1.37568496045866","2.85321626367585","5.00563507066343","5.0217819976682","6.17036386211785","6.8638331946374","6.92119790707789","7.43101080088779","5.11273204478716","4.95054630575146","4.83501105217607","5.94303104955927","6.26202654741645","4.29347436417706","4.99604253285907","4.93620926415371","4.78138950102461","5.83379668853172","5.55671169568282","4.77656915703003","5.41358426808143","5.5820745064348","5.56264786071622","5.43716613863573","5.43546659055392","5.4811306893727","8.23198870714925","5.68939830964393","5.467038339368","6.82140628517867","7.28161234610846","6.34284685700518","6.21357961398596","","","","","","","","","",
"Egypt, Arab Rep.","EGY","Alternative and nuclear energy (% of total energy use)","EG.USE.COMM.CL.ZS","","","","","","","","","","","","5.5585273337491","5.15818848499765","5.53713379625132","5.87028622233481","5.96342797128968","6.03436122173856","6.24069585209754","6.24450259862991","5.79131222442301","5.58389247161667","4.99431261557829","4.67603437126445","3.94979201488553","3.49529879826558","2.9039351190037","3.02867597584667","2.65166440028684","2.69182673761589","2.79766781215609","2.26901578464526","2.26194445182167","2.15149839878838","2.23967401516812","2.46578499474228","2.39407036261926","2.37519741250069","2.39133029676099","2.26796328125946","2.63531149773013","2.42498746789487","2.40542487299123","1.98556418188441","1.97351557871403","1.80271342319247","1.56398839796882","1.52923405228725","1.72059572087928","1.58192341058979","1.39226529994013","1.49446536049237","1.4579186127784","1.37237719625831","1.46594454530422","1.49971772834215","","","","","","","","","",
"Euro area","EMU","Alternative and nuclear energy (% of total energy use)","EG.USE.COMM.CL.ZS","3.81328853071987","3.62776419627131","3.29224994628614","3.42918266157699","3.12987789058674","3.48501307421893","3.77937532885587","3.49466875283824","3.35981996242519","3.33896167408199","2.98290325792824","2.91474610823009","3.17268450323507","3.02756919195192","3.42509673016219","4.19638183341044","3.82197525970442","5.04965000019639","5.24591607126394","5.61147752326504","6.30573830454373","8.32897446390481","9.25626262259573","10.5613095842848","12.7807969588267","14.5197385173375","15.3857002881815","15.7049689769977","16.5798659390298","16.6724476110947","16.2656460446883","16.4183702539525","17.1716764570326","17.8559372041945","17.6577524756292","17.5262181146378","17.8313094359809","18.0253728894606","17.5655179452621","17.9694292364258","18.3914500920035","18.3576107416707","18.4103745738192","18.2627420583939","18.3243795282976","17.9856453336908","18.1868792116522","17.8540196007396","18.2780170761108","18.4614825111398","18.7432823855779","19.1590485547527","19.1497430355641","19.7655022320042","20.8849997792029","20.4847525275899","","","","","","","","",
"Eritrea","ERI","Alternative and nuclear energy (% of total energy use)","EG.USE.COMM.CL.ZS","","","","","","","","","","","","","","","","","","","","","","","","","","","","","","","","","0","0","0","0","0","0.00826388308335087","0.0127117391432879","0.0122598460106319","0.012148763015775","0.0115945624198661","0.0114908126944085","0.0107300956725275","0.0115658243339565","0.011286711341045","0.0247782919113283","0.0239920212580467","0.0255022611016384","0.0238292165590888","0.0232180485230216","0.0226434071482077","0.0219853260730629","0.021564964455422","0.0211211654953834","","","","","","","","","",
"Spain","ESP","Alternative and nuclear energy (% of total energy use)","EG.USE.COMM.CL.ZS","8.31403322905605","8.01788358864759","7.36191293695044","9.31613770624839","8.21607764654165","7.41330552522412","9.18234989922552","6.76417529808338","6.44006804413946","8.11226007497325","6.92239272715227","7.96524156661036","9.56524958744931","8.1286274500679","8.07095503627765","7.31891117488977","6.10673295390564","8.42209807171753","8.41993995205833","8.71977949345833","5.75061342488297","6.37397445806919","6.8045507372062","7.50624938319385","12.5508186187504","14.1017867905232","16.6356712088046","17.6809800614696","20.2079797570822","18.4929534169269","17.7476118322382","17.6098139443772","16.7348506302129","17.9777607195295","17.1760956942237","16.110944341476","17.817894994574","16.1701664091507","16.2923142040509","14.914441587169","15.3803781678888","16.1974390123383","14.6053590852012","15.1014111288927","14.4622320491963","12.692517767956","13.7077700030754","12.9301935497059","14.2553538805854","14.9796359012166","18.375066153335","17.3891352830148","18.7494143422788","20.812756639996","21.6004959937526","19.9753766538585","","","","","","","","",
"Estonia","EST","Alternative and nuclear energy (% of total energy use)","EG.USE.COMM.CL.ZS","","","","","","","","","","","","","","","","","","","","","","","","","","","","","","","0","0","0.000635851336912729","0.000787581282250373","0.00837929641454256","0.0284744461329895","0.0176090041733808","0.0196605917572131","0.0268546214499062","0.0408917488265178","0.0299162759679511","0.0323650444485037","0.0249022987517714","0.0341961761005999","0.0420759419605779","0.114852167445117","0.146564186886771","0.129048854935534","0.202727609083322","0.339457620589052","0.296589025212945","0.34911915342877","0.461627044799496","0.473770060005238","0.617871228736628","0.933236763253142","","","","","","","","",
"Ethiopia","ETH","Alternative and nuclear energy (% of total energy use)","EG.USE.COMM.CL.ZS","","","","","","","","","","","","0.187940372926206","0.18789954125257","0.194584400457115","0.198260096737254","0.195276690557818","0.199608366568891","0.203467541154386","0.216850775973138","0.230675503952718","0.249297488254737","0.254625295769338","0.284083239806463","0.299060658090209","0.318175766534698","0.30156859306225","0.309236999754163","0.299503268761847","0.286532978105814","0.280385639458416","0.300505833484567","0.303387864484072","0.322362125251683","0.331658497112859","0.348812341635157","0.362153269481745","0.372883610740726","0.381151194236017","0.379303237788614","0.371999616850733","0.379818368535693","0.375411956512913","0.426879572864384","0.448347784527594","0.486775857257687","0.542142172287777","0.579418066880107","0.580944122330391","0.583731592312352","0.599340089288291","0.76881789592043","0.847333328525451","0.998686352124692","1.11410312153567","1.18366988273577","","","","","","","","","",
"European Union","EUU","Alternative and nuclear energy (% of total energy use)","EG.USE.COMM.CL.ZS","3.71120281395612","3.63943720445378","3.36467402603956","3.4328539267992","3.23945911787088","3.4675621394357","3.66083766238452","3.4704268477237","3.31735666020523","3.17405667449481","2.87504509696602","2.68137075336185","2.93441400565839","2.86961761263182","3.18386059328978","3.97429124926532","3.75695793703264","4.72053840919935","4.92834459807722","5.15324054017872","5.77557295237867","7.58103207902103","8.19938999760621","9.32934559459072","11.2606436748649","12.702569953232","13.4640515551396","13.8402713002912","14.6820952141132","14.8603502589021","14.8355522282983","15.3140809375275","15.8065696251156","16.3154705133139","16.4270316661134","16.258649032251","16.4838992088474","16.7923176004463","16.6640113201137","17.1227036296654","17.369044612908","17.5492116798623","17.5549684415258","17.3139913151141","17.5991545255368","17.3351222280753","17.3257556145208","17.059519211696","17.4853429581756","17.668313280486","17.8953654744811","18.2845762389389","18.5222205674202","19.1346490296625","20.1614560597748","19.7781662064834","","","","","","","","",
"Fragile and conflict affected situations","FCS","Alternative and nuclear energy (% of total energy use)","EG.USE.COMM.CL.ZS","","","","","","","","","","","","1.2275922157471","1.34981811251356","1.32550234855799","1.52048068084323","1.65614716138095","1.80752322986911","1.8873283584346","1.78286819251843","1.90521655470738","1.70751069893454","1.6561211882062","1.66209024552508","1.66890211050388","1.79354348894628","1.87853462915872","1.9318564673707","2.13150234527575","2.31342026302178","2.36184730868142","1.64378508325155","1.75696764857309","1.81116994762992","1.82545022423447","1.73156103321615","1.71685731660699","1.89386641198177","1.84571720074206","1.86085176817023","2.0098307166459","2.07935656006437","1.97514335528603","2.0052185983184","2.10609321889074","2.30900655710922","2.45739120078013","2.49859261679558","2.47853479064381","2.34621282222842","2.35142270647372","2.31613399539675","2.44940842744408","2.34408043135213","2.47995120691128","1.4513889216809","","","","","","","","","",
"Finland","FIN","Alternative and nuclear energy (% of total energy use)","EG.USE.COMM.CL.ZS","4.65626861828224","6.8656870577772","7.9208962447625","6.42187982842952","5.88452138972666","6.10414016233211","6.35765764091297","6.94532969784128","5.83290704577517","4.43373111558151","4.46377592919925","5.03035810509942","4.568726584889","4.29946312933059","5.28268475969476","5.30430126355485","3.84996098368375","8.10918315001217","7.61642413616539","11.3820686496425","11.011019874052","21.0925368216725","23.7003927909871","24.7004104530164","25.2626354036837","23.3316797048614","22.3717107501753","21.4506109061542","22.583226810788","21.3402699977594","21.2462016607315","21.7094055265917","23.4917506163815","22.432058758669","19.9953685389225","21.2571568021041","19.5393891005134","20.2711278848357","21.6760291183889","22.1573580383235","22.5048819298451","21.6323690017928","19.6486642236582","18.455210482503","19.526133877465","21.9728516971053","19.0282789411695","20.4421664894288","21.7942778016659","22.2960582624905","19.8224166188876","21.0095077300746","23.2640077291468","23.1515969057766","23.1708706917668","25.3513137210655","","","","","","","","",
"Fiji","FJI","Alternative and nuclear energy (% of total energy use)","EG.USE.COMM.CL.ZS","","","","","","","","","","","","","","","","","","","","","","","","","","","","","","","","","","","","","","","","","","","","","","","","","","","","","","","","","","","","","","","","",
"France","FRA","Alternative and nuclear energy (% of total energy use)","EG.USE.COMM.CL.ZS","4.48654731320403","4.12445070904227","3.63612349758973","4.05377955416314","3.1152281288404","4.09639501715514","4.59299510535378","4.100688947162","4.38361167288058","4.49841476474906","4.17651271850723","4.21163235869876","4.80921262882736","4.43684078999458","4.99991760981538","6.04588321514364","4.73014111806332","6.53714282976443","7.52791510225799","8.42610753870032","11.4726445393519","18.0051718099292","18.8913332303384","23.2799065550376","28.6122045025633","31.339126070734","34.6753701672079","35.5592360223943","37.197564100364","37.9226250784805","38.270053262033","38.1910936726416","39.9763319995582","42.4734777737829","43.5889441591371","43.6060389385454","43.2052867264959","44.3366912697722","42.295550909203","43.2783752361292","44.9099094723564","44.2439579165602","45.3656889466018","44.996736960723","45.0832544953727","44.9359555160014","45.6890366622628","45.2824083453018","45.285818454772","44.2373741287801","44.9792643559935","47.7200784759466","46.4504114320475","46.4461226935631","49.5904171808079","49.0615406348183","","","","","","","","",
"Faroe Islands","FRO","Alternative and nuclear energy (% of total energy use)","EG.USE.COMM.CL.ZS","","","","","","","","","","","","","","","","","","","","","","","","","","","","","","","","","","","","","","","","","","","","","","","","","","","","","","","","","","","","","","","","",
"Micronesia, Fed. Sts.","FSM","Alternative and nuclear energy (% of total energy use)","EG.USE.COMM.CL.ZS","","","","","","","","","","","","","","","","","","","","","","","","","","","","","","","","","","","","","","","","","","","","","","","","","","","","","","","","","","","","","","","","",
"Gabon","GAB","Alternative and nuclear energy (% of total energy use)","EG.USE.COMM.CL.ZS","","","","","","","","","","","","0","0.0410776089774637","0.0298165519307258","0.546564082096467","0.946985593467663","1.11849621186881","1.90592872978089","1.65145887733753","1.95386217576405","1.62720429418922","2.2979560176718","2.638648431377","2.88140555651517","3.4541677503465","4.21810117059992","4.38576286502951","4.65565394223632","4.47225105161051","4.57200734356528","4.06154130040079","3.93152120988565","3.67410006403055","3.45967777238235","3.61185072474196","3.37542016571764","3.35115686921753","3.49096770132211","3.41252914919267","3.66518189860404","3.53168052581583","3.59661543568086","3.13382370689881","2.59895263630792","2.222934060389","1.74882730751483","1.80877682961733","1.37449868779238","1.39689058606129","1.34878129701155","1.1533183971388","1.32934185363784","1.62705386357708","1.24189136791019","1.21209887479637","","","","","","","","","",
"United Kingdom","GBR","Alternative and nuclear energy (% of total energy use)","EG.USE.COMM.CL.ZS","0.535343909094523","0.631569418030263","0.787687006207263","1.13262088466181","1.4039629929676","2.37812850672531","3.10669838477427","3.50501621579617","3.7919875880673","3.98859161102341","3.49302452737768","3.57872922862453","3.78087101505764","3.49792749665854","4.33811145865691","4.12750232417543","4.79023643205436","5.1828542598546","4.86300397479769","4.76761045297364","5.03097688279587","5.3371750676773","6.1937700572112","7.04357665960204","7.57746825201676","8.10444886652753","7.75060120666563","7.17569084449885","8.17846498278871","9.23508297328756","8.57642331371602","8.87140432508976","9.70794574127889","11.0993299358862","10.9307766606972","10.9954254627871","11.1612947745096","11.9357294507779","12.0275632675646","11.516616103107","10.3017907893653","10.8262964376226","10.8488969504926","10.72916140219","9.86697144588982","10.0667270373278","9.54183889846023","8.43664210382897","7.32700890761897","10.069874538926","8.83240667929347","10.8080732504418","10.9085227804939","11.4340020904081","11.5812862238081","13.1204197977575","","","","","","","","",
"Georgia","GEO","Alternative and nuclear energy (% of total energy use)","EG.USE.COMM.CL.ZS","","","","","","","","","","","","","","","","","","","","","","","","","","","","","","","5.17088402097107","6.04349787002106","5.62683523580686","6.47978197181446","10.5256910983868","9.73656063084109","9.69757959097055","12.5846103309318","14.8119147426919","16.4947938027622","15.0803287784673","14.4648262843875","17.4134062962988","16.8627781219597","16.2565796344835","16.3928620061312","12.1940497019309","12.76823406882","14.9439607942463","15.5186976158794","20.0437560152106","15.4694473794615","14.3971015759955","16.8111048333959","15.7463739341214","","","","","","","","","",
"Ghana","GHA","Alternative and nuclear energy (% of total energy use)","EG.USE.COMM.CL.ZS","","","","","","","","","","","","8.34907708414054","9.01093499422158","9.89635032851917","9.92606987261693","9.27993310854014","9.80096850925151","9.72024620864766","8.25124146624906","10.1873058862229","11.2772140308529","10.9116548073773","9.81880797860467","5.96828741298948","3.94266502586455","5.90234688149743","8.30792842920909","8.19871698813321","8.61510869311571","8.69307624050433","7.26387455908893","7.45006114961272","7.72847628981786","7.70787330596989","7.02828354550438","8.1118697618587","8.7363423213418","8.00916973825863","4.22963313153693","5.88631185578856","7.98257811924926","7.51535021297708","5.89843267797301","4.40232613728028","5.81789516536389","6.37279190634271","5.95456956251296","4.09269717610172","6.31793844485552","6.0505185774378","5.47996463854005","5.81714735326098","5.99735280678279","5.82305507729694","5.86864927919205","","","","","","","","","",
"Gibraltar","GIB","Alternative and nuclear energy (% of total energy use)","EG.USE.COMM.CL.ZS","","","","","","","","","","","","0","0","0","0","0","0","0","0","0","0","0","0","0","0","0","0","0","0","0","0","0","0","0","0","0","0","0","0","0","0","0","0","0","0","0","0","0","0","0","0","0","0","0","0","","","","","","","","","",
"Guinea","GIN","Alternative and nuclear energy (% of total energy use)","EG.USE.COMM.CL.ZS","","","","","","","","","","","","","","","","","","","","","","","","","","","","","","","","","","","","","","","","","","","","","","","","","","","","","","","","","","","","","","","","",
"Gambia, The","GMB","Alternative and nuclear energy (% of total energy use)","EG.USE.COMM.CL.ZS","","","","","","","","","","","","","","","","","","","","","","","","","","","","","","","","","","","","","","","","","","","","","","","","","","","","","","","","","","","","","","","","",
"Guinea-Bissau","GNB","Alternative and nuclear energy (% of total energy use)","EG.USE.COMM.CL.ZS","","","","","","","","","","","","","","","","","","","","","","","","","","","","","","","","","","","","","","","","","","","","","","","","","","","","","","","","","","","","","","","","",
"Equatorial Guinea","GNQ","Alternative and nuclear energy (% of total energy use)","EG.USE.COMM.CL.ZS","","","","","","","","","","","","","","","","","","","","","","","","","","","","","","","","","","","","","","","","","","","","","","","","","","","","","","","","","","","","","","","","",
"Greece","GRC","Alternative and nuclear energy (% of total energy use)","EG.USE.COMM.CL.ZS","1.66047707470361","1.844926617957","1.87832792435568","2.33550065519832","1.84130418757128","1.68280517363776","3.15655654857125","2.70515121351878","2.06411153444783","2.77664962257644","2.95399479139112","2.62450042352739","2.28243245185861","1.61863363303232","1.79264926938987","1.47552944804777","1.26882709775098","1.2083393338972","1.78637693632268","2.01001362682222","1.95450018611904","2.00064320581425","2.03496531377083","1.27808367218259","1.50492626544879","1.3744057872836","1.66759563949604","1.33467638425394","1.06579641792045","1.01872422310079","0.858918614419106","1.31965991376616","1.03827392715567","1.10775117166056","1.18842024093659","1.49289982037521","1.73205430754378","1.56956894022611","1.45909339101372","1.69418373841186","1.43801960181302","1.12854675334349","1.29892704310475","1.81624483273249","1.86707482815483","1.95185036099807","2.32899108099233","1.72916628881747","2.07667520765013","2.82163964782402","3.76829834657114","3.11544984617751","3.69539437728121","5.6372347217714","5.41764810310614","6.20248117731642","","","","","","","","",
"Grenada","GRD","Alternative and nuclear energy (% of total energy use)","EG.USE.COMM.CL.ZS","","","","","","","","","","","","","","","","","","","","","","","","","","","","","","","","","","","","","","","","","","","","","","","","","","","","","","","","","","","","","","","","",
"Greenland","GRL","Alternative and nuclear energy (% of total energy use)","EG.USE.COMM.CL.ZS","","","","","","","","","","","","","","","","","","","","","","","","","","","","","","","","","","","","","","","","","","","","","","","","","","","","","","","","","","","","","","","","",
"Guatemala","GTM","Alternative and nuclear energy (% of total energy use)","EG.USE.COMM.CL.ZS","","","","","","","","","","","","0.817696472970853","0.680086115399032","0.680262178298761","0.713156761014185","0.732976028526764","0.755308244498986","0.532505203595125","0.6288177203717","0.576017505086734","0.530646244538687","0.671475728408021","0.944407486942935","1.61576360306032","1.15271251988589","1.26377328261688","3.29072328777266","3.08060211626018","3.19943049734956","3.47938640422971","3.03073924712596","2.97813564740406","2.12621133187194","2.46917701073636","2.49214436099683","2.56408299928783","2.67705208787447","2.59914905426396","2.34620090854861","2.28721927466616","1.96062395820432","1.89756549956513","1.63124829744877","2.62985916042654","2.37748383142533","2.57157362514678","3.15633325494233","2.72952807728891","3.44379932541454","2.52261783162218","2.95036196357293","2.90597953335882","3.00498129888254","2.90269850627609","2.56505551987625","","","","","","","","","",
"Guam","GUM","Alternative and nuclear energy (% of total energy use)","EG.USE.COMM.CL.ZS","","","","","","","","","","","","","","","","","","","","","","","","","","","","","","","","","","","","","","","","","","","","","","","","","","","","","","","","","","","","","","","","",
"Guyana","GUY","Alternative and nuclear energy (% of total energy use)","EG.USE.COMM.CL.ZS","","","","","","","","","","","","","","","","","","","","","","","","","","","","","","","","","","","","","","","","","","","","","","","","","","","","","","","","","","","","","","","","",
"High income","HIC","Alternative and nuclear energy (% of total energy use)","EG.USE.COMM.CL.ZS","2.7390949662729","2.81099383455101","2.77638421877073","2.78087534536573","2.78879005302219","2.99122142431736","3.085468749938","3.0648437493763","3.06010106314056","3.07438430306719","2.99442707408884","3.12392768103279","3.38354936488795","3.54756501899404","4.20255114717463","4.98824000277436","4.92944852602781","5.44486805180746","5.96622850609998","6.04849302777627","6.49059593732046","7.42382599478337","8.02760854056849","8.83179870712125","9.68642491495023","10.7949536349378","11.4059595763247","11.6506511685167","11.9491295925294","12.0866045579378","12.0143531301905","12.4835014271747","12.4046315779996","12.6474500808488","12.7006042824122","12.9388440021862","12.9472815761499","12.7137175827593","12.9141805973086","13.1054993916291","13.0344988742391","13.0828501520972","13.0834722942154","12.7031821868172","12.9343538013388","12.9945296281755","13.0602541980643","12.6484044289047","12.8729788251246","13.3294509801156","13.1158405046018","12.5888738595084","12.1157410909339","12.3430061251671","12.5859102278744","13.9017040921598","","","","","","","","",
"Hong Kong SAR, China","HKG","Alternative and nuclear energy (% of total energy use)","EG.USE.COMM.CL.ZS","","","","","","","","","","","","0","0","0","0","0","0","0","0","0","0","0","0","0","0","0","0","0","0","0","0","0","0","0","0","0","0","0","0","0","0","0","0","0","0","0","0.000677749732065152","0.000633549465727969","0.000663709333565625","0.000627000613301372","0.0639334450422536","0.0502336800333552","0.0609160537737786","0.0637157290404246","0.0704687512613531","","","","","","","","","",
"Honduras","HND","Alternative and nuclear energy (% of total energy use)","EG.USE.COMM.CL.ZS","","","","","","","","","","","","1.4981931266827","1.84038412668691","2.09279499366888","2.29599975438142","2.34556420819675","2.31918798456871","2.37933434797485","3.19994939154839","3.54500486196254","3.59539845453253","3.79659099402545","3.61424416366332","3.62051330373739","3.72351360897559","5.60814913089429","5.98054598633135","6.93985034992104","7.20413130918112","7.26023842053277","6.39315356733871","6.24598387191516","5.45068656869042","5.37358636204108","4.18235289466967","3.71281712245236","4.73264772197842","4.59864907841518","3.99461158606429","5.13266603982486","5.69752150308629","4.40193720356557","3.56715796944738","3.45450058769223","2.52478190281655","2.74154071496785","3.2974497252986","3.14356588010045","3.34262132148544","4.10343818216453","4.36747969350069","3.54794597402926","3.59652667564698","3.40722362321271","3.32795170548503","","","","","","","","","",
"Heavily indebted poor countries (HIPC)","HPC","Alternative and nuclear energy (% of total energy use)","EG.USE.COMM.CL.ZS","","","","","","","","","","","","1.51501288663914","1.90449808791213","1.96715679040555","2.38261566148453","2.4404983826458","2.60077642864123","2.75314050291927","2.59101911694094","2.8192607184391","2.94426408758611","3.07537954414504","3.06209533231661","2.73941564032089","2.77325933695367","3.12477038740981","3.18140785445431","2.98805392525925","2.97586159992452","3.21068409775674","2.09798843793709","2.13149775093823","2.10600460338861","2.13387307077988","1.91432342215397","1.97968889885987","2.01937075332802","1.92430389478525","1.66108019513754","1.79166557477969","2.08766942729034","2.22526024282368","2.1021214476286","2.17520323755708","2.23384066207549","2.22601615890607","2.25644008189231","2.21416996112181","2.32603847139402","2.33451710940841","2.45063554563706","2.46237279577727","2.58457892393104","2.60926123322097","2.39443294100563","","","","","","","","","",
"Croatia","HRV","Alternative and nuclear energy (% of total energy use)","EG.USE.COMM.CL.ZS","","","","","","","","","","","","","","","","","","","","","","","","","","","","","","","5.49149001518246","7.98237173657549","5.33982639416258","4.95969770191205","6.74386033363426","6.68628481706869","7.71297319006813","6.36928281927589","5.69769324774852","6.53640321024767","6.96584800984005","6.68076671713292","5.63347585445114","4.82190250965151","6.757096237004","6.89838754702189","6.90370585375778","5.02477616068788","6.52607991384869","7.94073889668025","9.26995557249547","7.07336657936056","7.738147899307","10.3600523290762","11.9438258123941","","","","","","","","","",
"Haiti","HTI","Alternative and nuclear energy (% of total energy use)","EG.USE.COMM.CL.ZS","","","","","","","","","","","","0.154349710444729","0.438373488534152","0.454494550972722","0.654489711235709","0.8628121656982","0.804456535136372","0.707548933815005","0.837311502425846","0.822463852062987","0.908318410730832","1.23496234097279","1.15777685926046","0.915881312766819","0.921083000824155","0.987116891729601","1.86793454169419","1.82284370241282","2.15824206216085","2.19326981000163","1.66640836874997","1.21360341583739","1.0202891296758","0.856902685029406","0.551036722475547","0.511413549980569","0.461524114604182","0.403964024846079","0.493855940886815","0.754462804624666","0.644065285810718","0.580497722686232","0.453176936861406","0.450943120602934","0.435980483821828","0.399527703907606","0.39638535459999","0.18020116567459","0.186730797647546","0.219707782921429","0.15573157687209","0.065987072943642","0.209175113051614","0.127892944744258","0.0739733683419952","","","","","","","","","",
"Hungary","HUN","Alternative and nuclear energy (% of total energy use)","EG.USE.COMM.CL.ZS","","","","","","0.044543937414732","0.0583523283732497","0.0467632621128586","0.0495227979565602","0.0493403640231807","0.0423117891334291","0.0433649339882335","0.0483769631151737","0.0408276669629955","0.0316260674705784","0.0611948297048033","0.0579292911561282","0.0495471198368278","0.0415373902311114","0.0444621547069809","0.0339814372870846","0.0512838351562617","0.048551898958364","2.37196273119875","3.46471373753534","5.72020266584108","6.57332774753072","9.36640499362445","11.5934226760323","12.0584226708502","12.8077866006785","13.4534471158965","14.9146099256514","14.4061096561899","15.141265421059","14.5495783567569","14.4097786548044","14.4905359146838","14.6290901731566","14.9025026957209","15.2815190202053","14.8822950335389","14.6932524286616","11.4595050011964","12.3988856346539","13.5777192863048","13.3594284001854","14.8799334002503","15.2410175728741","16.9575636870678","16.8155599461867","17.3452892170315","18.6143384950596","19.0844241245102","19.0489669141643","18.4514634352703","","","","","","","","",
"IBRD only","IBD","Alternative and nuclear energy (% of total energy use)","EG.USE.COMM.CL.ZS","0.216639870347843","0.237760392775779","0.225037477334171","0.327022297345232","0.269390928568923","0.341879782607615","0.343832614533275","0.342078114494343","0.406689648813783","0.386889069169521","0.429200506513402","1.3690657593641","1.4473712130734","1.54530414385174","1.70341070801404","1.80122555673167","1.93875905333861","1.9490842654296","1.98495645782384","2.12001383428865","2.29952121234665","2.51518647988033","2.58870891423797","2.74284303162277","2.9361115344738","3.0421670602292","3.10548463936214","3.15402793036311","3.36906932961218","3.36502750131685","3.33896676170071","3.41311511490403","3.48192131574564","3.59303458530007","3.66902191479544","3.74585731957236","3.87052977713338","3.95168166322294","3.99526311921448","4.02392699921927","4.1595987082785","4.23082681095805","4.25008067631652","4.21513807974601","4.18508456740376","4.19474446941899","4.2086612367207","4.19022506722774","4.28516971484727","4.33591279465616","4.33150688745726","4.41213195044218","4.5731942922783","4.7644802850818","4.96298293152506","4.10183159497262","","","","","","","","",
"IDA & IBRD total","IBT","Alternative and nuclear energy (% of total energy use)","EG.USE.COMM.CL.ZS","0.216639870347843","0.237760392775779","0.225037477334171","0.327022297345232","0.269390928568923","0.341879782607615","0.343832614533275","0.342078114494343","0.406689648813783","0.386889069169521","0.429200506513402","1.34486586869824","1.44042279057706","1.53829475387218","1.70772238350277","1.80705529150888","1.94700161514081","1.9591257772453","1.98698094032739","2.12386487635052","2.27736631711493","2.47392132460299","2.53677758291636","2.66467957688067","2.84948098123411","2.95379079162012","3.02716151450321","3.05842278732941","3.25851210256042","3.26184776943582","3.2352517020531","3.29989971457905","3.36413600570719","3.45589074659464","3.52478608014838","3.59033502588446","3.69443032627872","3.7549702087823","3.77366682624642","3.79996730209511","3.93690924328569","4.00319017039368","4.02134774450812","4.01135984552169","3.99520967604914","4.0107462576783","4.02885050707287","4.00901813657823","4.09512664233852","4.14847284120958","4.1646009755329","4.24401824044366","4.39771252279666","4.58396808162932","4.78266810253061","4.10183159497262","","","","","","","","",
"IDA total","IDA","Alternative and nuclear energy (% of total energy use)","EG.USE.COMM.CL.ZS","","","","","","","","","","","","1.15740367391416","1.38545356875328","1.48204754891956","1.74257737451054","1.85609108517187","2.01709837342235","2.04701051839338","2.00531124998345","2.15875772587223","2.07856366941052","2.11169376314152","2.08193762816086","1.98580490857584","2.0834864185102","2.17193776980637","2.32819977913674","2.20355136854928","2.2641553642156","2.34223127142949","2.04454143199975","2.03823428142768","2.09172132853665","1.9930437804165","2.02095658653003","1.96221271917278","1.88377657786408","1.77053531379014","1.62294007262312","1.65612751529369","1.80346127071637","1.8370587582208","1.83746264791446","1.99313902985988","2.04759989416973","2.07536580099118","2.08421793946735","2.0157252314494","1.97640184697658","2.01310277166719","2.19317948145651","2.24380468017077","2.30103672286157","2.41349774731065","2.38285299606534","","","","","","","","","",
"IDA blend","IDB","Alternative and nuclear energy (% of total energy use)","EG.USE.COMM.CL.ZS","","","","","","","","","","","","1.26443664477423","1.37253002283373","1.51049254873705","1.69093595717859","1.8316500373101","1.9771049309173","1.85125830230691","1.87913309910467","2.01617230230546","1.6903751500301","1.70646470784314","1.68919528156714","1.77850964035702","1.91769813591686","1.85958117761313","2.20264341939327","2.09920091955876","2.25421430159923","2.20880784453693","1.46002009413475","1.46574809927346","1.56242968419779","1.4636977779869","1.55662636655616","1.51492371349461","1.39696211420072","1.36933552826815","1.27813821038581","1.21610533644791","1.32673975269817","1.36165407948327","1.44816647965249","1.65190031861866","1.73116256422524","1.79347589576472","1.7987988133901","1.72884177812532","1.64018098351181","1.69292206190385","1.9017954896805","1.87450244086899","1.82021339674855","1.91828907698341","1.89993291833032","","","","","","","","","",
"Indonesia","IDN","Alternative and nuclear energy (% of total energy use)","EG.USE.COMM.CL.ZS","","","","","","","","","","","","0.189685208382946","0.155582505037861","0.232176556930174","0.237859841889595","0.249455181451668","0.218432703947628","0.200012560184216","0.232803609801638","0.230474416347425","0.207650865345981","0.238973705727969","0.411898911273767","0.842653354608591","0.873383182354825","0.97572585748949","1.14507243932248","2.15968808846784","2.84834951264991","2.83358579577166","0.515839045752161","0.537854310938795","0.66450686511598","0.558998248924377","0.506719583611751","0.538017473894786","0.560518895286494","0.408720438438022","0.645176390703578","0.603096989619403","0.697608146602331","0.796935862625596","0.677335042151991","0.639576316232767","0.662289287272607","0.700147940703874","0.648572291920001","0.73552095661815","0.787998661919356","0.764661577618579","0.947814874501349","0.800177347678535","0.789529582538626","0.904904505605409","0.83857029181184","","","","","","","","","",
"IDA only","IDX","Alternative and nuclear energy (% of total energy use)","EG.USE.COMM.CL.ZS","","","","","","","","","","","","1.07015437693354","1.39615778943977","1.45823616743638","1.78624100141628","1.87717876826967","2.05190641613392","2.22023661568356","2.11917163722545","2.28912942822127","2.44241996700065","2.50196273910898","2.46419961542005","2.18984143679699","2.24400771258183","2.47947759209014","2.45198404434468","2.30974623478231","2.27431399955516","2.48075930448757","2.79336150718493","2.78879598582101","2.7927062656645","2.71253049471627","2.63534628611461","2.52622010937075","2.50212946369536","2.27613121205973","2.05660172619184","2.21331025785992","2.4050031698613","2.43020003926749","2.31712471177794","2.41307965654222","2.43291517109864","2.40874124737022","2.41791095094721","2.34866321864125","2.3628393859717","2.36737706515811","2.51654881685374","2.661050553744","2.848355638805","2.95703309128977","2.84008240775554","","","","","","","","","",
"Isle of Man","IMN","Alternative and nuclear energy (% of total energy use)","EG.USE.COMM.CL.ZS","","","","","","","","","","","","","","","","","","","","","","","","","","","","","","","","","","","","","","","","","","","","","","","","","","","","","","","","","","","","","","","","",
"India","IND","Alternative and nuclear energy (% of total energy use)","EG.USE.COMM.CL.ZS","","","","","","","","","","","","1.79207910285762","1.69621453534872","1.95084294612172","1.79050289360182","2.06440197921183","2.14966530073499","2.09939287765441","2.56247323200098","2.39055106764798","2.39281076401946","2.40385758632736","2.14779585917522","2.31710057303066","2.42990758453851","2.30277092182632","2.32313626904013","2.03183579124877","2.32004135838273","2.23426604255546","2.00733326622036","1.90685429209054","1.89674345503771","1.76740201680595","1.95708222309355","1.82652237700624","1.76282009840488","1.84808694394818","2.03238085071758","1.92046280026443","1.98797486040371","2.09168766047616","1.98819389677416","2.01882657280948","2.02014246270666","2.19468590160713","2.37072000387986","2.30283953654908","2.0420784936469","2.02089433524891","2.35206386103764","2.70431403790106","2.52600082028552","2.72066307454044","2.66772054665755","","","","","","","","","",
"Not classified","INX","Alternative and nuclear energy (% of total energy use)","EG.USE.COMM.CL.ZS","","","","","","","","","","","","","","","","","","","","","","","","","","","","","","","","","","","","","","","","","","","","","","","","","","","","","","","","","","","","","","","","",
"Ireland","IRL","Alternative and nuclear energy (% of total energy use)","EG.USE.COMM.CL.ZS","2.14862080215141","1.60915617673539","1.41452593389062","1.35812008983411","1.54520003446815","1.86028057534773","1.55647346345722","1.33613704693478","1.20895199910294","0.865824937512714","1.15253318512535","0.596535935648664","0.880078302540646","0.801758936114648","0.949898062599176","0.674077923203319","0.747617375737735","0.890510014470408","0.827609407184159","0.830808545973936","0.875076800532322","0.897170111595608","0.839518470940017","0.822102941861432","0.713925886510061","0.830354933325761","0.891869536122669","0.634152088221269","0.820515154671571","0.63836344174349","0.527834752384458","0.56557023141367","0.628381965362685","0.596495048031004","0.667581884702847","0.524022543916095","0.516719475991561","0.529772570744649","0.708577059364413","0.663463543410159","0.664902302860119","0.555826476855369","0.75444330331947","0.695784312936886","0.806259015289102","1.09621133057054","1.42915824504425","1.52205003127054","1.90037980016283","2.32862144796663","2.10764820982877","3.39436713409989","3.25737600594265","3.69283051072214","4.22176805387632","4.80014899386715","","","","","","","","",
"Iran, Islamic Rep.","IRN","Alternative and nuclear energy (% of total energy use)","EG.USE.COMM.CL.ZS","","","","","","","","","","","","1.38784384591183","1.86313834984947","1.1841777396465","1.19896695332205","1.11239783855322","1.12792675711835","1.06783306086228","1.63552384549298","1.25184539709077","1.2699377961177","1.24992871803243","1.10587063522349","1.24565533284032","0.992666174274802","0.887364514934449","1.19393422123552","1.30639634856481","1.11363777375671","0.9764111602474","0.629594269177805","0.659838567435884","0.839968845328521","0.786154437386769","0.5271794038378","0.492289182120135","0.526255294386246","0.43126826344656","0.426861801289601","0.265705467333289","0.200570961413475","0.2546031329374","0.388836054484516","0.521746028156829","0.456707392292341","0.612650634154534","0.667899955494331","0.618805468840916","0.167344051225312","0.244365980226369","0.326110816413158","0.441577960162842","0.616512900048027","0.991012606517898","0.908868457414736","","","","","","","","","",
"Iraq","IRQ","Alternative and nuclear energy (% of total energy use)","EG.USE.COMM.CL.ZS","","","","","","","","","","","","0.428347862295128","0.40117871905501","0.536057151344152","0.680070244930066","0.651090057713913","0.523733038115994","0.624462947240347","0.685452208992676","0.838031634107865","0.610295543896335","0.545483111807505","0.517726046867652","0.429415958511761","0.412855628573482","0.356383085322363","0.324185623410524","1.41511428123713","1.17359895719749","1.06518229670834","1.05980176687844","0.457116712644639","0.242050090169696","0.159797412092954","0.132084246863488","0.1403876224282","0.138827691019801","0.120036033596898","0.168365339002469","0.217923649343359","0.185002429010142","0.170522603601325","0.150019772350772","0.138187581414997","0.159122572430968","1.44631074821119","1.67500646184807","1.2766529187546","0.645529197296051","0.556619030131666","0.786383633790343","0.512925064648215","0.627735248619401","0.639043032728718","0.330700641375957","","","","","","","","","",
"Iceland","ISL","Alternative and nuclear energy (% of total energy use)","EG.USE.COMM.CL.ZS","27.8722720251864","30.2433092354096","30.7826433337256","30.2899807511645","31.8325833850723","30.4088993702621","31.2387789219336","33.7593419776226","34.4837137299441","42.9560226217608","45.6538523775399","46.8714849156823","49.8213419063161","48.3861942216394","48.0608785010344","52.3350308907201","54.9238083584388","54.4467700052546","55.554754789257","57.4493243587817","60.4020007843331","66.1785265852127","70.1931664775247","71.5423602712817","69.3468091640971","70.7335930449398","68.9892680321013","68.1265807583085","69.6823428592038","69.8386001277169","32.0508583718403","34.6752590675447","36.3927245381804","34.7006776493386","34.9770255667834","35.7139303237002","32.6814495456878","35.3051816842042","35.9691985925116","35.1777122269242","33.6664015923057","36.0788360447619","36.2908459551861","36.2598184068273","37.6279139258131","37.4919293046084","33.1078916864554","31.8423749586994","35.8246325372982","35.2120766512407","35.0222056255328","33.2322348377082","35.5282239577125","34.8336173059321","35.4331481085884","37.5169341332485","","","","","","","","",
"Israel","ISR","Alternative and nuclear energy (% of total energy use)","EG.USE.COMM.CL.ZS","","","","","","","","","","","","0","0","0","0","0","0","0","0","0","0","0.00236200500717596","0.00217887665227257","0.00116783563392427","0.00226170147802192","3.05032878756046","3.2676426312205","3.13076990150157","3.00466776332553","3.03461391934304","3.12520245262224","3.29918064315079","3.02623894046923","3.03504001869992","2.98632877950194","2.99065744654299","3.0517307308524","3.04921656105694","3.12374554377534","3.22516753150539","3.28055493067151","3.2754428544698","3.5046215905432","3.51164159435903","3.78348841635356","3.94174960145811","3.62697728135022","3.5990881747449","4.66012071008308","4.86869371548054","4.88473116239766","4.8475246000467","4.69773893981208","4.96383476670684","5.19155146828153","5.2453220351346","","","","","","","","",
"Italy","ITA","Alternative and nuclear energy (% of total energy use)","EG.USE.COMM.CL.ZS","14.4171709103218","12.3507552562822","10.4760257734943","10.6441546404119","9.74369702157656","9.90582134361227","9.35379039319798","8.17099220309337","7.36312442789423","6.47738235451237","6.09087600411584","6.19363362282026","6.02624324388207","5.18635889474804","5.15795831005205","5.69759898661147","5.17659202414928","6.02433906713548","5.71277791542497","5.14889301511012","5.16935026181834","5.23051662194213","6.16502501026824","5.9397998566287","6.18217661916482","5.93112514393158","6.25979569169081","4.41067352375237","4.40799272495887","4.02053655302252","2.20191882063947","2.75648507536735","2.7958208127486","2.82186482119443","3.01418459101107","2.38570851742243","2.64952562719863","2.61420493655333","2.556305910699","2.7650203484119","2.68865353787871","2.88076846456526","2.52275361451718","2.31867259048058","2.59784369289799","2.32840754482085","2.43668494086179","2.30201194603177","2.77310886396459","3.5214304461868","3.74133313217941","4.30942246236426","4.89993476693008","6.13189674201849","7.06293000225121","6.32722059410873","","","","","","","","",
"Jamaica","JAM","Alternative and nuclear energy (% of total energy use)","EG.USE.COMM.CL.ZS","","","","","","","","","","","","0.538987562896804","0.472879616923053","0.291917846075567","0.384245073060399","0.42009959932805","0.388987780602668","0.394613488001839","0.400605972228973","0.38704809493284","0.4529389019655","0.462951000404813","0.507254925091424","0.644494394147791","0.643006999804107","0.748064600307344","0.736203881677769","0.597455561811085","0.473482577193032","0.474710846677785","0.182438628137453","0.231515053073672","0.226006283183765","0.209833007897881","0.22622446517212","0.229297315865903","0.231175006941298","0.24932525860296","0.251121154358857","0.248801774224644","0.236859595331278","0.12324125995697","0.206101279917827","0.246926313874682","0.340584251991127","0.406355176025057","0.398472750030523","0.386516141551824","0.370471809713972","0.405246569876504","0.482902626947435","0.512995744910598","0.625903277532512","0.528490530109547","0.569707729933871","","","","","","","","","",
"Jordan","JOR","Alternative and nuclear energy (% of total energy use)","EG.USE.COMM.CL.ZS","","","","","","","","","","","","0","0","0","0","0","0","0","0","0","0","0","0","0","0","0","0.00918868865303797","0.0548792672912514","0.0786907112765958","0.0491926119560927","1.79731414027229","1.73054079979007","1.55521070098986","1.58340432650753","1.46325047895864","1.38012351924298","1.35203857616318","1.36250021070188","1.37567922219565","1.402655066417","1.39680476381415","1.42556778904898","1.37411639336195","1.3333470833794","1.15495466533207","1.07983217519348","1.45155300066257","1.45971013600145","1.63190425256964","1.67624931633624","1.82190892806462","1.91322616245433","1.84870878863997","1.93579379773515","1.91772585795846","","","","","","","","","",
"Japan","JPN","Alternative and nuclear energy (% of total energy use)","EG.USE.COMM.CL.ZS","6.22361951064017","6.39675944191993","5.57886632620861","5.39095650236968","4.79633047816849","4.85897607783061","4.73606343134976","3.4919683413683","3.35744047548252","2.98992249634878","2.99519325542801","3.4860021343897","3.42609324208151","2.65439977805569","3.82755884511552","4.52595141780234","5.00643750962738","4.47730054732977","6.60549438121146","7.38910908608402","8.67592715355022","9.25547825559675","10.344653208411","11.3646136681738","11.6829700986475","13.7777003974725","14.1702919968152","15.2223464594452","13.9570198648743","13.7523405743559","13.8841224909225","14.5438735506875","14.565444534833","16.1164174583212","15.9318269478501","16.9399632454151","17.1440945105102","17.941619890019","18.984019671365","17.7793579050095","17.73644936726","17.862720284707","16.6045429795768","14.0580076695446","15.7435906438273","16.6844052248879","16.8356963880276","14.7718492929287","15.0942734757986","17.0570297481554","16.6637182405653","7.52200090353815","2.6498114043533","2.43115393600386","2.22189362602368","3.09202073923516","","","","","","","","",
"Kazakhstan","KAZ","Alternative and nuclear energy (% of total energy use)","EG.USE.COMM.CL.ZS","","","","","","","","","","","","","","","","","","","","","","","","","","","","","","","0.952842349651314","0.891784063285858","0.79710863456395","0.957521591153409","1.17830555501135","1.06174213409328","1.07683188228136","1.05816373279485","0.987912216498559","1.12953233674009","1.24444216486291","1.3773485195305","1.30168541737791","1.13025812745262","0.881375907791066","1.18941095139467","0.990002625998992","0.964545102334483","0.594106795612179","0.614376809706427","0.693134720559893","0.655564339048165","0.654035030794206","0.520312679642313","0.60888813034448","","","","","","","","","",
"Kenya","KEN","Alternative and nuclear energy (% of total energy use)","EG.USE.COMM.CL.ZS","","","","","","","","","","","","0.550926705432224","0.623193698742969","0.617566101731906","0.797627701056286","0.923565192642455","0.790890171827507","0.967945574812918","1.34559717855928","1.58264036774074","1.23614171369434","1.60997965904343","1.66140052293525","1.90224586794798","1.7809363272981","1.99550431440795","4.86759047395427","4.79588360193956","4.72121724155253","4.67280335015314","2.0187262635879","2.13119141979817","2.14895674984085","2.22818897573319","2.30776635118234","2.12636218098951","2.16897934797234","1.9924253576122","1.95084051767627","1.45435615164734","0.890299375251216","1.43683843514008","1.75680404278605","1.9895248071528","1.80661718103026","1.7389231833782","1.79456364110177","1.87705370653591","1.63132850505135","1.35672190530388","1.7972407905833","1.76982655208531","2.04937627283858","1.98173071194142","2.23894077499308","","","","","","","","","",
"Kyrgyz Republic","KGZ","Alternative and nuclear energy (% of total energy use)","EG.USE.COMM.CL.ZS","","","","","","","","","","","","","","","","","","","","","","","","","","","","","","","7.24531508851909","8.15933590328571","11.6444131708086","14.5608989144351","23.0585382813604","25.7946449595561","21.2958838269445","20.8601705114456","19.361746639163","25.9670310612043","25.5970155265588","23.6197034402545","20.1211670031752","23.0516592272957","20.2696700334846","19.5068641533435","20.0066732988303","18.3894199916643","16.54746192098","18.8328866759601","20.2951936183187","21.1116134842023","18.6523126071659","20.904031642657","22.7125830672669","","","","","","","","","",
"Cambodia","KHM","Alternative and nuclear energy (% of total energy use)","EG.USE.COMM.CL.ZS","","","","","","","","","","","","","","","","","","","","","","","","","","","","","","","","","","","","0","0","0","0","0","0.00252024400650809","0.00250717606264908","0.0548982487692918","0.0738542981529663","0.0639088498000893","0.100524111668848","0.119243174583179","0.114241617630907","0.124447288576003","0.115116225744109","0.110706029810324","0.185012225357854","1.7404604869063","2.89563711875362","3.31926620677437","","","","","","","","","",
"Kiribati","KIR","Alternative and nuclear energy (% of total energy use)","EG.USE.COMM.CL.ZS","","","","","","","","","","","","","","","","","","","","","","","","","","","","","","","","","","","","","","","","","","","","","","","","","","","","","","","","","","","","","","","","",
"St. Kitts and Nevis","KNA","Alternative and nuclear energy (% of total energy use)","EG.USE.COMM.CL.ZS","","","","","","","","","","","","","","","","","","","","","","","","","","","","","","","","","","","","","","","","","","","","","","","","","","","","","","","","","","","","","","","","",
"Korea, Rep.","KOR","Alternative and nuclear energy (% of total energy use)","EG.USE.COMM.CL.ZS","","","","","","","","","","","","0.66890116896843","0.636498059813016","0.512129141286266","0.699694695675109","0.591697906613867","0.566015919183931","0.438586142959909","2.2013431173119","2.55893529007456","2.60984567882308","2.43814534223792","2.68496123533671","5.5096756069925","6.45611074304115","8.80526124730621","12.6855386736087","16.2818530008004","14.5333448044715","16.1568859122416","15.395343200811","15.0065489187486","13.548083868232","12.4848230086382","11.7578948081372","12.2653120092228","12.4447483619542","11.9452154624349","15.2631517689428","15.8303149262145","15.3561505197844","15.5852032802373","15.9055327049175","17.019592260424","16.6761671479622","18.4928495999018","18.4628724574091","17.1070345157828","17.6489642067282","17.1453914666384","15.8724237926686","15.863163513228","15.2517349337761","14.1627433118238","15.6140052680816","15.9628201690884","","","","","","","","",
"Kuwait","KWT","Alternative and nuclear energy (% of total energy use)","EG.USE.COMM.CL.ZS","","","","","","","","","","","","0","0","0","0","0","0","0","0","0","0","0","0","0","0","0","0","0","0","0","0","0","0","0","0","0","0","0","0","0","0","0","0","0","0","0","0","0","0","0","0","0","0","0","0","","","","","","","","","",
"Latin America & Caribbean (excluding high income)","LAC","Alternative and nuclear energy (% of total energy use)","EG.USE.COMM.CL.ZS","","","","","","","","","","","","3.23732198060453","3.45424575423574","3.67887429168004","4.15902165327326","4.43022545918969","4.81350624502603","4.94340424750698","5.13438729419005","5.51088747275024","5.63885207243065","6.03277275263518","6.23345777718093","6.6655294735551","7.26092224068209","7.78015300913842","8.07219355645195","8.36419390012759","8.46500934020392","8.68356414932327","6.92877252333078","6.91766038544705","6.90442746486576","7.30930850085751","7.17702056458983","7.72539491218256","7.66466320798438","7.77009622542145","7.64958977952024","7.66068647099647","7.91038500731491","7.7873043992822","7.94571315050316","8.08965844764375","7.87720574825095","7.87904230639667","8.11272330282797","8.038415756999","8.01663259354279","8.17649455577706","7.81929564627798","8.3657963999222","7.87421410595974","7.50091353206495","7.29200191805837","3.51721073584162","","","","","","","","",
"Lao PDR","LAO","Alternative and nuclear energy (% of total energy use)","EG.USE.COMM.CL.ZS","","","","","","","","","","","","","","","","","","","","","","","","","","","","","","","","","","","","","","","","","","","","","","","","","","","","","","","","","","","","","","","","",
"Lebanon","LBN","Alternative and nuclear energy (% of total energy use)","EG.USE.COMM.CL.ZS","","","","","","","","","","","","3.90382461626693","3.637083981203","1.72840409371257","2.88409433425966","3.17896853560445","2.96532296159907","3.79179517251566","3.18178686005271","3.13727577169044","2.955319291726","3.10071600665106","3.12951897781736","2.48861752026006","2.54892016676656","2.16036699185965","1.8637799748916","1.96920887052395","2.60676364231565","2.19261232421496","1.96598757865699","1.79230974076347","2.25872888918995","1.53337136355582","1.5772112595859","1.28390947868416","1.41389481585193","1.38402373546577","1.26931556812193","0.560385122897393","0.865262395726642","0.619201576567585","1.11767674100841","2.07126560610065","1.75166469862926","1.7690732391679","1.36075775687811","1.3666389356398","0.753011438317092","0.966886289024909","1.3221508409755","1.28723086435393","1.40151530976876","1.74558687916459","0.523449394052419","","","","","","","","","",
"Liberia","LBR","Alternative and nuclear energy (% of total energy use)","EG.USE.COMM.CL.ZS","","","","","","","","","","","","","","","","","","","","","","","","","","","","","","","","","","","","","","","","","","","","","","","","","","","","","","","","","","","","","","","","",
"Libya","LBY","Alternative and nuclear energy (% of total energy use)","EG.USE.COMM.CL.ZS","","","","","","","","","","","","0","0","0","0","0","0","0","0","0","0","0","0","0","0","0","0","0","0","0","0","0","0","0","0","0","0","0","0","0","0","0","0","0","0","0","0","0","0","0","0","0","0","0","0","","","","","","","","","",
"St. Lucia","LCA","Alternative and nuclear energy (% of total energy use)","EG.USE.COMM.CL.ZS","","","","","","","","","","","","","","","","","","","","","","","","","","","","","","","","","","","","","","","","","","","","","","","","","","","","","","","","","","","","","","","","",
"Latin America & Caribbean","LCN","Alternative and nuclear energy (% of total energy use)","EG.USE.COMM.CL.ZS","","","","","","","","","","","","3.13464324615544","3.36346235592523","3.55305959772092","3.98983497171835","4.29412400316642","4.65711866499031","4.80966520969891","4.96535712170611","5.31781702278729","5.44533548533369","5.77984533272073","6.01982127959141","6.44114545192325","7.04883222154586","7.59408710509311","7.89369461800409","8.28229472868321","8.39002995968777","8.47945169077476","6.73799468765898","6.86764206627395","6.85679111908459","7.28342346080047","7.087253850984","7.60592773931708","7.47633954850165","7.62227281776508","7.40967738620887","7.41428308993579","7.70778068829319","7.57577697720001","7.65744863277132","7.81059529146586","7.65202560957607","7.72065889932147","7.87124548699963","7.79543577421025","7.70872070158254","7.8767952754403","7.45271265775232","7.9644446129008","7.46603913385766","7.26965163255121","7.08796563377912","3.87297073210308","","","","","","","","",
"Least developed countries: UN classification","LDC","Alternative and nuclear energy (% of total energy use)","EG.USE.COMM.CL.ZS","","","","","","","","","","","","0.817385577854637","1.09456823916234","1.13849350243142","1.44770423371522","1.53514337997011","1.6255987156081","1.79423424491609","1.72064886969367","1.75347551968909","1.77086709709787","1.82016345206276","1.84990481034323","1.81127698619152","1.80775006682718","1.83702436545614","1.79808530216955","1.64683074314586","1.63104738233753","1.66900414641802","1.10000143141849","1.10658347443464","1.1305476000208","1.14928495038364","1.07257014881263","1.01200453462073","1.03364508205704","0.987997448928403","0.979543127137632","0.985925986794079","1.20912437143295","1.3624499113876","1.39401809239077","1.50777601451238","1.57412162718228","1.60638965399094","1.67515993565897","1.67530542879566","1.69930868526965","1.71436127355537","1.8801747030153","2.01168811091687","2.1444784859437","2.29694666472377","2.16636632242638","","","","","","","","","",
"Low income","LIC","Alternative and nuclear energy (% of total energy use)","EG.USE.COMM.CL.ZS","","","","","","","","","","","","2.01837155899851","2.32701982592598","2.31701378126828","2.68732429132954","2.76561000397231","2.91382108909702","3.11014281379942","2.98434532672763","2.93618690051726","2.94090092572489","2.93013331693517","2.9211889827454","2.79991865337191","2.77664343569039","2.89372492888535","2.87982717382893","2.75524247378649","2.80844360338529","2.78058784210025","2.08437586728966","2.04549543526626","2.01068597584421","2.02284478967605","1.95740297550836","1.95281025113075","1.83890747092922","1.66926268525211","1.59269667630843","1.59378581167564","1.82657605731167","2.00837275320646","1.98164789730287","2.19287372075438","2.3815397973129","2.38097803256964","2.36458160350219","2.40054580944957","2.33717312223638","2.28808802906806","2.54361542928409","2.79241653583975","3.05963643799648","3.19371335011232","3.0066133680457","","","","","","","","","",
"Liechtenstein","LIE","Alternative and nuclear energy (% of total energy use)","EG.USE.COMM.CL.ZS","","","","","","","","","","","","","","","","","","","","","","","","","","","","","","","","","","","","","","","","","","","","","","","","","","","","","","","","","","","","","","","","",
"Sri Lanka","LKA","Alternative and nuclear energy (% of total energy use)","EG.USE.COMM.CL.ZS","","","","","","","","","","","","1.88851982479768","1.81975308153688","1.47299140779204","2.19184206800959","2.30651044284212","2.35771260971545","2.60311397264875","2.71897484584892","2.80095634582267","2.80503306654858","2.92307343034965","2.82619998234238","2.1282466783129","3.54959926712755","4.12303486753922","4.40750991481436","3.49250663675502","4.10747458414813","4.41780983903737","4.05954674809497","3.88576563647686","3.57543897632554","4.38692139169578","4.94285817431169","5.00153633208313","3.41480924888521","3.47972035784065","3.8284602507198","3.73064430429123","2.29645641588257","2.37873777389512","2.04461513013559","2.36311485256922","2.14731384539459","2.20229159030643","3.09946808914734","2.65658016306813","2.83713844474711","3.11849922137295","4.29524030380834","3.3354080324196","2.3127007734972","5.39951636077481","3.43447351989789","","","","","","","","","",
"Lower middle income","LMC","Alternative and nuclear energy (% of total energy use)","EG.USE.COMM.CL.ZS","","","","","","","","","","","","1.43688401631013","1.44161178765693","1.57410917458182","1.58240793436577","1.73750444019567","1.87947669836708","1.81217397979388","2.05090284226982","2.08605441032167","2.28585724633714","2.4210662527228","2.38730566418035","2.49195617150421","2.62611554355919","2.56354159078684","2.60188414277827","2.54800394831528","2.77813628929348","2.8120399037303","3.20002347249131","3.10921599468798","3.13300389361887","3.12449807668283","3.09885000135239","3.00523463515729","3.18272568643991","3.09926273491209","3.07275326752066","2.91925256925491","3.02147147433693","3.01401002965859","2.93702566495568","3.01525416429163","3.03422938332669","3.07560900143874","3.14991628871672","3.1117116344244","2.90885998132657","2.81094909654268","3.01223090790369","3.18141561015386","3.11416828804272","3.21323143978492","3.08826024852845","","","","","","","","","",
"Low & middle income","LMY","Alternative and nuclear energy (% of total energy use)","EG.USE.COMM.CL.ZS","0.806109187326652","1.00268972278519","0.815473685737917","1.48068137931212","1.10581508666177","1.40925023658866","1.37322070634664","1.34935000404001","1.70387888944433","1.7495392460005","1.55584818920711","1.43746990482205","1.51778091576372","1.6281824618419","1.79834754134134","1.90327059407904","2.06596748544768","2.06045249850531","2.09320249664564","2.23317915818731","2.38364894011365","2.5814524056351","2.6493565124311","2.77448277302922","2.94740342072441","3.04799304975643","3.133753191987","3.14775536768252","3.34699625533748","3.35216985405441","3.29393048913811","3.32563413713284","3.39442498011208","3.48869305430925","3.55710896171871","3.6226805126101","3.72784119973668","3.74865436866215","3.76932867685622","3.79001606900528","3.91766241669569","3.99005117429558","4.01428515701509","4.01567679460665","3.98131990303562","3.98603208734769","4.01082909806365","3.99299458267747","4.06894685130712","4.10987639701554","4.13710433037939","4.22456055549262","4.38772233441787","4.56128143941778","4.77806717338721","4.80051791525567","","","","","","","","",
"Lesotho","LSO","Alternative and nuclear energy (% of total energy use)","EG.USE.COMM.CL.ZS","","","","","","","","","","","","","","","","","","","","","","","","","","","","","","","","","","","","","","","","","","","","","","","","","","","","","","","","","","","","","","","","",
"Late-demographic dividend","LTE","Alternative and nuclear energy (% of total energy use)","EG.USE.COMM.CL.ZS","0.488238725178526","0.4464807034694","0.452161553055019","0.451209692366231","0.4791653642922","0.508550042876789","0.508838536089437","0.514551626041023","0.530158906341725","0.500973810076143","0.68365460715719","1.40819890946515","1.52816047872593","1.60623228238873","1.76367298510713","1.73020214496438","1.77772790207944","1.80682127633957","1.75266855196751","1.94863885091234","2.1954954422467","2.35081564034235","2.46715618594911","2.59046184917061","2.69062485992985","2.83508397032471","2.80208557552088","2.76962838858371","2.82769043100427","2.91596686418932","3.26113021432132","3.38366720974459","3.48464051634807","3.59290309923222","3.73724838990134","3.790613033353","3.8573174602406","3.98098546382695","4.04811563803039","4.22147078177575","4.42570928423926","4.54577372921845","4.58887809582445","4.53188330388062","4.4340089292835","4.41807656838317","4.38519372624377","4.4440857442493","4.66166929075575","4.78078196128642","4.67727016924854","4.68703053395666","4.98227053197516","5.18903609256621","5.57531250936117","6.10966322176398","","","","","","","","",
"Lithuania","LTU","Alternative and nuclear energy (% of total energy use)","EG.USE.COMM.CL.ZS","","","","","","","","","","","","","","","","","","","","","","","","","","","","","","","28.1329890904826","26.3656599989886","35.3510067954508","36.0116513660698","25.7930273236641","36.240942171769","39.4631764035445","36.0312966243881","38.5907432745173","33.2055084109922","31.7217275723654","36.5640846305815","42.3873018188514","44.3158511304581","42.6187349642584","31.2410422584244","26.7148786234226","27.9200514717706","27.9148993018658","33.1852907891569","1.71258972081404","2.42340765275036","2.38690372583914","3.36828237776611","3.80511456042233","","","","","","","","","",
"Luxembourg","LUX","Alternative and nuclear energy (% of total energy use)","EG.USE.COMM.CL.ZS","0.0520575756787006","0.14686975960039","0.11585216903999","0.00507079956485464","0.176498161545894","0.235057011126142","0.221179383338163","0.24031972721896","0.225778565020235","0.180882836915935","0.201068860239607","0.116440199095508","0.134293745827344","0.0911862057514537","0.154364105522939","0.161930092132547","0.102793750160778","0.18754851262937","0.169138308283321","0.206230175116456","0.236778885661476","0.298273367155632","0.277388178102903","0.285628881729715","0.266467018475877","0.244440465907056","0.285991345768858","0.324159345405943","0.31049305706672","0.222815176792108","1.40061261703659","1.39865400436602","1.2445801169874","1.25116070085666","1.96645180218103","2.99816252951291","2.25198773512811","3.54987387638985","5.92705255645376","5.12400613761688","6.09517281283476","2.79101380344252","0.772877781128645","0.73854579857309","0.781665627213489","0.81051240034228","0.975340058089676","1.1995687903977","1.47958828695589","1.26421433503283","1.22790967481589","1.3344215403544","1.55550139924577","2.50730725785098","2.49909003595528","3.71309534214227","","","","","","","","",
"Latvia","LVA","Alternative and nuclear energy (% of total energy use)","EG.USE.COMM.CL.ZS","","","","","","","","","","","","","","","","","","","","","","","","","","","","","","","6.16090714376382","5.40395839752634","5.87567332601868","5.65107540085914","5.9025138070455","6.16650916395562","4.68131637547863","5.3342456846844","6.66656401383284","6.4747636930087","6.85827289370359","6.35206462038528","6.4305855016534","6.11262348726796","7.20449358177233","7.61912670062487","6.4562782618339","7.06001794300147","7.60845781460685","7.66463600321243","6.5742023320144","6.45138067955436","9.10697972037728","7.41799417595152","6.84384598600371","","","","","","","","","",
"Macao SAR, China","MAC","Alternative and nuclear energy (% of total energy use)","EG.USE.COMM.CL.ZS","","","","","","","","","","","","","","","","","","","","","","","","","","","","","","","","","","","","","","","","","","","","","","","","","","","","","","","","","","","","","","","","",
"St. Martin (French part)","MAF","Alternative and nuclear energy (% of total energy use)","EG.USE.COMM.CL.ZS","","","","","","","","","","","","","","","","","","","","","","","","","","","","","","","","","","","","","","","","","","","","","","","","","","","","","","","","","","","","","","","","",
"Morocco","MAR","Alternative and nuclear energy (% of total energy use)","EG.USE.COMM.CL.ZS","","","","","","","","","","","","4.42425311114142","4.3120716391502","2.90888041077096","3.00921146055706","2.20599169521484","2.00533787915215","2.49454563845515","2.44118941830507","2.55655003670817","2.40972367614083","1.62161365879528","0.870241002199485","0.703476004080793","0.51904706152017","0.676287698961686","0.86773171903243","1.08542302124859","1.17316840729301","1.3354064150561","1.16862809647025","1.24699169716336","0.957885958035704","0.419490833253225","0.689765795799317","0.495655570521949","1.49991561983705","1.50375336146266","1.39641129611472","0.572060894369286","0.609149205012969","0.708934299828","0.699134869772275","1.10768777908426","1.01951204189706","0.62738211774264","0.65236711502935","0.680849557849525","0.685662301006964","1.65037215241618","2.07414162910471","1.2858688407976","1.08734799095224","1.87145877414529","1.61676234508113","","","","","","","","","",
"Monaco","MCO","Alternative and nuclear energy (% of total energy use)","EG.USE.COMM.CL.ZS","","","","","","","","","","","","","","","","","","","","","","","","","","","","","","","","","","","","","","","","","","","","","","","","","","","","","","","","","","","","","","","","",
"Moldova","MDA","Alternative and nuclear energy (% of total energy use)","EG.USE.COMM.CL.ZS","","","","","","","","","","","","","","","","","","","","","","","","","","","","","","","0.142364260877977","0.271497961959404","0.244623179688055","0.387784937347613","0.376354920505436","0.557429453809485","0.716883590891032","0.839132093848779","0.833791689860156","0.934757255377742","1.09573077140537","1.19634846987103","1.27063701781748","1.1665961524096","1.06380877133027","1.04038210732346","1.07740662037609","1.04224871592327","1.08818368916202","0.878857263543819","0.907701269274557","0.70945708835513","0.565254640981761","0.877833759959033","0.767238068929922","","","","","","","","","",
"Madagascar","MDG","Alternative and nuclear energy (% of total energy use)","EG.USE.COMM.CL.ZS","","","","","","","","","","","","","","","","","","","","","","","","","","","","","","","","","","","","","","","","","","","","","","","","","","","","","","","","","","","","","","","","",
"Maldives","MDV","Alternative and nuclear energy (% of total energy use)","EG.USE.COMM.CL.ZS","","","","","","","","","","","","","","","","","","","","","","","","","","","","","","","","","","","","","","","","","","","","","","","","","","","","","","","","","","","","","","","","",
"Middle East & North Africa","MEA","Alternative and nuclear energy (% of total energy use)","EG.USE.COMM.CL.ZS","","","","","","","","","","","","1.38788746865366","1.51136123575192","1.16973361130543","1.308684341737","1.25523582367","1.31474613303785","1.35124859353936","1.42199847155303","1.21224417835259","1.11971200488441","1.01183577545462","0.90596852752018","0.827768166032925","0.788125501831845","0.811173118221579","0.863139596802348","0.899994809203651","0.811924930628444","0.794114653026358","0.698247724624299","0.655517653622415","0.63811076179236","0.604157262951093","0.539218560682484","0.523935465914507","0.558808014683342","0.536959046740658","0.539457097701617","0.505077092422868","0.469291268506916","0.486578099813782","0.475453419114257","0.539346968904551","0.518113410938621","0.591952891321402","0.584402766051499","0.567823342800851","0.426376029691672","0.433539444973974","0.490628014816363","0.503572669614274","0.525108585079631","0.64861027640879","0.598039466032868","5.2453220351346","","","","","","","","",
"Mexico","MEX","Alternative and nuclear energy (% of total energy use)","EG.USE.COMM.CL.ZS","","","","","","","","","","","","2.87802875301439","2.7774154207739","2.9124478776001","3.28059606179586","2.95321786630311","3.12351003280393","3.155181027281","2.4979574815392","2.88530705618011","2.35380029053225","2.89898668493139","2.89970807005348","2.94422861713268","3.11137948148183","3.37626108811352","4.39027640174739","4.83668671168551","5.13444848707594","5.28330198300389","2.35324844081169","2.26292628745362","2.41948177196032","2.60951978931505","2.09564544620274","3.39037466185071","3.22053862908165","3.33127304087589","2.92682469242785","3.31573390730358","3.04080316823253","2.79759176910517","2.8148182173761","2.69028202785618","2.73009918812994","2.90063871760636","2.92017798337178","2.8319385609912","3.19755582179537","2.8313813891782","2.68215215309575","3.11780017744104","2.77770919080167","3.09234910919373","3.42450549549344","3.51721073584162","","","","","","","","",
"Marshall Islands","MHL","Alternative and nuclear energy (% of total energy use)","EG.USE.COMM.CL.ZS","","","","","","","","","","","","","","","","","","","","","","","","","","","","","","","","","","","","","","","","","","","","","","","","","","","","","","","","","","","","","","","","",
"Middle income","MIC","Alternative and nuclear energy (% of total energy use)","EG.USE.COMM.CL.ZS","0.806109187326652","1.00268972278519","0.815473685737917","1.48068137931212","1.10581508666177","1.40925023658866","1.37322070634664","1.34935000404001","1.70387888944433","1.7495392460005","1.55584818920711","1.40372040704978","1.47206779387864","1.58998485871066","1.74934031561899","1.85786545964277","2.02153217105682","2.00694880435501","2.04872390794384","2.19765429740437","2.35536484461252","2.56357687034212","2.6353841415344","2.77315205099243","2.95618670767327","3.05580989921037","3.14628662048881","3.16650062303386","3.37241829719865","3.37856974772251","3.32761996261309","3.36155220969551","3.43301093672536","3.52876862081458","3.60197924406731","3.66877548410838","3.77911608425859","3.80561743001442","3.82986744524205","3.85198613650437","3.97722419524731","4.04727692969237","4.07237271503787","4.06575733664371","4.0235651338331","4.02834814902134","4.05340969420529","4.03208089193671","4.11171390370393","4.15446806058836","4.17398058773836","4.25524073391451","4.4152304756625","4.58909823981657","4.81063669500674","4.80051791525567","","","","","","","","",
"North Macedonia","MKD","Alternative and nuclear energy (% of total energy use)","EG.USE.COMM.CL.ZS","","","","","","","","","","","","","","","","","","","","","","","","","","","","","","","1.38901565443735","2.45496668553402","2.33458039841463","1.9324849258554","2.40388992788479","2.75848130170025","2.29488839367309","2.69453942826091","3.08396132011698","3.81945382819514","3.43368508373861","2.47375222624424","2.59728446988207","4.01622671444789","4.40165007957652","4.43102911462144","4.76828798186328","3.27603904189487","2.88168562016851","3.94567460430224","7.12711988783903","4.66150533672722","3.70995512763365","5.92867005777624","5.52938174692284","","","","","","","","","",
"Mali","MLI","Alternative and nuclear energy (% of total energy use)","EG.USE.COMM.CL.ZS","","","","","","","","","","","","","","","","","","","","","","","","","","","","","","","","","","","","","","","","","","","","","","","","","","","","","","","","","","","","","","","","",
"Malta","MLT","Alternative and nuclear energy (% of total energy use)","EG.USE.COMM.CL.ZS","","","","","","","","","","","","0","0","0","0","0","0","0","0","0","0","0","0","0","0","0","0","0","0","0","0","0","0","0","0","0","0","0","0","0","0","0","0.0325923905632074","0.0375456300520067","0.0489596673636787","0.059603551236348","0.0774136867398156","0.0898391673687727","0.108417993800929","0.119600014387972","0.476909225400152","0.660219774657461","0.820659116379507","1.00155199529233","1.46656264087723","","","","","","","","","",
"Myanmar","MMR","Alternative and nuclear energy (% of total energy use)","EG.USE.COMM.CL.ZS","","","","","","","","","","","","0.518928978759104","0.584034790343998","0.625658674496831","0.592729214192108","0.581761938605158","0.63224817760106","0.694706230814799","0.704024359669957","0.722373416658267","0.726535054180755","0.773878078208353","0.817215129458513","0.864549463005022","0.850140722118013","0.784792469165748","0.799372077408462","0.817414310913721","0.75469622655641","0.974915401130971","0.672650963615877","0.624004584122311","0.73446426356461","0.819529404250521","0.741490599385365","0.690667580221653","0.721571143698564","0.722882609866836","0.43162865872741","0.449897762189045","0.809270814166421","0.78738041446253","0.961984825320064","0.899996809125135","0.972150143552975","1.05351879823417","1.33763395947599","1.37712029293154","1.64482183436504","2.26380564186813","2.61148368260663","3.52983540613004","3.28119044849812","3.58528949339739","3.12653493147673","","","","","","","","","",
"Middle East & North Africa (excluding high income)","MNA","Alternative and nuclear energy (% of total energy use)","EG.USE.COMM.CL.ZS","","","","","","","","","","","","2.11706605519932","2.25497529595055","1.78090968360437","1.88390436436418","1.81638947712418","1.87253837950331","1.93674516577632","2.13034750091509","1.87798809886369","1.84184890627902","1.72641867730524","1.5373660599285","1.43013880238405","1.30507380968635","1.1706418759531","1.22886578183028","1.3426115008575","1.23681360509395","1.19440935897717","0.940186137679965","0.880282168238238","0.877933748419733","0.821902518188208","0.716456987243281","0.683480009453705","0.750615431042142","0.691761651712259","0.707595920330654","0.649542151345805","0.579634795115437","0.614863148832026","0.602303035371949","0.704943703615488","0.668823365990278","0.793012097698465","0.808780087799308","0.789118785655214","0.495245072064993","0.522941677975194","0.634417107400959","0.661571174656614","0.734444187164884","0.946139469443585","0.860316001680588","","","","","","","","","",
"Montenegro","MNE","Alternative and nuclear energy (% of total energy use)","EG.USE.COMM.CL.ZS","","","","","","","","","","","","","","","","","","","","","","","","","","","","","","","","","","","","","","","","","","","","","","19.6703114452057","16.7041024399155","17.0812463259878","13.71165430388","19.1265892200156","16.0574416189779","11.8225168151278","13.5375622562581","15.0454482580897","12.9572960184337","","","","","","","","","",
"Mongolia","MNG","Alternative and nuclear energy (% of total energy use)","EG.USE.COMM.CL.ZS","","","","","","","","","","","","","","","","","","","","","","","","","","0","0","0","0","0","0","0","0","0","0","0","0","0","0","0","0","0","0","0","0","0","0","0","0","0","0","0","0","0.131045563296553","0.259410425016945","","","","","","","","","",
"Northern Mariana Islands","MNP","Alternative and nuclear energy (% of total energy use)","EG.USE.COMM.CL.ZS","","","","","","","","","","","","","","","","","","","","","","","","","","","","","","","","","","","","","","","","","","","","","","","","","","","","","","","","","","","","","","","","",
"Mozambique","MOZ","Alternative and nuclear energy (% of total energy use)","EG.USE.COMM.CL.ZS","","","","","","","","","","","","0.279344190789298","0.270721268674528","0.241618019944298","0.852073168416456","0.67202787990563","0.797780195508224","0.800434085124069","1.06164981954226","0.558640859649699","0.385204836682286","0.0747990975890185","0.33331822689474","0.313053832734609","0.328115806240924","0.506536440467126","0.236146060735154","0.248205560381775","0.231672387072694","0.400584935355983","0.450580105132868","0.697385672476076","0.764218231220496","0.85928879536256","0.825292266450231","0.886037546158549","0.837633205937183","0.987979500572589","1.17990684731422","1.30074563151759","2.47781702703189","5.50194462160153","5.46182324809001","7.42218225264998","8.98389303465508","9.18141761659984","9.08612848803578","8.71289711618851","9.21601848416983","8.53199026881834","8.47880765273462","8.40767412350327","8.90102223513729","8.66700187494648","9.17019673478017","","","","","","","","","",
"Mauritania","MRT","Alternative and nuclear energy (% of total energy use)","EG.USE.COMM.CL.ZS","","","","","","","","","","","","","","","","","","","","","","","","","","","","","","","","","","","","","","","","","","","","","","","","","","","","","","","","","","","","","","","","",
"Mauritius","MUS","Alternative and nuclear energy (% of total energy use)","EG.USE.COMM.CL.ZS","","","","","","","","","","","","1.18005433738577","1.57625908006631","1.67617482366451","0.8717445788384","1.20312773239401","1.13425992537385","1.10148984735583","0.657607693380292","1.14153812926333","1.65561070649905","1.20978519279193","1.96451527456798","0.704695236868906","1.27868754960919","2.23708586202451","1.87454795850631","2.26961691731733","1.60390607078448","2.15755508732436","0.985877000003001","0.864872606774669","1.22317703842956","1.07801657308009","0.801913958629963","1.33252504930614","1.01815049269713","0.87825551339163","0.931090109435826","0.254183492963682","0.733999774322671","0.516856613349623","0.631734149657277","0.826330924816188","0.839287635030933","0.759607485952433","0.478486480480572","0.51854173672159","0.654888260615417","0.776655873608124","0.620162354990028","0.369047081293296","0.570343682280318","0.702822669608384","0.80457846628087","","","","","","","","","",
"Malawi","MWI","Alternative and nuclear energy (% of total energy use)","EG.USE.COMM.CL.ZS","","","","","","","","","","","","","","","","","","","","","","","","","","","","","","","","","","","","","","","","","","","","","","","","","","","","","","","","","","","","","","","","",
"Malaysia","MYS","Alternative and nuclear energy (% of total energy use)","EG.USE.COMM.CL.ZS","","","","","","","","","","","","1.48612142726867","1.61988176188502","1.56991395853983","1.26099265640413","1.19743156954974","1.04024147770227","0.836726702467581","0.758148577089048","0.789420465707517","1.00940316523932","1.04993359885374","0.996690980341245","0.995378680083711","1.90428363757979","2.0647957843533","2.01110308189408","2.39581967032999","2.63512486188609","2.21869603220004","1.36157886728877","1.18657954851084","1.11098757725496","1.0702956153871","1.53134417700608","1.33639219309068","0.996276403325941","0.658994183298262","0.865094794169647","1.29585883921874","1.08294121730724","1.09185113583093","0.804749761499968","0.722047829917185","0.776960828798562","0.663562344084031","0.789342073997985","0.706817748227077","0.805482309280532","0.739097656320482","0.674423607572539","0.742472353628485","0.905848220129533","0.971156809299827","1.18068772456147","","","","","","","","","",
"North America","NAC","Alternative and nuclear energy (% of total energy use)","EG.USE.COMM.CL.ZS","2.01199319781096","2.05245331261078","2.10611878636489","2.00534986505261","2.07221606766418","2.12749613380265","2.13806565122778","2.2584739962166","2.2788708019444","2.43201262434849","2.48336875759095","2.82365664710733","3.14456310687697","3.65104322123249","4.43267063408375","5.37028175930212","5.35475074864114","5.87756047632304","6.41826595268299","6.25309341286422","6.50825816964587","7.06309793715854","7.64952969987341","8.14328283645338","8.44738856563111","9.22037263027766","9.91031943053732","9.95025280545627","10.383784036358","10.5246857681567","10.4670121725539","11.090543750367","10.7810589567277","10.7418331019724","10.9873024483935","11.3173781572916","11.2041986494552","10.3949448790047","10.5688669851435","11.0734460845773","10.9887764236338","10.9340383108655","11.2310111974482","11.017321815881","11.1980878113699","11.1895105008318","11.484662162694","11.4398691274129","11.8278995631574","12.3530480654408","12.1086941850448","12.355894038149","12.3219913101072","12.5956918984087","12.5790325849388","12.7507864299034","","","","","","","","",
"Namibia","NAM","Alternative and nuclear energy (% of total energy use)","EG.USE.COMM.CL.ZS","","","","","","","","","","","","","","","","","","","","","","","","","","","","","","","","18.1358955236773","17.4230212829854","14.9901741396686","11.7198128707341","13.7630619224782","14.0293380619109","13.3266039647641","14.6340738971692","15.8178063172186","15.7147473848034","14.0912358015287","15.9302293396423","16.1454845037","19.3221733911784","19.0651128072515","19.2955029307759","19.8390115349943","17.5704374579605","18.1395923502055","18.0271311823316","18.5385287531156","18.6808524508494","17.9486428177847","17.785332290757","","","","","","","","","",
"New Caledonia","NCL","Alternative and nuclear energy (% of total energy use)","EG.USE.COMM.CL.ZS","","","","","","","","","","","","","","","","","","","","","","","","","","","","","","","","","","","","","","","","","","","","","","","","","","","","","","","","","","","","","","","","",
"Niger","NER","Alternative and nuclear energy (% of total energy use)","EG.USE.COMM.CL.ZS","","","","","","","","","","","","","","","","","","","","","","","","","","","","","","","","","","","","","","","","","0","0","0","0","0","0.00992245486148368","0.00967543962778809","0.00924772449523285","0.0132483929904704","0.0124966154999688","0.0115772318031045","0","0","0.0119957429061221","0.0119184142965537","","","","","","","","","",
"Nigeria","NGA","Alternative and nuclear energy (% of total energy use)","EG.USE.COMM.CL.ZS","","","","","","","","","","","","0.407975443111652","0.362337207470327","0.445163383748762","0.461928103577927","0.53370832629128","0.615924046825128","0.580972759796219","0.446561833164656","0.60954042821979","0.489857166166326","0.402582198337759","0.396829706098827","0.310377781440652","0.415393244598745","0.465603474568513","0.54172486634269","0.47361049893175","0.56135632187315","0.560276852677354","0.332082199431837","0.428908722217706","0.422308599954749","0.449264020381169","0.412054292706158","0.381946189768498","0.343116844891588","0.332272719947463","0.350200464584957","0.339999626237856","0.330130145711111","0.326005623514003","0.450422876596105","0.411349670662324","0.451504156058553","0.462855278246501","0.331593199276458","0.412807210174931","0.377140182183481","0.316663860410687","0.361652785336624","0.346063689549307","0.319375888437828","0.277955771593848","0.274463995659247","","","","","","","","","",
"Nicaragua","NIC","Alternative and nuclear energy (% of total energy use)","EG.USE.COMM.CL.ZS","","","","","","","","","","","","1.43389017245613","2.54364454560725","2.36459320711201","2.47737999837609","2.38851416274681","2.39361870362522","1.33463693219734","1.66243672182943","2.67589157580282","2.88019161314578","2.70076683506543","2.26710954387989","4.71691433080106","13.7485151140419","14.5735949250164","12.8779264837459","12.080181512095","10.6593450678417","18.8885933623848","2.50719459877629","2.31647673414067","1.93803046385926","2.27937251491054","1.81477317331502","1.66272020510941","1.6121140138388","1.46637260610309","0.911157096984027","1.18515477719299","0.757024740188681","0.854361966933626","1.07008447507328","1.15439172628314","1.12346011050681","1.36480012525153","1.24575662991299","1.18789264058929","1.85806277592943","1.50743934679139","2.03470711388364","1.92501293148829","2.51074474101897","3.18147154752007","3.34174918847901","","","","","","","","","",
"Netherlands","NLD","Alternative and nuclear energy (% of total energy use)","EG.USE.COMM.CL.ZS","0","0","0","0","0","0","0","0","0.0188386889305186","0.189560688238467","0.195331944747923","0.207488913708792","0.145493160213404","0.465734748776513","1.40065484910436","1.47255821657465","1.5445689688135","1.53011360323737","1.6276698630947","1.33034670129456","1.70052926777972","1.56722077320929","1.87462560122769","1.65401468001581","1.61650056808493","1.67607870002675","1.74694713533773","1.44062151621112","1.50613712638082","1.64165421999257","1.63160933773117","1.50201866232123","1.71838682975356","1.77950084024638","1.78784808748852","1.71456495643794","1.73157934836308","1.26485104102812","1.76545508786409","1.83629569581889","1.88524890987467","1.84283342971055","1.8219903449589","1.82981238751687","1.80022752833999","1.92628896630913","1.90057633441124","2.22519682661971","2.37486555867252","2.48350085887788","2.22768003022647","2.66739860906878","2.68352733788469","2.51508786889777","3.12654470064918","3.37380480632713","","","","","","","","",
"Norway","NOR","Alternative and nuclear energy (% of total energy use)","EG.USE.COMM.CL.ZS","39.3360666160011","41.4599450140181","43.7655428538829","42.7194317858827","44.4533401626314","44.9784772619181","41.2152407305665","43.0166212137464","44.438076076591","40.1514162025851","37.531719720911","40.8148272603518","42.0775115530847","43.8518913088462","46.1634243339325","45.4464941502429","44.1699735565821","37.7311867402233","39.2181454375243","41.92900875416","39.181723197051","44.1088822083623","45.3560025712086","49.7223553682794","47.0847607148219","44.0342278137445","39.5149491543816","42.0174639612364","46.1673402864685","48.331778980081","39.4753622131733","39.13073511522","38.6441770994211","36.8493939621645","37.926570310141","37.9393799831045","38.8116540175186","37.039327712773","37.3719003255645","35.6260985217157","36.0740494176071","35.8986880923289","37.6430531296542","32.7345009815661","34.9587846269938","35.54054781027","33.9532730773565","34.386761697913","29.964513263227","28.7333364878068","27.8036232251453","32.1832217471398","31.8884957321764","29.1717391777941","32.2757934551016","31.3179314225439","","","","","","","","",
"Nepal","NPL","Alternative and nuclear energy (% of total energy use)","EG.USE.COMM.CL.ZS","","","","","","","","","","","","0.157529568917956","0.192205257335275","0.179869675821446","0.208961026338808","0.160230772058933","0.270688029240358","0.28442455539926","0.306260392557021","0.329263557685984","0.382703922243893","0.450352989854235","0.575325269328519","0.62163734924543","0.650631668444819","0.720667326719072","0.88177963028294","0.894450114853747","0.880262964263495","1.10523473970814","0.940805621809559","0.988226129076786","0.972593432389982","0.98896085895155","1.07218593568749","1.20949324031371","1.29604739529015","1.31830733894333","1.40079965525754","1.56964987055004","1.70270994972073","1.85205182205534","2.01195802275657","2.14448732321218","2.32378561254247","2.37297420392001","2.59744086699099","2.71323591802408","2.59507432156234","2.8476939826979","3.00281587651426","3.48110922015826","4.30927029054942","5.25574685357306","5.24324797182476","","","","","","","","","",
"Nauru","NRU","Alternative and nuclear energy (% of total energy use)","EG.USE.COMM.CL.ZS","","","","","","","","","","","","","","","","","","","","","","","","","","","","","","","","","","","","","","","","","","","","","","","","","","","","","","","","","","","","","","","","",
"New Zealand","NZL","Alternative and nuclear energy (% of total energy use)","EG.USE.COMM.CL.ZS","20.7205316789188","22.672410560264","28.963790314292","31.095355008033","31.4165858108049","32.3353595287453","32.3729601489181","30.8760327529008","31.5860456512568","30.7736090062357","30.0123751716623","32.3370001032583","30.372051272807","29.1731546767395","26.7711675138086","30.0525913504304","25.9918328814341","23.8604835014326","25.7790251818374","28.8555240214563","29.4555004775823","29.5536003018217","26.6365689199735","27.9345584699061","26.6265891678279","23.8810574233413","25.6372173923869","25.7881721834776","25.7791896321515","27.9844381621978","16.2509875436605","15.6164191798225","14.2454421612325","14.7917738356699","15.5650899200031","15.9477875338959","15.0095122097392","13.1886290966444","14.4529409094166","13.1349431196397","13.2748522657923","12.1296353872963","13.6178989354698","13.2727765660724","14.600221886867","13.666822132456","13.9364135321028","14.0590644725114","13.3847994475489","14.6711707856329","14.5378478890274","14.8369485443489","13.1741072109497","13.4252921807959","13.5168460308739","13.9876097391326","","","","","","","","",
"OECD members","OED","Alternative and nuclear energy (% of total energy use)","EG.USE.COMM.CL.ZS","2.72782771637474","2.80056009707591","2.76466412746145","2.77320319249728","2.77878365851951","2.98181810481771","3.0748113304329","3.05432035110705","3.05186464458759","3.06642278300155","2.98615344538681","3.17445841828356","3.42804005303292","3.59670213476853","4.25685161158636","5.04469446064046","5.00568869498094","5.52607650422742","6.03680687138551","6.12107500826303","6.55500873828046","7.5046705406953","8.11552308580944","8.91076337777931","9.73652705538327","10.8290162074034","11.5111364739193","11.7759670985309","12.1640230855079","12.3156012935249","12.0702548458548","12.5195374850904","12.4958333458375","12.7870700310083","12.846837196352","13.1332556376432","13.1406864386198","12.8726214941325","13.0813804497594","13.2891884808728","13.208756274009","13.3217441034217","13.354347824323","12.983109623648","13.2640117752253","13.2956505725393","13.4190957510334","13.0049645719798","13.3018550328536","13.7901816347535","13.646016430794","13.1229481041137","12.6900805593226","12.8987288235101","13.2012469783837","13.3540827840592","","","","","","","","",
"Oman","OMN","Alternative and nuclear energy (% of total energy use)","EG.USE.COMM.CL.ZS","","","","","","","","","","","","0","0","0","0","0","0","0","0","0","0","0","0","0","0","0","0","0","0","0","0","0","0","0","0","0","0","0","0","0","0","0","0","0","0","0","0","0","0","0","0","0","0","0","0","","","","","","","","","",
"Other small states","OSS","Alternative and nuclear energy (% of total energy use)","EG.USE.COMM.CL.ZS","27.8722720251864","30.2433092354096","30.7826433337256","30.2899807511645","31.8325833850723","30.4088993702621","31.2387789219336","33.7593419776226","34.4837137299441","42.9560226217608","45.6538523775399","7.56579407546528","7.86854036951347","7.03616935045422","6.79006107265129","7.01434159982422","7.11855704271954","7.62238010925169","7.79724356799054","7.79250309765661","7.81144915805466","8.04141829737462","7.85535301927463","8.20683003383957","7.77674805612483","7.63591878873053","7.3592205044345","7.48836859403097","7.38768080909877","7.36047411004217","2.55212564852968","2.86521440917106","3.04347443086363","3.06882423765055","3.00766613796615","3.2306588280871","3.08740939917457","2.99471058750674","3.17625052387329","3.38101583335542","3.51220789483499","3.48503948092561","3.44422755755057","3.26934982543438","3.25586548495747","3.5498610551124","3.36663062881352","3.41979518592593","3.83504564336527","3.9644661372367","3.64490397443114","3.46953086810892","3.36871244281732","3.25667729558416","3.10914881991427","19.7000041519165","","","","","","","","",
"Pakistan","PAK","Alternative and nuclear energy (% of total energy use)","EG.USE.COMM.CL.ZS","","","","","","","","","","","","2.01606409202958","1.96370156003302","2.47027677580848","2.44596005427178","2.61694844158345","3.0427683943875","2.58819605588035","3.13173216393483","3.11093523067665","3.02881600828767","3.07772799722669","3.08389574947343","3.49735101654304","3.8759323795584","3.5420051389471","3.8583060379228","3.89867252990444","3.86644193143855","3.57672139275952","2.77015962796986","2.97804983976858","3.22072709991116","2.76871935668444","3.09683054048213","2.97890895182008","2.47077497310274","2.52100259297397","2.28714638812572","2.00898865808812","2.45899534001361","2.66560221481944","2.71939327409327","3.06092290157705","3.13243593749551","3.3583024609066","3.30536052591765","3.21155512406475","2.73388506090867","3.14880665259242","3.67913056289521","3.91800812587531","3.73650054004674","4.00054033014265","4.03213940610342","","","","","","","","","",
"Panama","PAN","Alternative and nuclear energy (% of total energy use)","EG.USE.COMM.CL.ZS","","","","","","","","","","","","0.431053744635984","0.382818948304425","0.43114443486018","0.455594526868382","0.498368534898215","0.70847386801182","1.77338459696409","3.81617390209552","3.98176843841082","5.86967126470799","7.60697095699811","5.59192124668531","4.22386315944692","7.94294982109916","10.6353488443657","11.3710256355261","10.3139963607798","11.9838258842883","12.6214683258786","9.84876636451809","8.48850830103503","7.02701670530394","8.34582882092331","8.30940906273183","8.49009478252901","9.44156199607022","9.17196758816891","5.79081447527666","8.27614052035668","8.89943514920415","5.66539794407265","8.58856012984093","7.07824422712317","9.92142078150483","9.01656640965048","8.14563333747608","8.58120277933439","9.50346717920288","8.24781117804079","8.43798584148975","7.59412799432451","9.55207106504567","9.34930385926325","8.85658059549827","","","","","","","","","",
"Peru","PER","Alternative and nuclear energy (% of total energy use)","EG.USE.COMM.CL.ZS","","","","","","","","","","","","4.0380306422587","4.17739327198838","4.31213437687937","4.4581683957984","4.54040694875541","4.7372300614302","4.7546485716876","5.03430006418233","5.46878231465217","5.35506460702552","6.07065236630667","6.26138907768914","6.57508290267387","6.88956290013025","7.62613983026978","8.02877127950121","8.4555368650572","8.23762283792704","8.99727951386918","7.89470932833655","9.04579866628449","7.18457213521423","8.20254882546338","8.32107988491219","8.00253508530388","8.24951149240663","8.55196816796769","9.27607319411034","9.25339413082311","10.3304586411609","11.72853402551","11.9530423717244","12.5470396214834","10.829173215335","10.5676864968237","11.8207473643976","10.5891950809756","9.86731056635051","9.63197321078268","8.85479033926984","9.15572318501839","8.17376426173504","8.43171079816171","7.18231926435614","","","","","","","","","",
"Philippines","PHL","Alternative and nuclear energy (% of total energy use)","EG.USE.COMM.CL.ZS","","","","","","","","","","","","0","0","0.939154221878257","1.17879331314741","1.05981862806232","1.25571964032917","0.947665341751519","1.20322371900051","3.70437357228006","9.31729923075122","11.9935960733234","14.5619483563426","15.2904372187977","19.2297623410387","19.8416270760308","18.734477749094","17.503346011444","17.9027095555178","18.5634836569002","2.78262402954439","2.72728598196355","2.32177764210963","2.45094299177082","2.63473322226975","2.50597532060364","2.67083032879281","2.53706542603436","2.62224572180902","3.38050071397372","3.37153963835051","3.27831184669822","3.05023041723979","3.15514688483393","3.29625146873323","3.23512836258973","3.66914909543006","3.37589659756276","3.57870509447225","3.73517885564378","3.09187691424461","3.38729634944741","3.32508293603373","3.09709334037404","2.90636149038805","","","","","","","","","",
"Palau","PLW","Alternative and nuclear energy (% of total energy use)","EG.USE.COMM.CL.ZS","","","","","","","","","","","","","","","","","","","","","","","","","","","","","","","","","","","","","","","","","","","","","","","","","","","","","","","","","","","","","","","","",
"Papua New Guinea","PNG","Alternative and nuclear energy (% of total energy use)","EG.USE.COMM.CL.ZS","","","","","","","","","","","","","","","","","","","","","","","","","","","","","","","","","","","","","","","","","","","","","","","","","","","","","","","","","","","","","","","","",
"Poland","POL","Alternative and nuclear energy (% of total energy use)","EG.USE.COMM.CL.ZS","0.100326004137746","0.0915255731109763","0.108225471289599","0.0913165092706066","0.0958541279454513","0.117360732938003","0.11361025863363","0.117003474236354","0.116856688919869","0.0877720228680518","0.182854990875379","0.156675991590117","0.145162755898378","0.134818381231295","0.188007140587271","0.16608021672527","0.130392692243088","0.149201332012529","0.137558572519048","0.123660964545179","0.15954349713195","0.157750615043024","0.107329174107432","0.117544641361752","0.102162506945482","0.127725148875076","0.102664136420934","0.107262119933987","0.116576741135524","0.111839877276317","0.0935955178822739","0.086180052767803","0.0915272920858212","0.084735656655442","0.105450762067079","0.117886011437925","0.122089840211565","0.127710854200327","0.16156809882589","0.156915077773003","0.16711052907666","0.184731753498965","0.190393292257586","0.153090360254456","0.195655118897704","0.211845174886823","0.206197216375582","0.247592834567134","0.281600792882125","0.329457234027056","0.39698483100681","0.493520981476909","0.624527722804233","0.748831705149234","0.932936674464885","1.14302403851018","","","","","","","","",
"Pre-demographic dividend","PRE","Alternative and nuclear energy (% of total energy use)","EG.USE.COMM.CL.ZS","","","","","","","","","","","","0.906540351957543","1.11220973726603","1.15768320466925","1.45304983858412","1.53608248347788","1.57957289539241","1.680710585111","1.5596177929545","1.697890275288","1.66949878436326","1.71446490167387","1.7375141758455","1.60246854197726","1.58994363573876","1.71495531996258","1.89750170780722","1.86248682524505","1.85743689583146","1.84973013087684","1.19396239678846","1.18913192374586","1.12142004772756","1.09676483339305","1.01208251370256","1.01665487825449","0.992709047122105","0.918539168803531","0.978629657752849","0.964769510291268","1.04714700715316","1.16904265218712","1.24301949614692","1.34014127746764","1.37099396914565","1.50963677876587","1.52826084333703","1.52492866215374","1.44660749706932","1.39457892605438","1.5113343157211","1.4588061782538","1.49795542008445","1.50842138050215","1.34718616111206","","","","","","","","","",
"Puerto Rico","PRI","Alternative and nuclear energy (% of total energy use)","EG.USE.COMM.CL.ZS","","","","","","","","","","","","","","","","","","","","","","","","","","","","","","","","","","","","","","","","","","","","","","","","","","","","","","","","","","","","","","","","",
"Korea, Dem. People's Rep.","PRK","Alternative and nuclear energy (% of total energy use)","EG.USE.COMM.CL.ZS","","","","","","","","","","","","4.05779232526294","3.97714363064804","3.95956895831593","3.85334155277896","3.78631524677449","3.62418179196445","3.49416396088971","3.3048146905009","3.13700848939121","3.00236052197599","2.96802499612302","2.88299926230437","2.82086311401168","2.79320318631596","2.93840369177729","3.1571804548616","3.42913277566338","3.71396493136118","3.72810971023455","3.43443579021637","3.46043619234384","3.47889385635606","3.5426515694474","3.99068227918918","4.32035430222999","4.28986421497698","3.82105299512894","3.84016239758499","3.63140147164232","3.32388970353143","3.34342560059305","3.48731030176103","3.7595149728699","3.91822097802832","3.95466168612991","3.76262916276463","4.66107782815228","4.48098471895514","4.03182043485065","4.55360633037581","6.05789492370633","6.08377122955332","8.23145339111011","7.01144551735973","","","","","","","","","",
"Portugal","PRT","Alternative and nuclear energy (% of total energy use)","EG.USE.COMM.CL.ZS","8.98533484570006","9.05886120007273","9.29696426406457","9.71058246054398","9.8812040115734","8.61663281095811","11.2461712266599","10.9157679150537","10.1564436694662","10.6856002526368","8.66177859870295","8.45501364526579","9.47426206689831","9.13444416990603","9.32839796922691","7.17106887509467","5.04417367566273","10.7221161503785","10.610255205267","9.9996733549403","6.91138397021581","4.35319501967558","5.36545482408301","6.20045152599329","7.54995769510678","8.41629945601293","6.052340666897","6.32946725785713","8.09162746434006","3.23532053435417","3.96055859178494","3.90757038193899","1.97926327093228","3.53595361783921","4.42217131724887","3.18443884600368","5.68397911461516","5.1220844064188","4.39383045945207","2.31243886757797","3.73912416121354","4.48050994137","2.66018454956122","5.35734114147331","3.75210092576395","2.3407833754253","4.91963877647318","5.31796494845076","4.99396894112308","5.81181915144703","9.09838388251005","7.86978465420176","7.18865470964126","10.0140348015673","10.7045933404571","8.04425464477711","","","","","","","","",
"Paraguay","PRY","Alternative and nuclear energy (% of total energy use)","EG.USE.COMM.CL.ZS","","","","","","","","","","","","1.03063403284525","1.17626274427113","1.70942758660181","2.522568198997","3.06903219240815","2.90822501928502","1.77644659041029","1.12151754027562","1.97917368565638","2.71862208639399","2.86361847634048","2.61658931567212","3.10808788830957","3.98463823643483","15.3398126164064","43.2754874702708","58.6479413117099","59.0412466713781","66.0753480774191","5.53633018977838","5.84779040871725","6.3967886542495","7.19748863284745","7.55834207047899","7.81159038699327","7.84213140361424","7.68920246328572","8.01299809791174","8.9254114050275","9.95950866146966","9.88003625879267","9.75531676446739","9.35979596746252","9.5271566804","10.295278300082","10.829782170569","11.3481362646593","11.5964579916766","12.3584822242916","12.2885150946948","13.3517952489574","14.1495603082075","15.6964751065647","16.2964380107799","","","","","","","","","",
"West Bank and Gaza","PSE","Alternative and nuclear energy (% of total energy use)","EG.USE.COMM.CL.ZS","","","","","","","","","","","","","","","","","","","","","","","","","","","","","","","","","","","","","","","","","","","","","","","","","","","","","","","","","","","","","","","","",
"Pacific island small states","PSS","Alternative and nuclear energy (% of total energy use)","EG.USE.COMM.CL.ZS","","","","","","","","","","","","","","","","","","","","","","","","","","","","","","","","","","","","","","","","","","","","","","","","","","","","","","","","","","","","","","","","",
"Post-demographic dividend","PST","Alternative and nuclear energy (% of total energy use)","EG.USE.COMM.CL.ZS","2.81363954481836","2.89104223177719","2.85496723467988","2.8562011115646","2.8629305134319","3.06958241297369","3.16582174948136","3.14349444444648","3.13745202987323","3.15343320853887","3.06253612695065","3.23988472605574","3.50243237767398","3.67953222066837","4.36822482705952","5.22892473336612","5.19426886536573","5.75399923085444","6.31130244230776","6.38018790331492","6.85471590587604","7.85953397070659","8.54470084569548","9.39508618095223","10.2439490145447","11.4030889726388","12.0920116305736","12.3650903380224","12.7518099947637","12.8993844707929","12.3500508754697","12.8154282385762","12.8641263415093","13.2513077275798","13.3784669855616","13.6739964249089","13.7892115776446","13.5415094614495","13.765302230832","13.9312998064506","13.8685517443757","13.9808884528689","14.0052616518062","13.6116242630283","13.9100130373391","14.0129868819745","14.1957723371623","13.7875645029982","14.0776815967659","14.6630353356491","14.4804140120278","13.9482578376262","13.536000918971","13.7444463888417","14.0973716558574","14.2249255047867","","","","","","","","",
"French Polynesia","PYF","Alternative and nuclear energy (% of total energy use)","EG.USE.COMM.CL.ZS","","","","","","","","","","","","","","","","","","","","","","","","","","","","","","","","","","","","","","","","","","","","","","","","","","","","","","","","","","","","","","","","",
"Qatar","QAT","Alternative and nuclear energy (% of total energy use)","EG.USE.COMM.CL.ZS","","","","","","","","","","","","0","0","0","0","0","0","0","0","0","0","0","0","0","0","0","0","0","0","0","0","0","0","0","0","0","0","0","0","0","0","0","0","0","0","0","0","0","0","0","0","0","0","0","0","","","","","","","","","",
"Romania","ROU","Alternative and nuclear energy (% of total energy use)","EG.USE.COMM.CL.ZS","","","","","","","","","","","","0.91761000584909","1.43407149378855","1.35684102360153","1.51657381014911","1.55409614425296","1.2469319070896","1.35042272480816","1.42343602289726","1.53152316095158","1.66614881000464","1.69163454132346","1.57392601631878","1.32222921865457","1.5048453069248","1.68359939709871","1.39411688552734","1.38739431339515","1.81664315357229","1.70024437359603","1.32943188008663","1.96269610470962","1.64310459352994","1.58233213021354","1.61760682735545","1.89002012075976","2.59546518676881","5.39149506091323","6.07605597669446","6.6580212299022","6.23589378094855","6.21763915686098","6.16383174698713","5.24139975243217","6.29034895021095","6.74152216857219","6.29831541826979","7.39487265883214","9.85024123309085","11.3479260362709","12.0970293068613","11.3125883162177","11.3008443409179","13.3781140713347","14.5154624939702","","","","","","","","","",
"Russian Federation","RUS","Alternative and nuclear energy (% of total energy use)","EG.USE.COMM.CL.ZS","","","","","","","","","","","","","","","","","","","","","","","","","","","","","","","4.8000570815986","4.89685978771668","5.35996328476606","5.64873460803366","5.59978126244801","5.82898036664713","6.05300388092078","6.33726121382626","6.34928401024229","6.86334086805465","7.14057830006701","7.41994454499508","7.53997565267067","7.56657438328092","7.50650086228242","7.5842606503736","7.65865391012808","7.82349721197731","7.66285271176601","8.24878528184268","7.96530687029951","7.66650620046848","7.64038924727179","7.72623000155985","8.15652485967214","","","","","","","","","",
"Rwanda","RWA","Alternative and nuclear energy (% of total energy use)","EG.USE.COMM.CL.ZS","","","","","","","","","","","","","","","","","","","","","","","","","","","","","","","","","","","","","","","","","","","","","","","","","","","","","","","","","","","","","","","","",
"South Asia","SAS","Alternative and nuclear energy (% of total energy use)","EG.USE.COMM.CL.ZS","","","","","","","","","","","","1.73449191258655","1.64832877455306","1.90491909712462","1.78263333800539","2.03754007410573","2.15159548403602","2.06912490074796","2.51202979963606","2.37331888107672","2.36538476016706","2.38807756384623","2.17487126674309","2.35325952315435","2.52061357636577","2.38448937495315","2.43257275968008","2.19843473678992","2.43999416071387","2.35063771500818","2.05276177232274","1.99224462350076","2.00994782518471","1.86282915448095","2.06652591956583","1.93693857673403","1.81526538747027","1.89039248976017","2.01966959158168","1.89812190001538","1.98652707458089","2.0967192602696","2.01197301454053","2.0837828430001","2.09697983824546","2.26745792248311","2.41699442908986","2.34591843690135","2.0718130287846","2.09481362884931","2.43887071885112","2.75016056939295","2.57283823561206","2.81204270808356","2.74165909548694","","","","","","","","","",
"Saudi Arabia","SAU","Alternative and nuclear energy (% of total energy use)","EG.USE.COMM.CL.ZS","","","","","","","","","","","","0","0","0","0","0","0","0","0","0","0","0","0","0","0","0","0","0","0","0","0","0","0","0","0","0","0","0","0","0","0","0","0","0","0","0","0","0","0","0","0","0","4.29251475569417E-05","4.47494423048718E-05","4.02800456119996E-05","","","","","","","","","",
"Sudan","SDN","Alternative and nuclear energy (% of total energy use)","EG.USE.COMM.CL.ZS","","","","","","","","","","","","0.299808176837591","0.439019505389073","0.49853380396416","0.536112059028216","0.577019578569199","0.64881645573176","0.591791957212325","0.599296162650538","0.647967992888434","0.588060549005544","0.599732065845736","0.614850173750183","0.616403615616949","0.658013664049511","0.669387786138935","0.780742219412176","0.817713134082257","0.763617591554576","0.766534595388344","0.644122982433231","0.629688907129301","0.688756351184232","0.67561536414476","0.57650015907728","0.502770427723227","0.509334998159097","0.451995125159877","0.481531257937341","0.621517615368685","0.641110569147241","0.509649241755044","0.526204112804935","0.489402634382976","0.466133132277459","0.572235295924127","0.560112224349253","0.611137410998469","0.618783644727867","1.3199022291497","2.56508406680866","2.64184943890214","3.20619317500574","3.75261767655491","4.36539048900116","","","","","","","","","",
"Senegal","SEN","Alternative and nuclear energy (% of total energy use)","EG.USE.COMM.CL.ZS","","","","","","","","","","","","0","0","0","0","0","0","0","0","0","0","0","0","0","0","0","0","0","0","0","0","0","0","0","0","0","0","0","0","0","0.00717308657915501","0.00663648352801638","0.453764653893957","0.677406742845611","0.595562915165832","0.561642370384805","0.530266128666313","0.413260122421522","0.427367021675386","0.449165049773014","0.475314486380022","0.459692063704124","0.520060805830045","0.626300363359503","0.609516756427603","","","","","","","","","",
"Singapore","SGP","Alternative and nuclear energy (% of total energy use)","EG.USE.COMM.CL.ZS","","","","","","","","","","","","0","0","0","0","0","0","0","0","0","0","0","0","0","0","0","0","0","0","0","0.0523086643864615","0.128408025174364","0.114637730390213","0.0942747835303384","0.0781579792525571","0.0919370955678387","0.0878370991999261","0.0787987227049215","0.0885984844765848","0.0989866918611131","0.0973253324699735","0.160572768415427","0.162589465768811","0.141055209375782","0.11207790333598","0.177019219940105","0.165193582022689","0.181734503815264","0.17118304645282","0.204186387530214","0.186691986980665","0.187056641348586","0.198670670805922","0.198830885025383","0.192789211552613","","","","","","","","","",
"Solomon Islands","SLB","Alternative and nuclear energy (% of total energy use)","EG.USE.COMM.CL.ZS","","","","","","","","","","","","","","","","","","","","","","","","","","","","","","","","","","","","","","","","","","","","","","","","","","","","","","","","","","","","","","","","",
"Sierra Leone","SLE","Alternative and nuclear energy (% of total energy use)","EG.USE.COMM.CL.ZS","","","","","","","","","","","","","","","","","","","","","","","","","","","","","","","","","","","","","","","","","","","","","","","","","","","","","","","","","","","","","","","","",
"El Salvador","SLV","Alternative and nuclear energy (% of total energy use)","EG.USE.COMM.CL.ZS","","","","","","","","","","","","2.56231267954368","2.02946060085104","2.13740905327509","2.38781135242943","7.4024535175846","18.1696615703876","17.9436898784517","20.0976751134668","17.9943656705014","20.0209690212683","26.899173795423","28.6640335498267","23.9064576745887","23.9074561314447","17.6612270809216","18.7136034678302","18.5366254483922","20.2945023310063","20.6203758508434","5.93124249861567","4.52569435131738","4.7203361708751","4.63122924958172","4.12115606705846","4.1218757182582","5.33318834046771","4.07218772114422","4.0764617415461","4.91090245679621","4.47263249171001","3.98572797440281","3.98623263411328","4.33729535102732","4.15349659455288","4.66761411245425","4.68049887148203","5.22581751796785","5.69364101535646","5.26658920867511","6.13121406242426","6.0371355337442","5.94129937549732","6.58837396278693","6.30929352459028","","","","","","","","","",
"San Marino","SMR","Alternative and nuclear energy (% of total energy use)","EG.USE.COMM.CL.ZS","","","","","","","","","","","","","","","","","","","","","","","","","","","","","","","","","","","","","","","","","","","","","","","","","","","","","","","","","","","","","","","","",
"Somalia","SOM","Alternative and nuclear energy (% of total energy use)","EG.USE.COMM.CL.ZS","","","","","","","","","","","","","","","","","","","","","","","","","","","","","","","","","","","","","","","","","","","","","","","","","","","","","","","","","","","","","","","","",
"Serbia","SRB","Alternative and nuclear energy (% of total energy use)","EG.USE.COMM.CL.ZS","","","","","","","","","","","","","","","","","","","","","","","","","","","","","","","3.26380718624375","4.53140868225105","5.12751034637772","4.75082931167892","5.35612200885248","5.567135989255","5.7157497893634","4.6450535838214","4.67540605864201","7.14955275196631","6.01088624353271","5.86313828976494","5.26980141517903","4.04022656879876","3.99447157081264","4.53079515137636","3.97963138026151","3.78244459423581","3.65476597368996","4.28361999133134","4.85994117619552","3.4290033446155","4.16912975473325","4.07651390541765","5.65491497382229","","","","","","","","","",
"Sub-Saharan Africa (excluding high income)","SSA","Alternative and nuclear energy (% of total energy use)","EG.USE.COMM.CL.ZS","","","","","","","","","","","","0.834580464057979","1.07617511726662","1.10502626130574","1.34256046486272","1.39234430743285","1.4837238667331","1.56430591457147","1.4154711498369","1.5124213794961","1.41429228162426","1.4219746924925","1.35261613605824","1.18137770664445","1.53444258732904","1.80031309271428","2.30449553205481","1.87202890322164","2.38516706351345","2.49035591416313","1.7802617034114","1.87317940062706","1.88766725534076","1.62937687855083","1.7925090310177","1.91210304954758","1.94781337754649","1.96566545213494","1.95194241168494","1.88935075446448","1.98543637406449","1.85035925459168","1.98413149852657","2.01007477924355","2.02901094985593","1.89725465234069","1.8653570816266","1.84917415644774","1.9143065094298","1.89593516429468","1.92440569148083","1.99480403418894","1.94201829757609","2.05792681211004","1.94003008511173","","","","","","","","","",
"South Sudan","SSD","Alternative and nuclear energy (% of total energy use)","EG.USE.COMM.CL.ZS","","","","","","","","","","","","","","","","","","","","","","","","","","","","","","","","","","","","","","","","","","","","","","","","","","","","","0.0267108534583567","0.0254005759432917","0.024563287596111","","","","","","","","","",
"Sub-Saharan Africa","SSF","Alternative and nuclear energy (% of total energy use)","EG.USE.COMM.CL.ZS","","","","","","","","","","","","0.83458046405798","1.07617511726662","1.10502626130574","1.34256046486272","1.39234430743285","1.4837238667331","1.56430591457147","1.4154711498369","1.5124213794961","1.41429228162426","1.4219746924925","1.35261613605824","1.18137770664445","1.53444258732904","1.80031309271427","2.30449553205481","1.87202890322164","2.38516706351345","2.49035591416313","1.7802617034114","1.87317940062706","1.88766725534076","1.62937687855083","1.7925090310177","1.91210304954758","1.94781337754649","1.96566545213494","1.95194241168494","1.88935075446448","1.98543637406449","1.85035925459168","1.98413149852657","2.01007477924355","2.02901094985593","1.89725465234069","1.8653570816266","1.84917415644774","1.9143065094298","1.89593516429468","1.92440569148083","1.99480403418894","1.94201829757609","2.05792681211004","1.94003008511173","","","","","","","","","",
"Small states","SST","Alternative and nuclear energy (% of total energy use)","EG.USE.COMM.CL.ZS","27.8722720251864","30.2433092354096","30.7826433337256","30.2899807511645","31.8325833850723","30.4088993702621","31.2387789219336","33.7593419776226","34.4837137299441","42.9560226217608","45.6538523775399","4.25530674884466","4.27589141730873","4.17088301025351","4.1294956684332","4.49742765535398","4.62288433964726","4.91721734123701","4.84217582780219","5.08359899114543","5.22714228976812","5.59166365973316","5.61092619744657","5.92123230775346","5.59542195596125","5.5303612455808","5.35711553117877","5.52030824057367","5.40353941381509","5.37527798950095","1.9973277309893","2.25750300660381","2.33521107399476","2.36962722260437","2.32516827102354","2.50296058847098","2.34597710690855","2.33704954707127","2.42750242220162","2.52061496515384","2.70943303611956","2.65249793002972","2.63350719596606","2.46369805939379","2.45938256562019","2.61601626777281","2.50456815546621","2.57266211426986","2.95772162279633","3.06284245677241","2.83629815167621","2.73706350069068","2.72407425310396","2.65860272560348","2.57409568892444","19.7000041519165","","","","","","","","",
"Sao Tome and Principe","STP","Alternative and nuclear energy (% of total energy use)","EG.USE.COMM.CL.ZS","","","","","","","","","","","","","","","","","","","","","","","","","","","","","","","","","","","","","","","","","","","","","","","","","","","","","","","","","","","","","","","","",
"Suriname","SUR","Alternative and nuclear energy (% of total energy use)","EG.USE.COMM.CL.ZS","","","","","","","","","","","","","","","","","","","","","","","","","","","","","","","","","","","","","","","","","12.5599490710057","12.1031064168779","17.4154906597505","14.7097100375587","12.8449630109","9.71616560981166","13.1174497750301","15.5719116167125","17.1725956389282","17.0316741225822","13.0260593108102","13.0011595787618","12.2909480613433","14.5342247280001","15.1876247264929","","","","","","","","","",
"Slovak Republic","SVK","Alternative and nuclear energy (% of total energy use)","EG.USE.COMM.CL.ZS","","","","","","","","","","","","0.890251418738258","0.902300157665379","1.12226475635127","1.95647763235877","1.31680283454917","1.66066494330221","1.29397642517762","1.03687563524415","3.68246391946303","6.91988930782104","7.75682430675854","8.80058283659401","9.17553046619475","10.0207522226872","12.6756670740917","15.4685271732171","14.8788744097748","14.5693985042582","15.4880224867157","15.4032606439938","16.4967426957206","16.7207624906557","18.2674265154334","20.5441002529942","18.7092772357392","18.0716150523386","17.7053948281578","18.6208862889962","21.1287774134314","25.8247735156525","26.0143827415234","26.9772998607924","26.4768807696006","26.0554175384568","26.4231273186799","27.093043036497","24.6305618191088","25.7673472719674","24.4140497839323","24.0366231155632","25.5505180795423","26.8506218281912","27.1642768726013","28.2979304505631","27.4677924020321","","","","","","","","",
"Slovenia","SVN","Alternative and nuclear energy (% of total energy use)","EG.USE.COMM.CL.ZS","","","","","","","","","","","","","","","","","","","","","","","","","","","","","","","24.3952975494731","27.1126035173678","23.9723513165698","22.4973889715694","25.0659834731016","23.8598352573687","22.7816126568112","22.9190620916872","23.7596634812081","22.9503246036234","23.3404901163238","24.0391735697685","24.4676628735959","22.8806742241443","24.0555855187228","24.516211472203","23.4799007978531","23.7123292993005","24.6552173590672","25.2037253172735","24.6565842160701","26.1956730751508","25.3115825630928","25.9097764936095","31.8626373022008","28.2258477362562","","","","","","","","",
"Sweden","SWE","Alternative and nuclear energy (% of total energy use)","EG.USE.COMM.CL.ZS","13.2110981581157","15.2500467611213","15.2732873823217","13.9027553184854","14.7619066416407","15.0348075929546","13.8189636558228","14.8855422726544","13.2600462616321","10.537899729232","9.51547250184545","12.4761422396978","13.6075526983099","14.6728942775972","14.8351398445407","20.6926226104171","20.9737032140338","23.4715409767159","26.8910490885896","24.7523296298576","29.5555705185631","35.2695601358415","36.7185897636845","39.2432267916572","43.9498282212565","45.238630898762","47.6986107975392","49.0532807561175","48.798459376205","48.9746221230026","48.7833494497712","50.5926071010777","47.1652190678617","46.2326009494293","47.4085771567803","46.2996491840696","45.6580243597247","46.65132438435","47.9527125111722","48.476909598874","44.4745161157236","48.6623221497192","44.5610770219113","43.9723590488254","47.418281399668","47.2381867277524","45.1201162989411","46.0695493639402","45.3670661759266","43.0104399230128","41.4268773537674","43.4052934105901","46.0005365533351","46.7712185753299","47.4723215329032","43.2411503756414","","","","","","","","",
"Eswatini","SWZ","Alternative and nuclear energy (% of total energy use)","EG.USE.COMM.CL.ZS","","","","","","","","","","","","","","","","","","","","","","","","","","","","","","","","","","","","","","","","","","","","","","","","","","","","","","","","","","","","","","","","",
"Sint Maarten (Dutch part)","SXM","Alternative and nuclear energy (% of total energy use)","EG.USE.COMM.CL.ZS","","","","","","","","","","","","","","","","","","","","","","","","","","","","","","","","","","","","","","","","","","","","","","","","","","","","","","","","","","","","","","","","",
"Seychelles","SYC","Alternative and nuclear energy (% of total energy use)","EG.USE.COMM.CL.ZS","","","","","","","","","","","","","","","","","","","","","","","","","","","","","","","","","","","","","","","","","","","","","","","","","","","","","","","","","","","","","","","","",
"Syrian Arab Republic","SYR","Alternative and nuclear energy (% of total energy use)","EG.USE.COMM.CL.ZS","","","","","","","","","","","","0.184430003641504","0.269359452915392","0.0710240383821288","1.07224182037796","2.11273349390108","3.05952980771066","3.95615466595617","4.28816915621817","3.7105967261902","4.93251347983556","4.28739750312569","3.9791648716897","3.28603349852684","3.3877052422769","3.66969290906781","3.05764473340709","2.74952811654082","2.61382997714669","2.56335787063834","1.5972917278012","1.41403028268859","1.45170261932691","1.42244614701513","1.2360444646244","1.05820869318537","1.01826778807992","0.956233305660548","0.891074675145266","0.907603659067213","1.04018929798355","1.11819010009947","0.817154482016163","0.93045156997168","1.37580108723661","1.20393354307933","1.0539359996612","0.895868990773156","0.716727445899109","0.468710574803768","0.746234794662266","1.02918812511525","1.35971555374129","1.60768019142343","1.35082872186579","","","","","","","","","",
"Turks and Caicos Islands","TCA","Alternative and nuclear energy (% of total energy use)","EG.USE.COMM.CL.ZS","","","","","","","","","","","","","","","","","","","","","","","","","","","","","","","","","","","","","","","","","","","","","","","","","","","","","","","","","","","","","","","","",
"Chad","TCD","Alternative and nuclear energy (% of total energy use)","EG.USE.COMM.CL.ZS","","","","","","","","","","","","","","","","","","","","","","","","","","","","","","","","","","","","","","","","","","","","","","","","","","","","","","","","","","","","","","","","",
"East Asia & Pacific (IDA & IBRD countries)","TEA","Alternative and nuclear energy (% of total energy use)","EG.USE.COMM.CL.ZS","","","","","","","","","","","","0.623343274983624","0.655665941851309","0.734650024172377","0.812797347299373","0.7863690753503","0.779280834284761","0.730764258416988","0.642018059020175","0.786410742510016","1.04056163171242","1.23652180081236","1.41442129587789","1.58744753985384","1.60360442446488","1.66251425028207","1.6289893785276","1.67007763733506","1.76777964773812","1.88321676868051","0.948679324330723","0.999279590404287","1.01886398673618","1.10515738390161","1.5160685870882","1.56717405206822","1.57672990779465","1.58190097885211","1.67638236310962","1.70430595464657","1.81868054550709","2.06939853778339","2.13444254701748","2.2262410898487","2.35507126611729","2.40945572882938","2.45659260901842","2.62525873841537","3.0173890473555","3.10470410917978","3.13716578811912","3.22484370384441","3.73278848515858","4.09693912277525","4.53881798457755","","","","","","","","","",
"Europe & Central Asia (IDA & IBRD countries)","TEC","Alternative and nuclear energy (% of total energy use)","EG.USE.COMM.CL.ZS","0.216639870347843","0.237760392775779","0.225037477334171","0.327022297345232","0.269390928568923","0.341879782607615","0.343832614533275","0.342078114494343","0.406689648813783","0.386889069169521","0.429200506513402","0.611502381089202","0.754554410448269","0.728431361306965","0.921116662815836","1.23466910768899","1.51506787011719","1.63102010375581","1.59090532693648","1.68060064658712","1.76820540870169","2.20275276713668","2.27455725546036","2.28313969001247","2.47599671548162","2.41063218268224","2.24675033489792","2.41618104036066","3.16478771878106","2.74741895539068","4.49791007792857","4.62235868773718","4.9780974593405","5.39584819105728","5.51088221624706","5.72645762171026","6.2155770468217","6.48234496759336","6.5087248583003","6.78091782147916","7.02275554810722","7.15531320741192","7.25678497670273","7.13721444310575","7.29119292336079","7.43852135465029","7.38138181662004","7.29394002080755","7.27117324872686","7.78128271719886","7.73910910318519","7.4511115454131","7.5184857325238","7.60256797401453","8.17380710410436","4.32976588514235","","","","","","","","",
"Togo","TGO","Alternative and nuclear energy (% of total energy use)","EG.USE.COMM.CL.ZS","","","","","","","","","","","","0.899342692771822","0.65685009426643","0.437902996714387","0.876140584638853","1.05090252846891","0.839656018519708","1.58239991671579","1.7304739211014","0.369623047829313","0.368089729192737","0.360756971451848","0.513729316421417","0.175510015563893","0.337692961871075","0.662719685593451","0.60727071024472","0.573744516903781","0.56200305593461","0.681463687244034","1.40401974288338","1.486843577837","1.87231524099532","1.46680761549241","1.11504228589093","1.93030973225322","1.77094674505673","1.52104331146528","1.30951714065804","1.05084134780169","1.0849566691429","0.811864910646911","1.11795106855529","1.40830151283611","0.938291218795484","0.866020900135132","0.932126736789625","0.995630114473028","1.58219236959722","1.56009897183045","1.20050079624709","2.09347443992331","2.2543405087035","2.15792100789185","2.40600370949386","","","","","","","","","",
"Thailand","THA","Alternative and nuclear energy (% of total energy use)","EG.USE.COMM.CL.ZS","","","","","","","","","","","","1.28660883082578","1.03418932133831","1.03592191219601","1.32608441313827","1.68572993858309","1.66064286186431","1.40014880601399","0.870762458918784","1.27476976345589","0.497581495229712","1.15003665302301","1.46697626955907","1.52351081246892","1.53844764624515","1.28313083503349","1.83811953372404","1.22089781296075","0.992692387388711","1.30821237129974","0.885566914943727","0.748970088993753","0.648695190081791","0.551998534321001","0.602239619632125","0.829179502303083","0.785146196987547","0.776444171325305","0.601559126236795","0.389628991146003","0.657054269135979","0.656824896016045","0.717918059843698","0.644233272305081","0.493752956921428","0.462170298679137","0.638628496740401","0.617217608262446","0.523067985179519","0.528255352151954","0.395588160379538","1.0122733013208","1.1092300159728","0.899895081759354","1.10807573900785","","","","","","","","","",
"Tajikistan","TJK","Alternative and nuclear energy (% of total energy use)","EG.USE.COMM.CL.ZS","","","","","","","","","","","","","","","","","","","","","","","","","","","","","","","26.1451722292874","27.3399496088633","32.3384995676026","36.7641300853206","48.6685088577416","52.7608814788149","53.6547453386369","47.1690307378293","46.5033994329243","49.5988992883214","52.2775536589748","53.5648258536158","54.43468581453","54.3007079231303","51.2488212410759","52.9449973227606","51.603616752768","48.0359417267459","48.8554332703297","53.8224336000555","55.5767210624058","53.806280339347","50.0227870647741","44.4758878741804","37.481949469167","","","","","","","","","",
"Turkmenistan","TKM","Alternative and nuclear energy (% of total energy use)","EG.USE.COMM.CL.ZS","","","","","","","","","","","","","","","","","","","","","","","","","","","","","","","0.197819646823476","0.221414443324064","0.00138428590333547","0.00197317802679529","0.00124155064890475","0.0012813783026222","0.00166932691529541","0.00147196530312631","0.00229027000884717","0.00157434714499177","0","0","0","0","0","0","0","0","0","0","0","0","0","0","0","","","","","","","","","",
"Latin America & the Caribbean (IDA & IBRD countries)","TLA","Alternative and nuclear energy (% of total energy use)","EG.USE.COMM.CL.ZS","","","","","","","","","","","","3.35667720979221","3.58400328153022","3.78985378154322","4.24356142997319","4.53770993688684","4.92517027040829","5.08950364114934","5.24188790648363","5.60347476126599","5.7253725994592","6.07277705099175","6.32891564394122","6.79065979316336","7.38503856076068","7.92255703522722","8.22437442469868","8.62424434022363","8.74375099733438","8.86239602280619","7.00282357645098","7.08379147700942","7.04023045714035","7.44455817464758","7.24102346340377","7.76916720241781","7.6438365466105","7.79064544820687","7.55829548318255","7.56692039045766","7.87613579981888","7.73550890651788","7.80475278677234","7.95622258523674","7.78605318684131","7.84392024256198","7.99087452375226","7.90588408771032","7.82083898945654","7.99924343744763","7.57206983260652","8.08182121252225","7.5749581140013","7.36946077445907","7.19375551655129","3.87297073210308","","","","","","","","",
"Timor-Leste","TLS","Alternative and nuclear energy (% of total energy use)","EG.USE.COMM.CL.ZS","","","","","","","","","","","","","","","","","","","","","","","","","","","","","","","","","","","","","","","","","","","","","","","","","","","","","","","","","","","","","","","","",
"Middle East & North Africa (IDA & IBRD countries)","TMN","Alternative and nuclear energy (% of total energy use)","EG.USE.COMM.CL.ZS","","","","","","","","","","","","2.11706605519932","2.25497529595055","1.78090968360437","1.88390436436418","1.81638947712418","1.87253837950331","1.93674516577632","2.13034750091509","1.87798809886369","1.84184890627902","1.72641867730524","1.5373660599285","1.43013880238405","1.30507380968635","1.1706418759531","1.22886578183028","1.3426115008575","1.23681360509395","1.19440935897717","0.940186137679965","0.880282168238238","0.877933748419733","0.821902518188208","0.716456987243281","0.683480009453705","0.750615431042143","0.691761651712259","0.707595920330654","0.649542151345805","0.579634795115437","0.614863148832026","0.602303035371949","0.704943703615488","0.668823365990278","0.793012097698465","0.808780087799308","0.789118785655214","0.495245072064993","0.522941677975194","0.634417107400959","0.661571174656615","0.734444187164884","0.946139469443585","0.860316001680588","","","","","","","","","",
"Tonga","TON","Alternative and nuclear energy (% of total energy use)","EG.USE.COMM.CL.ZS","","","","","","","","","","","","","","","","","","","","","","","","","","","","","","","","","","","","","","","","","","","","","","","","","","","","","","","","","","","","","","","","",
"South Asia (IDA & IBRD)","TSA","Alternative and nuclear energy (% of total energy use)","EG.USE.COMM.CL.ZS","","","","","","","","","","","","1.73449191258655","1.64832877455306","1.90491909712462","1.78263333800539","2.03754007410573","2.15159548403602","2.06912490074796","2.51202979963606","2.37331888107672","2.36538476016706","2.38807756384623","2.17487126674309","2.35325952315435","2.52061357636577","2.38448937495315","2.43257275968008","2.19843473678992","2.43999416071387","2.35063771500818","2.05276177232274","1.99224462350076","2.00994782518471","1.86282915448094","2.06652591956583","1.93693857673403","1.81526538747027","1.89039248976017","2.01966959158168","1.89812190001538","1.9865270745809","2.0967192602696","2.01197301454052","2.0837828430001","2.09697983824546","2.26745792248311","2.41699442908986","2.34591843690135","2.0718130287846","2.09481362884931","2.43887071885112","2.75016056939295","2.57283823561206","2.81204270808356","2.74165909548694","","","","","","","","","",
"Sub-Saharan Africa (IDA & IBRD countries)","TSS","Alternative and nuclear energy (% of total energy use)","EG.USE.COMM.CL.ZS","","","","","","","","","","","","0.834580464057979","1.07617511726662","1.10502626130575","1.34256046486272","1.39234430743285","1.4837238667331","1.56430591457147","1.4154711498369","1.5124213794961","1.41429228162426","1.4219746924925","1.35261613605824","1.18137770664445","1.53444258732904","1.80031309271428","2.30449553205481","1.87202890322164","2.38516706351345","2.49035591416313","1.7802617034114","1.87317940062706","1.88766725534076","1.62937687855083","1.7925090310177","1.91210304954758","1.94781337754649","1.96566545213494","1.95194241168494","1.88935075446448","1.98543637406449","1.85035925459168","1.98413149852657","2.01007477924355","2.02901094985593","1.89725465234069","1.8653570816266","1.84917415644774","1.9143065094298","1.89593516429468","1.92440569148083","1.99480403418894","1.94201829757609","2.05792681211004","1.94003008511173","","","","","","","","","",
"Trinidad and Tobago","TTO","Alternative and nuclear energy (% of total energy use)","EG.USE.COMM.CL.ZS","","","","","","","","","","","","0","0","0","0","0","0","0","0","0","0","0","0","0","0","0","0","0","0","0","0","0","0","0","0","0","0","0","0","0","0","0","0","0","0","0","0","0","0","0","0","0","0","0","0","","","","","","","","","",
"Tunisia","TUN","Alternative and nuclear energy (% of total energy use)","EG.USE.COMM.CL.ZS","","","","","","","","","","","","0.270103765265815","0.256677965876864","0.332868512165766","0.0900542419736539","0.126629223926665","0.200312719038119","0.105933129414046","0.0902516297946178","0.120346927005191","0.0631590736546796","0.0765174023706159","0.0984986491097145","0.0661313579838368","0.142045418997699","0.235553261850463","0.113146150034134","0.243351886876384","0.0961947379606487","0.0710048097960951","0.0678172451127285","0.164437312936549","0.0914800576884","0.0914354914174061","0.0539261970161796","0.0495640232288934","0.0811099025839973","0.0514311917633004","0.0768559854085232","0.094589107092882","0.0867819477655761","0.0733377330366538","0.0870774151553988","0.196780501234182","0.186230263911197","0.171530851502058","0.115725711216932","0.0776138351154473","0.055913321830104","0.137819416449284","0.395763446835946","0.432972448045847","0.553812685526962","0.664110615423163","0.797658449883838","","","","","","","","","",
"Turkiye","TUR","Alternative and nuclear energy (% of total energy use)","EG.USE.COMM.CL.ZS","0.806109187326652","1.00268972278519","0.815473685737917","1.48068137931212","1.10581508666177","1.40925023658866","1.37322070634664","1.34935000404001","1.70387888944433","1.7495392460005","1.55584818920711","1.34204774567948","1.42011568386605","1.1180967551088","1.34411981109856","2.10579056900843","2.67164157575116","2.49069585817481","2.71387940589663","3.12447424879047","3.29475011156834","3.61185082561727","3.85967811881833","3.01342403130363","3.64055145194358","3.23867616292727","3.22869033427109","4.22689796159502","6.1364938253893","3.9867143870389","3.70435170666975","3.72195811873446","4.11774558875962","4.81286500023537","4.50221657644458","4.6996537081989","4.86538277941767","4.76741647713841","5.02814760517035","4.46469875157975","3.85313759225527","3.6864425300183","4.4898633335877","4.53409307963649","5.38089606953948","4.77988457612998","4.69094796335907","3.83401789633284","3.8639078310947","4.38502954169555","5.32770459943917","5.38113113160956","5.72709858654086","6.11513779657651","4.95017358246282","6.65430058653642","","","","","","","","",
"Tuvalu","TUV","Alternative and nuclear energy (% of total energy use)","EG.USE.COMM.CL.ZS","","","","","","","","","","","","","","","","","","","","","","","","","","","","","","","","","","","","","","","","","","","","","","","","","","","","","","","","","","","","","","","","",
"Tanzania","TZA","Alternative and nuclear energy (% of total energy use)","EG.USE.COMM.CL.ZS","","","","","","","","","","","","0.350734927861372","0.361065460935257","0.330892412521033","0.329767976847899","0.483184108449321","0.554962090281491","0.576974039522722","0.570513169707129","0.570632917215761","0.733902649355627","0.764863844197956","0.757779964802901","0.75473750563494","0.783319437834473","0.868067535220834","0.990090301036486","1.08230887603493","1.15639354970569","1.28249294247394","1.09627218365882","1.17207649363275","1.12071255355612","1.03887567495801","0.99770733664631","1.01108336960174","1.21090657359192","1.00640840704096","1.31852341251691","1.14131393689427","1.070386180047","1.18873456859596","1.28888585708422","1.29068829462062","0.853003782515529","0.649557152140383","0.535614199951623","0.873276231356004","0.97811675039982","0.761310469036944","0.875159011407897","0.619066703853927","0.525712392801635","0.505786033350254","0.723885118164249","","","","","","","","","",
"Uganda","UGA","Alternative and nuclear energy (% of total energy use)","EG.USE.COMM.CL.ZS","","","","","","","","","","","","","","","","","","","","","","","","","","","","","","","","","","","","","","","","","","","","","","","","","","","","","","","","","","","","","","","","",
"Ukraine","UKR","Alternative and nuclear energy (% of total energy use)","EG.USE.COMM.CL.ZS","","","","","","","","","","","","","","","","","","","","","","","","","","","","","","","8.12443526354648","8.04730047468016","8.98867129779968","10.4485049804755","11.2894416622401","11.6144394405221","14.1782513203613","14.8384511362508","15.1327909104358","14.5157455662482","15.545066329021","15.2845636025358","15.3714257183171","15.0164807374934","16.2300685277302","16.6830723203197","17.6638082329097","17.8526148981455","18.0202617588663","19.6196033162538","18.2690023123579","19.2445480126725","19.8544252542397","19.6131917480218","22.5308723985058","","","","","","","","","",
"Upper middle income","UMC","Alternative and nuclear energy (% of total energy use)","EG.USE.COMM.CL.ZS","0.806109187326652","1.00268972278519","0.815473685737917","1.48068137931212","1.10581508666177","1.40925023658866","1.37322070634664","1.34935000404001","1.70387888944433","1.7495392460005","1.55584818920711","1.38650212918591","1.48751983430069","1.5980021516653","1.83404208621577","1.91671183017103","2.09122370062457","2.10033927640169","2.04772294913025","2.25005532503518","2.38846384146923","2.63455748379363","2.7611985853083","2.91496146482673","3.11974608640023","3.30626384247554","3.42425326645314","3.47862586809047","3.67077841547862","3.67176466161514","3.38167813310646","3.47312536693081","3.56798928839228","3.71147769531668","3.83199683217077","3.97657671153275","4.05360265377573","4.14121350664852","4.19655890074127","4.31878305828585","4.45178645757275","4.56139757989791","4.63519007059453","4.55931219510078","4.473375500144","4.45200993989108","4.44324093826597","4.42319426109184","4.62421151799178","4.73514931762599","4.6586519409589","4.68992857329976","4.94524224195434","5.14201226622429","5.485748937655","4.80051791525567","","","","","","","","",
"Uruguay","URY","Alternative and nuclear energy (% of total energy use)","EG.USE.COMM.CL.ZS","","","","","","","","","","","","5.22726699097618","3.47760280234958","5.60670444804028","5.00130816272268","3.98492861212116","4.23547486269931","5.43253007776872","5.51800375299472","4.11792287255692","11.3189231069554","13.0204160620015","19.035946773927","29.5127226712003","30.3594132417914","27.7739291306106","30.4308700016155","28.5052169067665","19.8475648304996","13.9254412349184","13.6255205665719","12.8096144881348","12.0096158971426","14.2978227392375","16.5164481387845","15.5199160418927","13.6504851471948","15.1244921395629","16.3261094533605","12.5943857301774","17.1541722552136","20.6922715396034","22.1263438483518","20.9689877993387","15.1892727544596","16.4273167099346","12.5555707908324","18.3795281948379","8.99268446313121","10.9319205392619","15.4564198495976","11.5423690157064","9.36565401671876","13.1854430231224","14.7506892110662","","","","","","","","","",
"United States","USA","Alternative and nuclear energy (% of total energy use)","EG.USE.COMM.CL.ZS","1.26126148522724","1.33475774086046","1.43006193185308","1.36539050879262","1.40059474990951","1.47222819936187","1.43948624642336","1.59371835614101","1.63247613580925","1.7606108397129","1.81068382134833","2.12491323416879","2.38232402036578","2.78434685172255","3.54621979172437","4.64652903858906","4.56987141711148","5.02520408131375","5.50575392612609","5.24608154657353","5.4272868628859","5.87790015897125","6.49436984279888","6.84776519504243","7.12941354109965","7.83031003085784","8.41396566884746","8.44470392301076","9.00778605263972","9.31670015003552","9.45111635256245","9.98758399326045","9.75480402730826","9.57785293414193","9.75187746552207","10.2440671762868","10.1748033387095","9.42468384685521","9.79913364449837","10.354743625153","10.2970525907123","10.2108646825098","10.5133378836776","10.3429244994095","10.4077374705913","10.3545530514855","10.6284102374098","10.5968903324343","10.9475046355289","11.5601149223974","11.3372473990171","11.5679100503225","11.4475715077974","11.6849567099973","11.680856159034","11.8743317712829","","","","","","","","",
"Uzbekistan","UZB","Alternative and nuclear energy (% of total energy use)","EG.USE.COMM.CL.ZS","","","","","","","","","","","","","","","","","","","","","","","","","","","","","","","0.939739457944679","0.85615319765093","0.943879472613988","1.07413899733604","1.05582534337461","0.994598045622723","1.07580315836256","0.934374312346731","0.837483615928342","0.808676591142202","0.843389233018936","0.843658580493204","0.822947300610499","1.05206459226263","1.26208176610697","1.3044802203709","1.35541995593802","0.953663795530718","1.62434234528565","1.50242137321837","1.78689198215229","1.53965343998148","1.64847598115415","1.91706736502013","","","","","","","","","","",
"St. Vincent and the Grenadines","VCT","Alternative and nuclear energy (% of total energy use)","EG.USE.COMM.CL.ZS","","","","","","","","","","","","","","","","","","","","","","","","","","","","","","","","","","","","","","","","","","","","","","","","","","","","","","","","","","","","","","","","",
"Venezuela, RB","VEN","Alternative and nuclear energy (% of total energy use)","EG.USE.COMM.CL.ZS","","","","","","","","","","","","2.59701274622641","2.99842069199857","2.80784770750131","2.93985508438818","3.33398661701711","3.80758253491439","4.09100155107303","3.81163048194179","4.28371121817513","3.8404190975256","3.70553678134381","3.89853194618241","4.13120407432954","4.74420660554339","5.36014322277329","5.69132668689286","6.97069923169565","8.00476934859161","7.89904508299761","6.09569942749634","7.01325072290673","6.70509819126715","7.29872101923793","6.61928297032233","7.07471935525675","6.91267732859052","7.35783700944763","6.92822353909512","7.57044409522753","7.51570037186941","6.92702632445006","6.2986559289856","6.8817089740097","7.53481805269384","7.97143615363316","7.64206972272184","8.22088921508024","7.52560536119996","7.68884718110424","6.55034823710969","7.70432087532693","6.97263476101185","8.24705905142355","","","","","","","","","","",
"British Virgin Islands","VGB","Alternative and nuclear energy (% of total energy use)","EG.USE.COMM.CL.ZS","","","","","","","","","","","","","","","","","","","","","","","","","","","","","","","","","","","","","","","","","","","","","","","","","","","","","","","","","","","","","","","","",
"Virgin Islands (U.S.)","VIR","Alternative and nuclear energy (% of total energy use)","EG.USE.COMM.CL.ZS","","","","","","","","","","","","","","","","","","","","","","","","","","","","","","","","","","","","","","","","","","","","","","","","","","","","","","","","","","","","","","","","",
"Viet Nam","VNM","Alternative and nuclear energy (% of total energy use)","EG.USE.COMM.CL.ZS","","","","","","","","","","","","0.399353821859335","0.271953346198138","0.258808944328204","0.275997712244877","0.30919038210826","0.383737453150337","0.397850742438831","0.517064130908012","0.62481328254231","0.889170777098905","0.889248059053943","0.888464170874388","0.674767711385366","0.871803588130401","0.795553089837711","0.723338050694758","0.672410834975465","0.862097529981377","1.89001778598424","1.84163533581555","2.14432304190687","2.34836302864804","2.45543915446134","2.92640003820185","3.17890204418194","3.52700249253684","3.21963359476838","2.93811307688627","3.59885362906713","3.67304283897901","4.2984902402924","3.93104523456482","3.95839650349543","3.36959038972869","3.10158232586681","3.69547647979851","3.98684669186419","4.24710378757124","4.49472007273737","3.6903626649197","5.4489654785319","6.80280232468185","6.93720399976552","","","","","","","","","","",
"Vanuatu","VUT","Alternative and nuclear energy (% of total energy use)","EG.USE.COMM.CL.ZS","","","","","","","","","","","","","","","","","","","","","","","","","","","","","","","","","","","","","","","","","","","","","","","","","","","","","","","","","","","","","","","","",
"World","WLD","Alternative and nuclear energy (% of total energy use)","EG.USE.COMM.CL.ZS","2.72782771637474","2.80056009707591","2.76466412746145","2.77320319249728","2.77878365851951","2.98181810481771","3.07481133043289","3.05432035110705","3.05186464458759","3.06642278300155","2.98615344538681","2.70601197255199","2.92408665662796","3.07513728776143","3.58621076305312","4.14738424041406","4.16202049895789","4.51324537524386","4.87837063199501","4.96843211414306","5.28437976515814","5.95285256959996","6.32232668829929","6.88539362803185","7.50746947260965","8.26970984480702","8.66902877039567","8.82867059912999","9.08480466669118","9.15348847480751","8.04877879380508","8.34329908782691","8.39145405428387","8.59676701898527","8.71820402502445","8.86255769130338","8.94158967912279","8.81497508673793","8.9390413579375","9.0413715047084","9.05132131531469","9.05573819203332","9.00932518227275","8.69701464411251","8.70272783553262","8.62864321586974","8.56377401402962","8.26527823467202","8.32646525551942","8.41519843537993","8.25801132298279","7.93852497247191","7.74553318412268","7.91361412337882","8.13473848426969","13.3540827840592","","","","","","","","",
"Samoa","WSM","Alternative and nuclear energy (% of total energy use)","EG.USE.COMM.CL.ZS","","","","","","","","","","","","","","","","","","","","","","","","","","","","","","","","","","","","","","","","","","","","","","","","","","","","","","","","","","","","","","","","",
"Kosovo","XKX","Alternative and nuclear energy (% of total energy use)","EG.USE.COMM.CL.ZS","","","","","","","","","","","","","","","","","","","","","","","","","","","","","","","","","","","","","","","","","0.230154373039585","0.188229160203063","0.189112729461966","0.180852881395381","0.358176725718234","0.361696015080989","0.338694132593639","0.30380384306702","0.242909114218788","0.342892770845777","0.439342772043643","0.29190683510895","0.273454539465683","0.383520484232539","0.519176378508478","","","","","","","","","",
"Yemen, Rep.","YEM","Alternative and nuclear energy (% of total energy use)","EG.USE.COMM.CL.ZS","","","","","","","","","","","","0","0","0","0","0","0","0","0","0","0","0","0","0","0","0","0","0","0","0","0","0","0","0","0","0","0","0","0","0","0","0","0","0","0","0","0","0","0","0","0","0","0","0","","","","","","","","","","",
"South Africa","ZAF","Alternative and nuclear energy (% of total energy use)","EG.USE.COMM.CL.ZS","","","","","","","","","","","","0.0212023437042555","0.155264581788017","0.172231430082843","0.190889388626889","0.178464662505295","0.288950230894582","0.29334189487031","0.272351173025447","0.158209769874608","0.130481637407509","0.197655062759007","0.111711020303148","0.0642501075752974","1.23952628303572","1.66525897112937","2.70474063033119","1.87285476017877","3.09910485567052","3.36887779174584","2.50076089264373","2.65726651962356","2.78804011859474","2.00150273733004","2.64549715229643","2.87773082727435","2.98990450680151","3.17248649133779","3.38951782748563","3.10933653609282","3.18211165476412","2.62380150646657","3.00534222348224","2.85954192861691","2.77510463487214","2.38052630717149","2.22227648178557","2.22200157415155","2.39850781667067","2.42683669884552","2.37367603324474","2.64318135695266","2.35482550940283","2.7687404681877","2.66495356753026","","","","","","","","","",
"Zambia","ZMB","Alternative and nuclear energy (% of total energy use)","EG.USE.COMM.CL.ZS","","","","","","","","","","","","2.16292993799941","6.9456489130381","6.55507163910509","11.9106733760487","13.0356831706303","13.6361502162844","17.1682980358282","15.4954779425092","17.2544451226528","17.1003182016858","18.262310561674","18.5726358837107","17.5008099007503","16.7524460555146","17.0249384781606","16.2862958387732","13.1806978853402","12.912110183728","10.1204500841687","9.27993374945911","8.92927125198789","9.08211091747338","9.32543863765257","9.39035351249669","9.19768182750983","9.21206603515139","8.41675239405848","7.80327859236091","8.06535523196849","8.25998642222838","8.51904545677298","8.81175622175424","9.02069702323938","9.30542289384754","9.34073256893273","9.57482109744705","9.25026349751415","8.12634933983533","7.87582399340634","8.13543724201332","8.47509025179321","9.71880062958052","9.67483336418316","","","","","","","","","","",
"Zimbabwe","ZWE","Alternative and nuclear energy (% of total energy use)","EG.USE.COMM.CL.ZS","","","","","","","","","","","","3.83411826586443","5.56115231779952","5.1108868253233","6.93772418016514","7.66147576019239","7.86481846933577","8.54587893593732","7.91435118734516","8.40339447429423","5.3089747592357","5.06241835966504","4.57940736194618","4.39000457684206","3.77818100469787","3.31661898662285","2.60388812013238","1.11443104463759","2.73671081619313","3.23434683973515","3.87557593550361","2.79983686936927","2.75689138336087","1.97995836642823","2.14891391249724","2.34193876338908","2.54543640585264","2.65433483920195","2.57237472604057","3.59088110054879","4.11732830256847","3.30424455209814","4.01418339014673","5.77433330493448","5.37442678491312","4.88094383087158","5.98582925451186","5.68880033699622","5.3691945923544","4.96887345259469","4.48321759282508","3.80772606724905","3.64877560278607","3.2958428009259","","","","","","","","","","",
