"Data Source","World Development Indicators",

"Last Updated Date","2024-06-28",

"Country Name","Country Code","Indicator Name","Indicator Code","1960","1961","1962","1963","1964","1965","1966","1967","1968","1969","1970","1971","1972","1973","1974","1975","1976","1977","1978","1979","1980","1981","1982","1983","1984","1985","1986","1987","1988","1989","1990","1991","1992","1993","1994","1995","1996","1997","1998","1999","2000","2001","2002","2003","2004","2005","2006","2007","2008","2009","2010","2011","2012","2013","2014","2015","2016","2017","2018","2019","2020","2021","2022","2023",
"Aruba","ABW","Deposit interest rate (%)","FR.INR.DPST","","","","","","","","","","","","","","","","","","","","","","","","","","","6.4","6.58333333333333","6.7","6.7","6.7","6.55","5.89166666666667","4.975","3.99166666666667","4.36666666666667","4.26666666666667","4.35833333333333","4.9","6.16666666666667","6.2","6.5","6.2","5.1","3.1","4.1","4.4","4.5","4.2","3.4","1.9","1.6","1.4","3.2","2.3","1.9","2","1.6","1.2","2.2","1.3","1.7","1.8","",
"Africa Eastern and Southern","AFE","Deposit interest rate (%)","FR.INR.DPST","","","","","","","","","","","","","","","","","","","","","","","","","","","","","","","","","","","","","","","","","","","","","","","","","","","","","","","","","","","","","","","","",
"Afghanistan","AFG","Deposit interest rate (%)","FR.INR.DPST","","","","","","","","","","","","","","","","","","","","","","","","","","","","","","","","","","","","","","","","","","","","","","","","","","","","","","","","","","","","","","","","",
"Africa Western and Central","AFW","Deposit interest rate (%)","FR.INR.DPST","","","","","","","","","","","","","","","","","","","","","","","","","","","","","","","","","","","","","","","","","","","","","","","","","","","","","","","","","","","","","","","","",
"Angola","AGO","Deposit interest rate (%)","FR.INR.DPST","","","","","","","","","","","","","","","","","","","","","","","","","","","","","","","","","","","","125.916666666667","147.125","29.25","36.875","36.5725","39.5784","47.9087916666667","48.6908333333333","26.1725","15.4393455269743","13.3984966156938","4.50032920949549","6.75643368542821","6.53807760064286","7.58936660757563","12.7562991888339","6.30923166027609","3.60364026674955","3.14507073587628","3.52696441746378","3.31462018020741","5.54431812488231","6.3421932312639","6.87665706999036","6.41540182938613","6.20172843601284","7.04590812053744","7.10358706145982","6.87844405276617",
"Albania","ALB","Deposit interest rate (%)","FR.INR.DPST","","","","","","","","","","","","","","","","","","","","","","","","","","","","","","","","","18.5","27.3333333333333","19.8333333333333","15.3","16.7833333333333","27.2758333333333","22.56","12.9458333333333","8.3025","7.725","8.53833333333333","8.37549739428437","6.60669485084465","5.08755087231281","5.22742521887892","5.6590985397927","6.80274238793673","6.77243622651908","6.41754337281697","5.86175264225151","5.42490848079036","4.16420494025281","1.91416666666667","1.39333333333333","0.830833333333333","0.766666666666667","0.751666666666667","0.4925","0.415","0.478333333333333","0.730833333333333","1.3475",
"Andorra","AND","Deposit interest rate (%)","FR.INR.DPST","","","","","","","","","","","","","","","","","","","","","","","","","","","","","","","","","","","","","","","","","","","","","","","","","","","","","","","","","","","","","","","","",
"Arab World","ARB","Deposit interest rate (%)","FR.INR.DPST","","","","","","","","","","","","","","","","","","","","","","","","","","","","","","","","","","","","","","","","","","","","","","","","","","","","","","","","","","","","","","","","",
"United Arab Emirates","ARE","Deposit interest rate (%)","FR.INR.DPST","","","","","","","","","","","","","","","","","","","","","","","","","","","","","","","","","","","","","","","","","","","","","","","","","","","","","","","","","","","","","","","","",
"Argentina","ARG","Deposit interest rate (%)","FR.INR.DPST","","","","","","","","","","","","","","","","","","","","","","","","","","","","","","","","","","","","","","","","","","","","","","","","","","","9.16684206720562","10.6791717588966","12.0234954622098","14.8544545942618","20.4176836843299","21.169148538645","24.2799621369518","18.9997425636825","31.9214014101395","47.2867933045233","29.3201379160418","33.5453268260542","52.4166674494502","95.4141278254552",
"Armenia","ARM","Deposit interest rate (%)","FR.INR.DPST","","","","","","","","","","","","","","","","","","","","","","","","","","","","","","","","","","","","56.1833333333333","32.1916666666667","26.0766666666667","24.9358333333333","27.3491666666667","18.0777357591667","14.9016666666667","9.5987677864009","6.87450898516572","4.89601729381373","5.81313993524673","5.83668970684598","6.25430323671206","6.62801860934559","8.65292863099265","8.95025892533692","9.2480433144904","9.56911001362681","10.1602652886801","10.4257850294385","14.1481591743434","11.6156571999545","9.01333497947312","8.66373059436086","8.48695110316131","8.11789155473093","8.24152656341881","8.47420281235438","8.36266526105075",
"American Samoa","ASM","Deposit interest rate (%)","FR.INR.DPST","","","","","","","","","","","","","","","","","","","","","","","","","","","","","","","","","","","","","","","","","","","","","","","","","","","","","","","","","","","","","","","","",
"Antigua and Barbuda","ATG","Deposit interest rate (%)","FR.INR.DPST","","","","","","","","","","","","","","","","","","","","","","","4.996139525","7.60523461027778","7.99382324","7.99382324","5.30145916263889","5.09328668243056","4.66306355666667","4.996139525","5.99536743","5.99536743","5.75261740316282","5.00782550704808","4.18785200662889","4.02228160824124","4.33129095419425","4.3561052363984","4.3443829187024","4.4495482947416","5.17721846072505","4.48930797808922","4.36396949801434","4.85700062575664","4.12193447107937","3.85810817971604","3.8345593131892","3.52392393360455","3.53720155682139","3.48357886848825","3.37030687182617","3.37537690057588","3.16043061576853","3.04434917695378","2.89339395353989","2.46616666666667","1.9275","1.755","1.65208591666667","1.57648958333333","1.5146045","1.582366","1.5552775","1.3615355",
"Australia","AUS","Deposit interest rate (%)","FR.INR.DPST","","","","","","","","","","","","","","","","","","","","","","13.6245762711864","15.0133474576271","12.8497881355932","12.4648305084746","14.0095338983051","16.2169491525424","14.881779661017","13.3614406779661","18.3463983050848","15.8271186440678","11.0516949152542","7.12415254237288","5.7646186440678","5.75","7.14851694915254","6.68072033898305","5.04830508474576","4.33686440677966","4.05911016949152","4.90699152542373","3.7375","3.7","3.50833333333333","3.85","3.89166666666667","4.0625","4.52916666666667","4.725","3.07916666666667","4.2125","4.3375","3.91666666666667","3.25","2.90416666666667","2.30416666666667","2.14166666666667","2.00833333333333","1.97916666666667","1.55833333333333","","","","",
"Austria","AUT","Deposit interest rate (%)","FR.INR.DPST","","","","","","","","","","","","","","","","","","","","","","","","","","","","","","","","","","","","","","","","","","","","","","","","","","","","","","","","","","","","","","","","",
"Azerbaijan","AZE","Deposit interest rate (%)","FR.INR.DPST","","","","","","","","","","","","","","","","","","","","","","","","","","","","","","","","","","","","","","","13.46","12.08","12.8991666666667","8.45833333333333","8.65916666666667","9.54333333333333","9.18166666666667","8.52","10.5808333333333","11.5566666666667","12.2241666666667","12.1958333333333","11.64","10.8741666666667","10.215","9.89166666666667","9.17166666666667","8.99833333333333","7.73289026685328","8.42833333333333","10.2758333333333","9.69416666666667","8.69070698083209","8.70763056465377","8.97568574843729","8.65296633761584",
"Burundi","BDI","Deposit interest rate (%)","FR.INR.DPST","","","","","","","","","","","","","","","","","","","","","","","","","","","","","","","","","","","","","","","","","","","","","","","","","","","","","","","","","","","","","","","","",
"Belgium","BEL","Deposit interest rate (%)","FR.INR.DPST","","","","","","","","","","","","","","","","","","","","","","","","","","","","","","","","","","","","","","","","","","","","","","","","","","","","","","","","","","","","","","","","",
"Benin","BEN","Deposit interest rate (%)","FR.INR.DPST","","","","","","","","","","","","","","","","","","","","","","","","","","","","","","","","","","","","","","","","","","","","","","7.6075","7.82166666666667","7.81333333333333","8.12416666666667","8.57916666666667","8.38666666666667","8.50083333333333","7.9925","7.65416666666667","7.25833333333333","6.99833333333333","6.925","5.26666666666667","5.39333333333333","5.31166666666667","5.095","5.3","","",
"Burkina Faso","BFA","Deposit interest rate (%)","FR.INR.DPST","","","","","","","","","","","","","","","","","","","","","","","","","","","","","","","","","","","","","","","","","","","","","","7.6075","7.82166666666667","7.81333333333333","8.12416666666667","8.57916666666667","8.38666666666667","8.50083333333333","7.9925","7.65416666666667","7.25833333333333","6.99833333333333","6.925","5.58166666666667","5.39333333333333","5.31166666666667","5.095","5.3","","",
"Bangladesh","BGD","Deposit interest rate (%)","FR.INR.DPST","","","","","","","","","","","","","","","","","7.65379975874548","7.9372738238842","7.9372738238842","7.9372738238842","9.3546441495778","13.6067551266586","13.6067551266586","13.6067551266586","13.6067551266586","13.6067551266586","13.6067551266586","13.6067551266586","13.6067551266586","13.6067551266586","13.6521109770808","13.6634499396864","11.8671692802573","9.27338158423804","7.26071572175312","6.85251306795336","8.25948934459188","9.20062324085243","9.30166666666667","9.4375","8.68666666666667","9.15333333333333","7.9075","7.11","5.80166666666667","5.53416666666667","5.985","6.99333333333333","7.54666666666667","7.81416666666667","7.21083333333333","8.8375","10.2158333333333","11.7216666666667","9.8","8.24416666666667","6.19916666666667","5.60583333333333","6.6575","6.775","6.0675","5.045","5.55522939207449","6.51833333333333",
"Bulgaria","BGR","Deposit interest rate (%)","FR.INR.DPST","","","","","","","","","","","","","","","","","","","","","","","","","","","","","","","","","","","","","","","","","3.13847916666667","2.91938333333333","2.80316666666667","2.93229166666667","3.04970833333333","3.08435","3.17256666666667","3.68195","4.44464166666667","6.1775","4.076075","3.36826666666667","3.08416666666667","2.41330833333333","1.65581666666667","0.613891666666667","0.173383333333333","0.0463083333333333","0.0274583333333333","0.0249666666666667","0.0133083333333333","0.0157666666666667","0.0198833333333333","0.0974833333333333",
"Bahrain","BHR","Deposit interest rate (%)","FR.INR.DPST","","","","","","","","","","","","","","","","","6.5","6.5","6.5","6.833333333","7.875","9","8.583333333","7","7","6.708333333","5.58333333333333","5","5.5","7.33333333333333","7.5","","3.625","3.025","4","5.7","5.175","5.275","4.735","4.795","5.8175","2.7075","1.335","1.475","1.5425","3.1425","4.37","4.485","1.6475","1.58166666666667","1.225","1.0225","1.08416666666667","1.05833333333333","0.981666666666668","0.993333333333333","","","","","","","","",
"Bahamas, The","BHS","Deposit interest rate (%)","FR.INR.DPST","","","","","","","","","","","","","","","","","","","","","","","","","","6.39833333333333","5.57","5.5","5.97","6.48333333333333","6.57083333333333","6.91666666666667","6.13333333333333","5.19","4.30083333333333","4.19666666666667","5.13583333333333","5.22833333333333","5.3625","4.5725","4.07916666666667","4.24583333333333","4.25166666666667","3.94916666666667","3.825","3.22333333333333","3.35833333333333","3.69083333333333","3.92083333333333","3.7825","3.44083333333333","2.63369186955964","2.01208333333333","1.68","1.4175","1.405","1.24166666666667","0.994166666666667","0.840833333333333","0.588333333333333","0.452291666666667","0.521958333333333","0.5175","0.538333333333333",
"Bosnia and Herzegovina","BIH","Deposit interest rate (%)","FR.INR.DPST","","","","","","","","","","","","","","","","","","","","","","","","","","","","","","","","","","","","","","","","","","","4.52833333333333","4.025","3.72083333333333","3.56416666666667","3.69333333333333","3.55583333333333","3.485","3.6","3.15916666666667","2.79583333333333","3.17733333333333","3.00616794970452","2.66178547140807","2.05966351885091","1.58256550727159","1.20898957612111","0.981735723071837","0.912892644638007","0.795801580613642","0.576406843413973","0.641369832300789","1.17538632636679",
"Belarus","BLR","Deposit interest rate (%)","FR.INR.DPST","","","","","","","","","","","","","","","","","","","","","","","","","","","","","","","","","","65.075","89.6","100.816666666667","32.3583333333333","15.6416666666667","14.3333333333333","23.8","37.55","34.175","26.85","17.4416666666667","12.7166666666667","9.23333333333333","7.68333333333333","8.30833333333333","8.525","10.6833333333333","9.09166666666667","13.3083333333333","22.3","20.2583333333333","18.5833333333333","19.9083333333333","14.6416666666667","6.99910913085967","5.92083333333333","6.5075","6.60833333333333","8.35416666666667","8.42083333333333","4.85228837114832",
"Belize","BLZ","Deposit interest rate (%)","FR.INR.DPST","","","","","","","","","","","","","","","","","7.099999999","6.699999999","6.799999999","6.799999999","11.175","14.6749999995","14.8666666663333","11.2999999996667","9.0749999995","11.6249999996667","11.8333333333333","9.58333333333333","8.41666666666667","7.85833333333333","8.14166666666667","8.41666666666667","8.15","8.13333333333333","8.55","9.36666666666667","9.075","9.18583333333333","8.75583333333333","8.12166666666667","7.69416666666667","6.35333333333333","6.28","6.93416666666667","7.41916666666667","7.71166666666667","8.155","8.3225","8.4575","8.3725","7.76083333333333","6.44083333333333","4.4125","3.585","2.89706136795201","2.60059702049274","2.29776223564374","2.11942890231041","1.99916666666667","1.95083333333333","2.18","2.22916666666667","2.22238526797298","2.0825",
"Bermuda","BMU","Deposit interest rate (%)","FR.INR.DPST","","","","","","","","","","","","","","","","","","","","","","","","","","","","","","","","","","","","","","","","","","","","","","","","","","","","","","","","","","","","","","","","",
"Bolivia","BOL","Deposit interest rate (%)","FR.INR.DPST","","","","","","","","","","","","","","","","","","","","","","","","","","","","30.35","27.7375","23.6666666666667","23.8341666666667","23.775","23.2233333333333","22.1808333333333","18.4316666666667","18.87","19.1583333333333","14.7283333333333","12.8191666666667","12.2591666666667","10.9825","9.81876220185975","9.57995151332266","11.4099033747003","7.41976666666667","4.93408333333333","4.02650833333333","3.54554166666667","4.65583333333333","3.43928333333333","1.04666851541744","1.40303615507917","1.62615307127361","1.73918352499664","2.95013680512336","1.41389753874509","1.44378718690193","2.46902430284961","3.03380608912302","3.17889336888884","3.54122080867706","3.15713397401475","3.20765676798161","3.17954065565693",
"Brazil","BRA","Deposit interest rate (%)","FR.INR.DPST","","","","","","","","","","","","","","","","","","","","","","","155.572245800344","154.03579131164","266.728499152458","294.417900577738","109.104878981375","399.669185599506","856.52105467032","5844.9835842771","9394.29317092605","913.467317036309","1560.18159815396","3293.50232545708","5175.2405527538","52.2464852077134","26.4484334127904","24.3506463193582","28.0033333333333","26.0225","17.1991666666667","17.8566666666667","19.1427279084507","21.9706904803307","15.4161509661468","17.6287476682326","13.9324026747455","10.5772525709938","11.6553322573294","9.2788317677565","8.87043931667786","10.9923648153524","7.90746650160068","7.80710378657161","10.0236351018781","12.6224588389549","12.4457643794587","8.5135331985483","6.87215891261149","5.43017528327146","2.19642732968407","4.348053883505","11.9994080248066","12.1387656731678",
"Barbados","BRB","Deposit interest rate (%)","FR.INR.DPST","","","","","","","","","","","","","","","","","","","","","5.6","7.39166666591667","8.83333333333333","6.72499999916667","6.06666666616667","5.49166666616667","4.28333333333333","3.60833333333333","4.25833333333333","4.78333333333333","6.28333333333333","6.53333333333333","6.68333333333333","4.39166666666667","4.31666666666667","5.10833333333333","5.2","4.575","4.20416666666667","4.4","4.9725","4.03916666666667","2.70416666666667","2.56333333333333","2.535","3.18","4.5975","5.13416666666667","4.46","2.86583333333333","2.66583333333333","2.67666666666667","2.5625","2.51083333333333","2.50916666666667","1.3225","0.3475","0.19488919978547","0.150277937417484","0.15","0.15","0.15","0.143333333333333","",
"Brunei Darussalam","BRN","Deposit interest rate (%)","FR.INR.DPST","","","","","","","","","","","","","","","","","","","","","","","","","","","","","","","","","","","","","","","","","","","","1.06475","1.04391666666667","1.006","1.0415","1.17275666666667","0.875761458333333","0.699921291666667","0.47054075","0.395686666666667","0.231537407407407","0.284346666666667","0.3","0.335774333333333","0.3411654","0.3155","0.312166666666667","0.36775","0.23","0.1385","0.141416666666667","0.192270833333333",
"Bhutan","BTN","Deposit interest rate (%)","FR.INR.DPST","","","","","","","","","","","","","","","","","","","","","","","5.5","5.5","5.5","6.08333333333333","6.5","6.5","6.5","6.5","6.5","6.5","8","8","8","8","8.20833333333333","8.25","8.25","8.25","8.25","7.8125","7.20833333333333","6.04166666666667","4.5","4.5","4.5","4.5","2","2","2.20833333333333","4.5","4.79166666666667","4.70833333333333","4.54166666666667","4","4","2.83333333333333","2","2.25","3","3","3","3",
"Botswana","BWA","Deposit interest rate (%)","FR.INR.DPST","","","","","","","","","","","","","","","","","","","","","5","8.66666666666667","10.75","11.875","10","9","8.66666666666667","7.5","5","5.58333333333333","6.11458333333333","11.4","12.5","13.4908333333333","10.585","9.785","9.67583333333334","9.514375","8.43208333333333","9.09895833333333","9.41645833333333","10.0858333333333","10.45375","9.94510416666667","9.85104166666667","9.253825","8.87126785714286","8.61863916666667","8.673225","7.46952083333333","5.59788333333333","5.1477375","3.6075875","3.1096525","2.534375","2.50229166666667","2.12300833333333","1.44418333333333","1.52010833333333","1.59236111111111","1.55676666666667","1.43296666666667","1.4923375","1.98565555555555",
"Central African Republic","CAF","Deposit interest rate (%)","FR.INR.DPST","","","","","","","","","","","","","","","","","","","","","","","","","","","","","","","7.5","7.5","7.5","7.75","8.08333333333333","5.5","5.45833333333333","5","5","5","5","5","5","5","5","4.91666666666667","4.33333333333333","4.25","3.75","3.25","3.25","3.25","3.25","3.20833333333333","2.6","2.45","2.45","2.45","","","","","","",
"Canada","CAN","Deposit interest rate (%)","FR.INR.DPST","","","","","","","","","","","","4.41024590163934","4.97768670309654","6.3858378870674","9.3125","7.35416666666667","8.64583333333333","6.95833333333333","8.1875","11.3125","11.5208333333333","15.9583333333333","12.9166666666667","7.33333333333333","8.9375","7.79166666666667","7.08333333333333","5.6875","6.64583333333333","9.08333333333333","9.85416666666667","5.75","3.91666666666667","3.20833333333333","3.98083333333333","5.2825","3.0025","1.90333333333333","3.07916666666667","2.87916666666667","3.48333333333333","2.25416666666667","0.829166666666667","1.1","0.783333333333333","0.791666666666667","1.825","2.08333333333333","1.5","0.0958333333333333","0.2","0.475","0.483333333333333","0.55","0.55","0.075","0.1","0.1","","","","","","",
"Central Europe and the Baltics","CEB","Deposit interest rate (%)","FR.INR.DPST","","","","","","","","","","","","","","","","","","","","","","","","","","","","","","","","","","","","","","","","","","","","","","","","","","","","","","","","","","","","","","","","",
"Switzerland","CHE","Deposit interest rate (%)","FR.INR.DPST","","","","","","","","","","","","","","","","","","","","","","","","","","","","","","","","","","","","","","","","","","","","","","","","","1.80583333333333","0.0916666666666667","0.0716666666666667","0.0558333333333333","0.0383333333333333","0.0333333333333333","0.0291666666666667","-0.1425","-0.200833333333333","-0.271760460833333","-0.315815475833333","-0.351080896666667","-0.383657405833333","-0.4185307025","-0.1522561575","1.09207704666667",
"Channel Islands","CHI","Deposit interest rate (%)","FR.INR.DPST","","","","","","","","","","","","","","","","","","","","","","","","","","","","","","","","","","","","","","","","","","","","","","","","","","","","","","","","","","","","","","","","",
"Chile","CHL","Deposit interest rate (%)","FR.INR.DPST","","","","","","","","","","","","","","","","","","","","","","","","","","32.0975487124129","19.0406741341017","25.284686628192","15.1638922409998","27.788733576385","40.3539978930694","22.348558588006","18.294645131546","18.2406604858324","15.1187571824109","13.73354424406","13.4820387601057","12.017985542293","14.9179585652026","8.56007740232106","9.20098734169417","6.18740736338206","3.79964441956622","2.73373748649505","1.93744532025397","3.93191337702274","5.10593382843313","5.6102274253653","7.48919739919882","2.04760668499783","1.75118738241494","5.28683831409122","5.78821768941152","5.16886815476422","3.91910517520434","3.60854404537137","3.81516472833112","2.93925084026432","2.70296407528256","2.53462413792891","0.857343370472012","1.27682142582564","8.98600192778467","10.4078396680496",
"China","CHN","Deposit interest rate (%)","FR.INR.DPST","","","","","","","","","","","","","","","","","","","","","5.4","5.4","5.76","5.76","5.759999999","7.2","7.2","7.2","8.64","11.34","8.64","7.56","7.56","10.98","10.98","10.98","7.47","5.67","3.78","2.25","2.25","2.25","1.98","1.98","2.25","2.25","2.52","4.14","2.25","2.25","2.75","3.5","3","3","2.75","1.5","1.5","1.5","1.5","1.5","1.5","1.5","1.5","1.5",
"Cote d'Ivoire","CIV","Deposit interest rate (%)","FR.INR.DPST","","","","","","","","","","","","","","","","","","","","","","","","","","","","","","","","","","","","","","","","","","","","","","7.6075","7.82166666666667","7.81333333333333","8.12416666666667","8.57916666666667","8.38666666666667","8.50083333333333","7.9925","7.65416666666667","7.25833333333333","6.99833333333333","6.925","6.49","","","","","","",
"Cameroon","CMR","Deposit interest rate (%)","FR.INR.DPST","","","","","","","","","","","","","","","","","","","","","","","","","","","","","","","7.5","7.5","7.5","7.75","8.08333333333333","5.5","5.375","5.04166666666667","5","5","5","5","5","5","5","4.91666666666667","4.33333333333333","4.25","3.75","3.25","3.25","3.25","3.25","3.20833333333333","2.6","2.45","2.45","2.45","2.45","","","","","",
"Congo, Dem. Rep.","COD","Deposit interest rate (%)","FR.INR.DPST","","","","","","","","","","","","","","","","","","","","","","","","","","","","","","","","","","","","","","","","","","","","","","","","14.3875833333333","7.7975","16.075","16.7733333333333","13.3566666666667","7.71916666666667","4.709","4.00666666666667","3.65833333333333","3.375","4.185","4.865","5.47583333333333","6.20166666666667","5.73153911564626","","",
"Congo, Rep.","COG","Deposit interest rate (%)","FR.INR.DPST","","","","","","","","","","","","","","","","","","","","","","","","","","","","","","","7.5","7.5","7.5","7.75","8.08333333333333","5.5","5.45833333333333","5","5","5","5","5","5","5","5","4.91666666666667","4.33333333333333","4.25","3.75","3.25","3.25","3.25","3.25","3.20833333333333","2.6","2.45","2.45","2.45","","","","","","",
"Colombia","COL","Deposit interest rate (%)","FR.INR.DPST","","","","","","","","","","","","","","","","","","","","","","","","","","","31.3616666666667","30.79","33.4591666666667","33.7275","36.4408333333333","37.225","26.6716666666667","25.8358333333333","29.4158333333333","32.3383333333333","31.15","24.1283333333333","32.5833333333333","21.325","12.1466666666667","12.435","8.93833333333333","7.80333333333333","7.79833333333333","7.01427022890105","6.27521159883051","8.01391205101273","9.74108003212746","6.14578342299999","3.66186032985171","4.26388459690465","5.35583383898964","4.17001756470844","4.08940714973289","4.57923918208263","6.78343259286602","5.98939888576729","4.70855178832123","4.49793237696047","3.37808972227871","2.07264966142457","8.50012356768929","13.2133794536196",
"Comoros","COM","Deposit interest rate (%)","FR.INR.DPST","","","","","","","","","","","","","","","","","","","","","","","","","","","","","","","","","","","","","","","","3","3","3","3.16666666666667","3.5","3.5","3","2.5","2.5","2.5","1.875","1.75","1.75","1.75","1.75","1.75","1.75","1.75","1.75","1.75","1.75","1.75","1.75","2.0625","",
"Cabo Verde","CPV","Deposit interest rate (%)","FR.INR.DPST","","","","","","","","","","","","","","","","","","","","","","","","","","","","","","","","","","","","","","","","","","","","","","","3.33704883444444","3.28646181457333","3.81016385573918","2.884593535114","3.11427888142532","3.35121566636517","3.78753893040724","4.17449535102897","3.48231365022497","2.86788102766268","2.63376353974346","2.53002894927361","1.85551812875393","1.46457733044495","0.883783174786747","0.669166293015715","0.97008581189878","0.760144067244663",
"Costa Rica","CRI","Deposit interest rate (%)","FR.INR.DPST","","","","","","","","","","","","","","","","","","","","","","","18.2916666666667","19.5","14.5","16.5","16.6733333333333","14.0558333333333","15.1766666666667","15.6175","21.1558333333333","27.315","15.8033333333333","16.8975","17.7233333333333","23.8766666666667","17.29","13.025","12.7566666666667","14.3083333333333","13.3819475","11.7716611108333","11.4583333330556","10.4097222222222","9.51388888888889","10.1425","9.77166666666667","6.35083333333333","4.15","6.95916666666667","5.32333333333333","4.00916666666667","4.73861111111111","3.8775","3.32277777777778","2.37083333333333","1.2125","2.79433333333333","4.01572786111484","4.63510715625992","2.58321623","1.6071339575","3.07218076166667","5.074694915",
"Caribbean small states","CSS","Deposit interest rate (%)","FR.INR.DPST","","","","","","","","","","","","","","","","","","","","","","","","","","","","","","","","","","","","","","","","","","","","","","","","","","","","","","","","","","","","","","","","",
"Cuba","CUB","Deposit interest rate (%)","FR.INR.DPST","","","","","","","","","","","","","","","","","","","","","","","","","","","","","","","","","","","","","","","","","","","","","","","","","","","","","","","","","","","","","","","","",
"Curacao","CUW","Deposit interest rate (%)","FR.INR.DPST","","","","","","","","","","","","","","","","","","","","","","","","","","","","","","","","","","","","","","","","","","","","","","","","","","","","","","","","","","","","","","","","",
"Cayman Islands","CYM","Deposit interest rate (%)","FR.INR.DPST","","","","","","","","","","","","","","","","","","","","","","","","","","","","","","","","","","","","","","","","","","","","","","","","","","","","","","","","","","","","","","","","",
"Cyprus","CYP","Deposit interest rate (%)","FR.INR.DPST","","","","","","","","","","","","","","","","","","","","","","","","","","","","","","","","","","","","","","","","","","","","","","","","","","","","","","","","","","","","","","","","",
"Czechia","CZE","Deposit interest rate (%)","FR.INR.DPST","","","","","","","","","","","","","","","","","","","","","","","","","","","","","","","","","","7.0325","7.07","6.96166666666667","6.79333333333333","7.71458333333333","8.07925","4.48008333333333","3.42175","2.87333333333333","1.9975","1.33333333333333","1.28333333333333","1.17416666666667","1.18586572166667","1.32368590627749","1.61203333333333","1.26501666666667","1.08158333333333","1.03825","1.02430263320933","0.861548172781148","0.701499898080767","0.52933284578413","0.373113336623673","0.275124598576577","0.275896366580548","0.388557809322386","0.303558184400765","0.233401665658425","1.39768620993967","2.41156535744902",
"Germany","DEU","Deposit interest rate (%)","FR.INR.DPST","","","","","","","","","","","","","","","","","","","","","","","","","","","","","","","","","","","","","","","","","","","","","","","","","","","","","","","","","","","","","","","","",
"Djibouti","DJI","Deposit interest rate (%)","FR.INR.DPST","","","","","","","","","","","","","","","","","","","","","","","","","","","","","","","","","","","","","","","","","","","","","","","","","","","","","","","","","","","","","","","","",
"Dominica","DMA","Deposit interest rate (%)","FR.INR.DPST","","","","","","","","","","","","","","","","","","","","","","4.272964426","4.272964426","4.84269301613333","4.7002608686","4.7002608686","4.7002608686","4.7002608686","4.7002608686","4.02370816781667","4.272964426","4.17460958822872","3.96193111512205","4.19325949362282","4.49534429606037","4.2016047950092","4.29995544266465","4.26853957030957","4.22703064014748","4.37927713032872","3.87453007787654","3.97650916185565","3.9139617897851","3.6586378123281","3.2584164754197","3.14695151673964","3.33301769572211","3.25810206133821","3.20207573739202","3.20323383892458","3.26046502123527","3.20236000980138","3.09811538483005","3.0504127481322","2.87471752791016","2.45091666666667","1.905","1.755","1.63479283333333","1.76815416666667","1.8132415","1.682821","1.616007","1.6315985",
"Denmark","DNK","Deposit interest rate (%)","FR.INR.DPST","","","","","","","","","","","","","","","","","","","","","","","","","","","","","","","","","","","","","","","","","","","","","","","","","","","","","","","","","","","","","","","","",
"Dominican Republic","DOM","Deposit interest rate (%)","FR.INR.DPST","","","","","","","","","","","","","","","","","","","","","","","","","","","","","","","","20.02","16.7","14.04","13.7","14.9425","13.9116666666667","13.3983333333333","17.645","16.0666666666667","17.6533333333333","15.605","16.54","20.4975","21.1175","13.8216666666667","9.79416666666667","6.93333333333333","10.0958333333333","7.6325","4.82","7.555","7.0507406750759","5.58619089438646","6.39952608898245","6.42916666666667","6.69333333333333","6.00333333333333","6.00896666666667","6.12320833333333","4.64739166666667","2.485175","6.73916666666667","9.16181666666667",
"Algeria","DZA","Deposit interest rate (%)","FR.INR.DPST","","","","","","","","","","","","","","","","","","","","","","","","","","","","","","","","","","","","16.5833333333333","14.5","12.6041666666667","9.125","8.25","7.5","6.25","5.33333333333333","5.25","3.64583333333333","1.9375","1.75","1.75","1.75","1.75","1.75","1.75","1.75","1.75","1.75","1.75","1.75","1.75","1.75","1.75","1.75","1.75","1.75","1.75",
"East Asia & Pacific (excluding high income)","EAP","Deposit interest rate (%)","FR.INR.DPST","","","","","","","","","","","","","","","","","","","","","","","","","","","","","","","","","","","","","","","","","","","","","","","","","","","","","","","","","","","","","","","","",
"Early-demographic dividend","EAR","Deposit interest rate (%)","FR.INR.DPST","","","","","","","","","","","","","","","","","","","","","","","","","","","","","","","","","","","","","","","","","","","","","","","","","","","","","","","","","","","","","","","","",
"East Asia & Pacific","EAS","Deposit interest rate (%)","FR.INR.DPST","","","","","","","","","","","","","","","","","","","","","","","","","","","","","","","","","","","","","","","","","","","","","","","","","","","","","","","","","","","","","","","","",
"Europe & Central Asia (excluding high income)","ECA","Deposit interest rate (%)","FR.INR.DPST","","","","","","","","","","","","","","","","","","","","","","","","","","","","","","","","","","","","","","","","","","","","","","","","","","","","","","","","","","","","","","","","",
"Europe & Central Asia","ECS","Deposit interest rate (%)","FR.INR.DPST","","","","","","","","","","","","","","","","","","","","","","","","","","","","","","","","","","","","","","","","","","","","","","","","","","","","","","","","","","","","","","","","",
"Ecuador","ECU","Deposit interest rate (%)","FR.INR.DPST","","","","","","","","","","","","","","","","","","","","","","","","","","","","","","","","","","","","","","","","","","","","","","","","4.83","4.865","4.78","3.9025","3.84416666666667","3.89","3.89","4.0275","4.375","4.77083333333333","3.49583333333333","3.62666666666667","4.435","4.77583333333333","4.1625","4.15916666666667","5.86333333333333",
"Egypt, Arab Rep.","EGY","Deposit interest rate (%)","FR.INR.DPST","","","","","","","","","","","","","","","","","3","4.66666666666667","5.875","7","8.33333333333333","10","11","11","11","11","11","11","11","11.6666666666667","12","12","12","12","11.8333333333333","10.9166666666667","10.5416666666667","9.83541666666667","9.3625","9.2175","9.45666666666667","9.45833333333333","9.33333333333333","8.225","7.725","7.225","6.01666666666667","6.1","6.58333333333333","6.49166666666667","6.23333333333333","6.74166666666667","7.64166666666667","7.68333333333333","6.91666666666667","6.90833333333333","7.85833333333333","12.0916666666667","12.3166666666667","10.95","7.78333333333333","7.4","8.425","12.65",
"Euro area","EMU","Deposit interest rate (%)","FR.INR.DPST","","","","","","","","","","","","","","","","","","","","","","","","","","","","","","","","","","","","","","","","","","","","","","","","","","","","","","","","","","","","","","","","",
"Eritrea","ERI","Deposit interest rate (%)","FR.INR.DPST","","","","","","","","","","","","","","","","","","","","","","","","","","","","","","","","","","","","","","","","","","","","","","","","","","","","","","","","","","","","","","","","",
"Spain","ESP","Deposit interest rate (%)","FR.INR.DPST","","","","","","","","","","","","","","","","","","","","","","","","","","","","","","","","","","","","","","","","","","","","","","","","","","","","","","","","","","","","","","","","",
"Estonia","EST","Deposit interest rate (%)","FR.INR.DPST","","","","","","","","","","","","","","","","","","","","","","","","","","","","","","","","","","","","","","","","","","","","","","","","","","","","","","","","","","","","","","","","",
"Ethiopia","ETH","Deposit interest rate (%)","FR.INR.DPST","","","","","","","","","","","","","","","","","","","","","","","","","","4","","","","","","","2.875","11.5","11.5","11.4583333333333","9.41666666666667","7","6","6","6","6","3.79380040126983","3.35000560031141","3.38077987253135","3.46349254112218","3.56109020897557","4.11155925190878","4.67519307126727","","","","","","","","","","","","","","","",
"European Union","EUU","Deposit interest rate (%)","FR.INR.DPST","","","","","","","","","","","","","","","","","","","","","","","","","","","","","","","","","","","","","","","","","","","","","","","","","","","","","","","","","","","","","","","","",
"Fragile and conflict affected situations","FCS","Deposit interest rate (%)","FR.INR.DPST","","","","","","","","","","","","","","","","","","","","","","","","","","","","","","","","","","","","","","","","","","","","","","","","","","","","","","","","","","","","","","","","",
"Finland","FIN","Deposit interest rate (%)","FR.INR.DPST","","","","","","","","","","","","","","","","","","","","","","","","","","","","","","","","","","","","","","","","","","","","","","","","","","","","","","","","","","","","","","","","",
"Fiji","FJI","Deposit interest rate (%)","FR.INR.DPST","","","","","","","","","","","","","","","","","","","","","","","","","","","","","","","","","7.75666666666667","7.6325","7.145","6.7725","6.20666666666667","5.5625","4.53416666666667","3.3575","3.115","2.685","2.29","1.91090832362257","1.72211712983201","1.82674094395432","5.55728368286644","7.04473365160027","2.75364966213377","4.91284765044667","5.41482502809286","3.74687216824329","1.69769699137568","1.11200026481016","1.16900151250928","2.45802530738977","2.77195713259191","3.25054363622061","3.44487833651211","4.67763857353932","2.8948528556935","2.57705404795959","1.54611524604314","1.20373294634491",
"France","FRA","Deposit interest rate (%)","FR.INR.DPST","","","","","","","3","3","3","3.79166666666667","4.125","4.25","4.25","4.25","6.25","7.5","6.5","6.5","6.5","6.5","7.25","7.75","8.5","8.08333333333333","7.08333333333333","6.25","5","4.5","4.5","4.5","4.5","4.5","4.5","4.5","4.5","4.5","3.66666666666667","3.5","3.20833333333333","2.6875","2.625","3","3","2.6875","2.25","2.14583333333333","2.4375","2.85416666666667","3.66666666666667","1.91666666666667","1.45833333333333","2.08333333333333","2.25","1.59666666666667","1.14583333333333","0.895833333333333","0.7575","0.791666666666667","","","","","","",
"Faroe Islands","FRO","Deposit interest rate (%)","FR.INR.DPST","","","","","","","","","","","","","","","","","","","","","","","","","","","","","","","","","","","","","","","","","","","","","","","","","","","","","","","","","","","","","","","","",
"Micronesia, Fed. Sts.","FSM","Deposit interest rate (%)","FR.INR.DPST","","","","","","","","","","","","","","","","","","","","","","","","","","","","","","","","","","","","5.33","4.57583333333333","4.21","3.97833333333333","3.72","4.58583333333333","3.17333333333333","1.47083333333333","1.02166666666667","1.01791666666667","1.62333333333333","2.035","2.535","2.46666666666667","1.28583333333333","0.910833333333333","0.589166666666667","0.415833333333333","0.38","0.38","0.38","0.38","0.47","0.44","0.31","0.07","0.04","","",
"Gabon","GAB","Deposit interest rate (%)","FR.INR.DPST","","","","","","","","","","","","","","","","","","","","","","","","","","","","","","","7.5","7.5","7.5","7.75","8.08333333333333","5.5","5.45833333333333","5","5","5","5","5","5","5","5","4.91666666666667","4.33333333333333","4.25","3.75","3.25","3.25","3.25","3.25","3.20833333333333","2.6","2.45","2.45","2.45","","","","","","",
"United Kingdom","GBR","Deposit interest rate (%)","FR.INR.DPST","3.375","4.04166666666667","2.79166666666667","2","3.25","4.41666666666667","4.5","4.20833333333333","5.41666666666667","5.91666666666667","5.20833333333333","3.83333333333333","4.14583333333333","8.02083333333333","9.5","7.08333333333333","7.54166666666667","4.89583333333333","6.08333333333333","11.7083333333333","14.125","10.6666666666667","12.4216666666667","11.1925","7.27166666666666","11.7925","9.85166666666666","8.56916666666667","8.54583333333333","11.505","12.5441666666667","10.28","7.46166666666667","3.97","3.65666666666667","4.10916666666667","3.045","3.63166666666667","4.48333333333333","","","","","","","","","","","","","","","","","","","","","","","","","",
"Georgia","GEO","Deposit interest rate (%)","FR.INR.DPST","","","","","","","","","","","","","","","","","","","","","","","","","","","","","","","","","","","","17.1556440780597","14.7050576605667","16.2891254753791","9.08333333333333","5.33333333333333","4","4.82969272887249","5.88956413920152","8.82981612950001","7.07461408609673","7.48249711128026","10.1319364498639","10.1942525216693","11.239273920341","10.8103234445944","10.0621515523871","11.5377973597106","10.7055201238594","9.72661726858263","8.42567997815753","8.91020689125682","9.93868142991361","9.65252400553331","8.8326","8.706875","10.2222083333333","10.3117333333333","11.6369083333333","11.587775",
"Ghana","GHA","Deposit interest rate (%)","FR.INR.DPST","","","","","","","","","","","","","","","","","","","11.5","11.5","11.5","11.5","11.5","11.5","15","15.75","17","17.5833333333333","16.5","15.5","","21.3233333333333","16.3233333333333","23.6291666666667","23.1466666666667","28.7341666666667","34.4975","35.7591666666667","32.0491666666667","23.5625","28.6041666666667","30.8541666666667","16.2083333333333","14.3233333333333","13.625","10.1625","8.88541666666667","8.89583333333333","11.285","17.0641666666667","12.8783333333333","8.90833333333333","10.05","12.35","12.9041666666667","13.3391666666667","13.0416666666667","14.0625","12.0833333333333","11.5","11.5","11.5","12.0520833333333","11.4166666666667",
"Gibraltar","GIB","Deposit interest rate (%)","FR.INR.DPST","","","","","","","","","","","","","","","","","","","","","","","","","","","","","","","","","","","","","","","","","","","","","","","","","","","","","","","","","","","","","","","","",
"Guinea","GIN","Deposit interest rate (%)","FR.INR.DPST","","","","","","","","","","","","","","","","","","","","","","","","","","","","15","16.8333333333333","19.5","21","22","23","19.75","18","17.5","17","15.6666666666667","6.375","5.66666666666667","7.5","8.025","7.4","6.5","8.85","14.35","17.5","17.5","17.5","17.5","3.11111111111111","4.43888888888889","4.41","3.9475","3.67","3.91083333333333","3.84083333333333","3.81916666666667","3.105","3.28916666666667","3.3275","3.325","","",
"Gambia, The","GMB","Deposit interest rate (%)","FR.INR.DPST","","","","","","","","","","","","","","","","","","","","","","","","","10.5","9.75","16.125","15.75","15","12.9166666666667","11.3333333333333","12.7083333333333","13.8333333333333","13","12.5833333333333","12.5","12.5","12.5","12.5","12.5","12.5","12.5","12.7083333333333","16.4166666666667","22","17.3333333333333","12.6666666666667","12.8916666666667","12.8666666666667","15.5","14.625","11.75","11.5","13.4358333333333","16.5108333333333","","","15.775","9","8.105","6.84166666666667","4.83333333333333","","",
"Guinea-Bissau","GNB","Deposit interest rate (%)","FR.INR.DPST","","","","","","","","","","","","","","","","","","","","","","","","","","","","","","","","","","","","","","","","","","","","","","7.6075","7.82166666666667","7.81333333333333","8.12416666666667","8.57916666666667","8.38666666666667","8.50083333333333","7.9925","7.65416666666667","7.25833333333333","6.99833333333333","6.925","6.49","","","","","","",
"Equatorial Guinea","GNQ","Deposit interest rate (%)","FR.INR.DPST","","","","","","","","","","","","","","","","","","","","","","","","","","","","","","","7.5","7.5","7.5","7.75","8.08333333333333","5.5","5.45833333333333","5","5","5","5","5","5","5","5","4.91666666666667","4.33333333333333","4.25","3.75","3.25","3.25","3.25","3.25","3.20833333333333","2.6","2.45","2.45","2.45","","","","","","",
"Greece","GRC","Deposit interest rate (%)","FR.INR.DPST","","","","","","","","","","","","","","","","","","","","","","","","","","","","","","","","","","","","","","","","","","","","","","","","","","","","","","","","","","","","","","","","",
"Grenada","GRD","Deposit interest rate (%)","FR.INR.DPST","","","","","","","","","","","","","","","","","","","","","","","2.18769150869904","3.07897323446532","3.6461525144984","3.6461525144984","2.8156399973071","3.05871683160699","2.95743481731537","2.75487078873213","3.40307568019851","3.74467660815772","3.67466003622988","3.88049028993573","3.61219997518512","3.67068319334696","3.73825823234723","3.92827041687134","4.1553581597113","4.30275976632304","4.23517249590445","4.22766636798356","3.59256383694368","3.38701779997892","3.32186923954675","2.8674157687211","2.95185204922078","3.1258459299525","3.22884066009687","3.27337999587143","3.0791529145947","3.11242785468312","2.85812865297234","2.64045982931596","2.39954130557555","1.82766666666667","1.54","1.4475","1.38533516666667","1.33825333333333","1.16757316666667","1.17161875","0.890565","0.898937",
"Greenland","GRL","Deposit interest rate (%)","FR.INR.DPST","","","","","","","","","","","","","","","","","","","","","","","","","","","","","","","","","","","","","","","","","","","","","","","","","","","","","","","","","","","","","","","","",
"Guatemala","GTM","Deposit interest rate (%)","FR.INR.DPST","","","","","","","","","","","","","","","","","","","","","","","","","","","","","","","","","","","","","","5.8275","5.44333333333333","7.96166666666667","10.1708333333333","8.75416666666667","6.915","4.7825","4.19","4.34916666666667","4.50333333333333","4.76333333333333","5.07916666666667","5.57666666666667","5.4525","5.24416666666667","5.29333333333333","5.45166666666667","5.4775","5.46583333333333","5.475","5.37","5.1725","5.00833333333333","4.62833333333333","4.1375","3.90666666666667","4.2075",
"Guam","GUM","Deposit interest rate (%)","FR.INR.DPST","","","","","","","","","","","","","","","","","","","","","","","","","","","","","","","","","","","","","","","","","","","","","","","","","","","","","","","","","","","","","","","","",
"Guyana","GUY","Deposit interest rate (%)","FR.INR.DPST","","","","","","","","","","","","","","","","","","","","","","11","11.5833333333333","12","12","12","12","11.0833333333333","12","15.8075","29.175","29.5291666666667","22.5091666666667","12.2575","11.4175","12.9","10.4883333333333","8.56416666666667","8.1","9.075","8.70833333333333","7.63196428571429","4.52666666666667","3.18285714285714","2.68319444444444","2.58875","2.53576388888889","2.47333333333333","2.37354166666667","2.32390833333333","2.26808333333333","1.94096666666667","1.523125","1.13368055555556","1.07291666666667","1.11458333333333","1.16666666666667","1.05","0.994444444444442","0.878472222222222","0.847222222222222","0.795138888888889","0.775","0.775",
"High income","HIC","Deposit interest rate (%)","FR.INR.DPST","","","","","","","","","","","","","","","","","","","","","","","","","","","","","","","","","","","","","","","","","","","","","","","","","","","","","","","","","","","","","","","","",
"Hong Kong SAR, China","HKG","Deposit interest rate (%)","FR.INR.DPST","","","","","","","","","","","","","","","","","","","","","","","","","","","","","","","","","","","3.54","5.6275","4.64333333333333","5.97759166666667","6.62166666666667","4.49916666666667","4.80083333333333","2.3775","0.345","0.0666666666666667","0.025","1.26083333333333","2.7","2.42333333333333","0.448333333333333","0.0108333333333333","0.01","0.01","0.01","0.01","0.01","0.01","0.01","0.01","0.0441666666666667","0.138333333333333","0.0583333333333333","0.02","0.0516666666666667","0.49",
"Honduras","HND","Deposit interest rate (%)","FR.INR.DPST","","","","","","","","","","","","","","","","","","","","","","","","","","9.925","9.7","9.61666666666667","8.625","8.575","8.775","11.45","12.3416666666667","11.6","11.5583333333333","11.9666666666667","16.7","21.2833333333333","18.5825","19.9658333333333","15.9341666666667","14.4766666666667","13.7446810536932","11.4838022341175","11.0947345018684","10.8975","9.33166666666667","7.78333333333333","9.49083333333333","10.8166666666667","9.81368916666667","8.1821625","8.934915","11.6474283333333","10.8226783333333","9.70041916666667","8.64420583333333","8.25449166666667","8.29833333333333","8.41833333333333","8.13","5.80403808341248","4.275925","5.93527833333333",
"Heavily indebted poor countries (HIPC)","HPC","Deposit interest rate (%)","FR.INR.DPST","","","","","","","","","","","","","","","","","","","","","","","","","","","","","","","","","","","","","","","","","","","","","","","","","","","","","","","","","","","","","","","","",
"Croatia","HRV","Deposit interest rate (%)","FR.INR.DPST","","","","","","","","","","","","","","","","","","","","","","","","","","","","","","","","","434.466990509276","379.312781557498","6.51949826688002","5.52468478332037","5.585","4.29666666666667","4.62083333333333","4.31083333333333","3.74166666666667","3.22916666666667","1.88916666666667","1.52666666666667","1.87333333333333","1.71416666666667","1.715","2.33583333333333","2.82","3.20333333333333","1.7575","1.6975","1.88166666666667","1.52083333333333","1.35333333333333","","","","","","","","","",
"Haiti","HTI","Deposit interest rate (%)","FR.INR.DPST","","","","","","","","","","","","","","","","","","","","","","","","","","","","","","","","","","","","","","","","","","","","","","4.61666666666667","7.80833333333333","5.91666666666667","2.30458333333333","1.13166666666667","0.735833333333333","0.281666666666667","0.454166666666667","0.683333333333333","2.61416666666667","4.28583333333333","5.635","5.40916666666667","6.13166666666667","7.88833333333333","5.3675","4.93916666666667","3.60833333333333","",
"Hungary","HUN","Deposit interest rate (%)","FR.INR.DPST","","","","","","","","","","","","","","","","","","","","","","","","","","","","","","","23.7069419387022","29.2153431726864","23.4507372301448","15.0360138334626","19.5115898360747","24.766783625362","20.6304228526556","17.6554636727792","15.4086975951107","12.6490123712999","9.19147845966661","8.98439099141686","7.32027178649307","7.07781802082702","10.5038434728745","6.410233288939","6.03297147973723","7.23034791245983","8.05633658185826","8.13944215849008","4.92640922063634","5.49011402948333","6.27392469593333","3.770748274375","1.77746258516667","1.1125032961","0.580953226616667","0.120096355691667","0.0643224296","0.104764135675","0.467145774525","1.0140479751","8.36367683543333","13.1175731006917",
"IBRD only","IBD","Deposit interest rate (%)","FR.INR.DPST","","","","","","","","","","","","","","","","","","","","","","","","","","","","","","","","","","","","","","","","","","","","","","","","","","","","","","","","","","","","","","","","",
"IDA & IBRD total","IBT","Deposit interest rate (%)","FR.INR.DPST","","","","","","","","","","","","","","","","","","","","","","","","","","","","","","","","","","","","","","","","","","","","","","","","","","","","","","","","","","","","","","","","",
"IDA total","IDA","Deposit interest rate (%)","FR.INR.DPST","","","","","","","","","","","","","","","","","","","","","","","","","","","","","","","","","","","","","","","","","","","","","","","","","","","","","","","","","","","","","","","","",
"IDA blend","IDB","Deposit interest rate (%)","FR.INR.DPST","","","","","","","","","","","","","","","","","","","","","","","","","","","","","","","","","","","","","","","","","","","","","","","","","","","","","","","","","","","","","","","","",
"Indonesia","IDN","Deposit interest rate (%)","FR.INR.DPST","","","","","","","","","","","","","","","","","","","","","","","","","","","","","","","17.5308333333333","23.3166666666667","19.6025","14.5475","12.5333333333333","16.7175","17.2558333333333","20.0141666666667","39.0666666666667","25.7375","12.5033333333333","15.4816666666667","15.5025","10.59","6.44333333333333","8.07916666666667","11.4108333333333","7.97583333333333","8.4925","9.27833333333333","7.01666666666667","6.93083333333333","5.94666666666667","6.26416666666667","8.7525","8.33666666666667","7.1658935677562","6.51833333333333","6.12916666666667","6.68833333333333","5.50416666666667","3.66583333333333","3.21","4.63416666666667",
"IDA only","IDX","Deposit interest rate (%)","FR.INR.DPST","","","","","","","","","","","","","","","","","","","","","","","","","","","","","","","","","","","","","","","","","","","","","","","","","","","","","","","","","","","","","","","","",
"Isle of Man","IMN","Deposit interest rate (%)","FR.INR.DPST","","","","","","","","","","","","","","","","","","","","","","","","","","","","","","","","","","","","","","","","","","","","","","","","","","","","","","","","","","","","","","","","",
"India","IND","Deposit interest rate (%)","FR.INR.DPST","","","","","","","","","","","","","","","","","","","","","","","","","","","","","","","","","","","","","","","","","","","","","","","","","","","","","","","","","","","","","","","","",
"Not classified","INX","Deposit interest rate (%)","FR.INR.DPST","","","","","","","","","","","","","","","","","","","","","","","","","","","","","","","","","","","","","","","","","","","","","","","","","","","","","","","","","","","","","","","","",
"Ireland","IRL","Deposit interest rate (%)","FR.INR.DPST","","","","","","","","","","","","","","","","","","","","","","","","","","","","","","","","","","","","","","","","","","","","","","","","","","","","","","","","","","","","","","","","",
"Iran, Islamic Rep.","IRN","Deposit interest rate (%)","FR.INR.DPST","","","","","","","","","","","","","","","","","","","","","","","","","","","","","","","","","","","","","","","","","","","","11.675","11.7","11.777","11.56","11.6014212321463","13.3048512276057","13.14","11.94","11.1615765030269","14.8118430175014","14.7627730560652","16.9421072305273","16.3","12.8","","","","","","","",
"Iraq","IRQ","Deposit interest rate (%)","FR.INR.DPST","","","","","","","","","","","","","","","","","","","","","","","","","","","","","","","","","","","","","","","","","","","","","7.1","6.55833333333333","6.61666666666667","10.43","10.54","7.81916666666667","6.0575","5.9125","5.87416666666667","5.74666666666667","5.15833333333333","4.85666666666667","4.77975490196079","","","","","","","",
"Iceland","ISL","Deposit interest rate (%)","FR.INR.DPST","","","","","","","","","","","","","","","","","","","","","","","","","","","","","","","","","","","","","","","","","","","","","","","","","","","","","","","","","","","","","","","","",
"Israel","ISR","Deposit interest rate (%)","FR.INR.DPST","","","","","","","","","","","","","","","","","","","","","","","","","","","","","","","","","","","","","","","","","","","","","","","","","","","","","","1.32109720797771","0.797682379682858","0.4571263641119","0.48386616508166","0.519110927979151","0.562406321366628","0.649679924050967","0.548620954155922","0.442195922136307","0.435595899820328","",
"Italy","ITA","Deposit interest rate (%)","FR.INR.DPST","","","","","","","","","","","","","","","","","","","","","","","","","","","","","","","","","","","","","","","","","","","","","","","","","","","","","","","","","","","","","","","","",
"Jamaica","JAM","Deposit interest rate (%)","FR.INR.DPST","","","","","","","","","","","","","","","","","","","6.72994156067377","8.32035063595737","9.57593674802337","10.5971467858371","10.7561876933654","13.6607768992781","15.9292024750773","19.6624785149536","18.8421622550705","15.7115675489859","15.8706084565143","16.0212787899622","23.9816947404606","24.7768992781024","33.7752664145754","27.7149707803369","36.5735493296665","23.3103746992094","25.1675","13.8683333333333","16.4025","14.1166666666667","14.6630245730149","13.3176343728229","11.508834176766","11.7942521111368","10.7510684121957","9.8152818062486","9.2564324553746","8.88666856588463","9.12340753351861","9.67356520930568","6.44203879640876","4.27906586828847","3.75100946327855","3.69570341658073","4.5224800638036","3.89465196431901","3.55582802276644","3.71069502900073","3.01690729913837","2.55122543814244","2.45844586368569","2.58532166290237","4.05833333333333","5.81666666666667",
"Jordan","JOR","Deposit interest rate (%)","FR.INR.DPST","","","","","","","","","","","","","","","","","","","","","","","","","","","","","","","","","","","7.0925","7.6825","8.5025","9.11083333333333","8.20583333333333","8.30416666666667","6.96833333333333","5.805","4.42583333333333","3.14333333333333","2.49166666666667","2.9125","4.62083333333333","5.44666666666667","5.46083333333333","4.94416666666667","3.5275","3.395","3.77166666666667","4.8475","4.51916666666667","3.49916666666667","3.02666666666667","3.43333333333333","4.37833333333333","4.93416666666667","4.075","3.43666666666667","3.82916666666667","",
"Japan","JPN","Deposit interest rate (%)","FR.INR.DPST","6.71858461538461","6.36703076923077","6.24984615384615","6.24984615384615","6.24984615384615","6.24984615384615","6.24984615384615","6.24984615384615","6.24984615384615","6.24984615384615","6.24984615384615","6.24984615384615","6.05453846153846","6.24984615384615","8.3331282051282","8.3331282051282","7.03107692307692","5.98943589743589","4.19911538461538","5.17565384615384","8.59353846153846","6.93342307692307","5.85923076923077","5.85923076923077","5.46861538461538","5.46861538461538","3.61970256410256","2.74993230769231","2.74993230769231","3.07804923076923","5.56236307692308","5.98641512820513","3.35058333333333","2.144","1.69841666666667","0.9015","0.3005","0.301333333333333","0.265916666666667","0.11675","0.0704166666666667","0.0570833333333333","0.0355833333333333","0.0425","0.08025","0.271083333333333","0.68275","0.808166666666667","0.58875","0.434916666666667","0.500083333333333","0.461583333333333","0.478","0.542166666666667","0.41525","0.40625","0.300416666666667","0.320666666666667","","","","","","",
"Kazakhstan","KAZ","Deposit interest rate (%)","FR.INR.DPST","","","","","","","","","","","","","","","","","","","","","","","","","","","","","","","","","","","","","","","","","","","","","","","","","","","","","","","","","","","","","","","","",
"Kenya","KEN","Deposit interest rate (%)","FR.INR.DPST","","","","","","","","3.5","3.5","3.5","3.5","3.5","3.5","3.5","4.3149999995","5.129999999","5.129999999","5.129999999","5.129999999","5.129999999","5.75333333266667","8.84666666666667","12.1975","13.27","11.7708333333333","11.25","11.25","10.3125","10.3333333333333","12","13.6666666666667","14.5","","","15.72","13.5975","17.5908333333333","16.7216666666667","18.4008333333333","9.55083333333333","8.10083333333333","6.63916666666667","5.48666666666667","4.13333333333333","2.43333333333333","5.0825","5.13870295130725","5.1622510463428","5.30213063373777","5.96701675024746","4.55736666666667","5.62856339761252","11.5721446572898","8.64176967105701","8.37337960777482","9.18894521073093","8.6886255727196","7.67412325789829","8.29270021657508","7.50607030577308","6.968703291374","6.68697378755183","7.1451755018279","9.16769017629068",
"Kyrgyz Republic","KGZ","Deposit interest rate (%)","FR.INR.DPST","","","","","","","","","","","","","","","","","","","","","","","","","","","","","","","","","","","","","30.7059314812832","28.9818750330084","35.3700878738108","27.3788984843889","14.4516634911129","8.08716831811704","4.11878875156959","2.51963267604954","1.9547286007822","1.97090814316168","1.87889237746455","2.15270815814294","2.4523293730524","2.81254297467993","1.96320356199499","2.2005672032972","2.31594108727335","2.33240992769718","2.49038830577952","2.45836864142959","2.42149745998442","2.75319573753385","2.41963009776535","1.54381916794072","1.36800095873995","1.28829309792138","1.40261855343995","1.29911114522338",
"Cambodia","KHM","Deposit interest rate (%)","FR.INR.DPST","","","","","","","","","","","","","","","","","","","","","","","","","","","","","","","","","","","8.38888888888889","8.70833333333333","8.8","8.03333333333333","7.8","7.33333333333333","6.83","4.36166666666667","2.49166666666667","2.01666666666667","1.79166666666667","1.91666666666667","1.84166666666667","1.9046875","1.90520833333333","1.66333333333333","1.26459166666667","1.3380375","1.3337962962963","1.34340277777778","1.41875","1.41877083333333","1.43699166666667","1.52522321428571","1.37611111111111","1.43527777777778","1.48833333333333","1.39824074074074","1.49600505050505","",
"Kiribati","KIR","Deposit interest rate (%)","FR.INR.DPST","","","","","","","","","","","","","","","","","","","","","","","","","","","","","","","","","","","","","","","","","","","","","","","","","","","","","","","","","","","","","","","","",
"St. Kitts and Nevis","KNA","Deposit interest rate (%)","FR.INR.DPST","","","","","","","","","","","","","","","","","","","","","3.77486901230616","3.77486901230616","3.77486901230616","4.08944142999834","4.08944142999834","4.11565579813935","4.08944142999834","4.14187016628037","4.7185862653827","4.66615752910067","4.7185862653827","4.52406261716071","4.34772277562923","4.39210350152686","3.9914226821924","4.52162161940397","4.26598991133415","4.26937956943307","4.2183034547814","4.31362890850767","4.32232209770158","4.226800433103","4.01062105825657","4.49276706162147","4.54373894239835","4.50966193235682","4.56113925921092","4.59570719231265","4.5493046014204","4.5906545096741","4.59337940425058","4.46535566484007","4.27461850682493","3.7362458644477","3.18368773945204","2.723","2.5","2.2675","2.07676683333333","2.00926616666667","2.22423766666667","2.255278","2.0531835","1.999894",
"Korea, Rep.","KOR","Deposit interest rate (%)","FR.INR.DPST","","","","","","","","","","","","","","","","","","","","","","","","","","","","","","","","","","","","","10.1066666666667","10.805","13.2875","7.9475","7.93833333333333","5.7925","4.94833333333333","4.25083333333333","3.87416666666667","3.72166666666667","4.50333333333333","5.17416666666667","5.87083333333333","3.4825","3.85666666666667","4.1525","3.70083333333333","2.89083333333333","2.53583333333333","1.80916666666667","1.5575","1.67","2.02583333333333","1.8525","1.16083333333333","1.19666666666667","3.12166666666667","3.84416666666667",
"Kuwait","KWT","Deposit interest rate (%)","FR.INR.DPST","","","","","","","","","","","","","","","","","","","","","4.5","9.20583333333333","9.21333333333333","7.13","7.73166666666667","7.24583333333333","6.80416666666667","5.7325","5.2975","7.4025","7.5","7.31333333333333","7.59166666666667","7.0725","5.70083333333333","6.53333333333333","6.04833333333333","5.925","6.31833333333333","5.76416666666667","5.89083333333333","4.47451666666667","3.15190833333333","2.41753333333333","2.65475833333333","3.468575","4.92445833333333","5.44664166666667","4.805675","2.83054166666667","2.33673333333333","2.16128333333333","2.0418","2.020675","2.02425","1.899","1.624425","1.61905833333333","1.66856666666667","1.88970833333333","1.62339166666667","1.40133333333333","1.603425","2.498575",
"Latin America & Caribbean (excluding high income)","LAC","Deposit interest rate (%)","FR.INR.DPST","","","","","","","","","","","","","","","","","","","","","","","","","","","","","","","","","","","","","","","","","","","","","","","","","","","","","","","","","","","","","","","","",
"Lao PDR","LAO","Deposit interest rate (%)","FR.INR.DPST","","","","","","","","","","","","","","","","","","","","","","","","","","","","","","30","30","23.5","15","13.3333333333333","12","14","16","","17.7883333333333","13.4166666666667","12","6.5","6","6.58333333333333","7.85416666666667","4.75","5","5","4.66666666666667","3.25","3","","","","","","","","","","","","","",
"Lebanon","LBN","Deposit interest rate (%)","FR.INR.DPST","","","","","","","","","","","","","","","","","","","","","","","12.9416666666667","10.0091666666667","11.53","13.2416666666667","16.4166666666667","21.1775","21.9583333333333","17.5375","16.8575","16.7641666666667","17.085","15.56","14.8008333333333","16.3","15.5416666666667","13.3691666666667","13.6066666666667","12.4966666666667","11.21","10.8533333333333","11.0341666666667","8.69333333333333","7.37333333333333","8.14916666666667","7.98333333333333","7.97416666666667","7.70416666666667","7.3175","6.1975","5.88416666666667","5.7725","5.82833333333333","5.91333333333333","5.9775","5.92833333333333","6.2625","7.72333333333333","9.69666666666667","","","","",
"Liberia","LBR","Deposit interest rate (%)","FR.INR.DPST","","","","","","","","","","","","","","","","","","","","","10.3","10.9444444441111","10.2083333329167","10.2499999995833","9.80833333308333","9.33999999983333","7.25","5.88333333333333","5.43333333333333","6.76666666666667","","5.78333333333333","7.55","","6.34166666666667","6.36666666666667","6.5","6.425","6.21916666666667","6.25166666666667","6.18083333333333","5.94333333333333","6.24583333333333","5.28666666666667","3.83964027503918","3.43333333333333","3.44416666666667","3.7685357991593","3.99583333333333","4.10833333333333","3.54166666666667","3.03333333333333","3.5","3.87170393303303","4.16083333333333","4.05083333333333","3.84833333333333","5.02534722222222","","","","","","",
"Libya","LBY","Deposit interest rate (%)","FR.INR.DPST","","","","","","","","","3.5","3.5","4","4","4","4","4","4","4","4","4","4","5.125","5.5","5.5","5.5","5.5","5.5","5.5","5.5","5.5","5.5","5.5","5.5","5.5","5.5","","","","","","3.20833333333333","3","3","3","3","2.08333333333333","2.125","2.5","2.5","2.5","2.5","2.5","2.5","2.5","2.5","2.5","","","","","","","","","",
"St. Lucia","LCA","Deposit interest rate (%)","FR.INR.DPST","","","","","","","","","","","","","","","","","","","","","","4.49676479962707","4.49676479962707","5.57411469953772","5.33990819955715","5.38674949955326","4.49676479962707","3.23204969973196","3.1266567747407","3.11494644974167","3.44283554971447","4.13859569352651","4.30621158940887","4.03785817917992","3.83234278409019","4.4250734028054","4.5022343940796","4.65155769755","4.80048792284387","4.75862498807052","4.79586774024925","4.8817399529104","4.26508438695872","5.46575816501991","3.0472099809364","2.83366905161995","2.95099608621642","3.10078369379296","3.25983350492109","3.25129155152766","3.32395058557246","3.49423406657196","3.05805383397249","2.93423818513956","2.80022812881075","2.27358333333333","1.8675","1.6575","1.57237858333333","1.50433291666667","1.53099283333333","1.3925195","1.20140241666667","1.2313225",
"Latin America & Caribbean","LCN","Deposit interest rate (%)","FR.INR.DPST","","","","","","","","","","","","","","","","","","","","","","","","","","","","","","","","","","","","","","","","","","","","","","","","","","","","","","","","","","","","","","","","",
"Least developed countries: UN classification","LDC","Deposit interest rate (%)","FR.INR.DPST","","","","","","","","","","","","","","","","","","","","","","","","","","","","","","","","","","","","","","","","","","","","","","","","","","","","","","","","","","","","","","","","",
"Low income","LIC","Deposit interest rate (%)","FR.INR.DPST","","","","","","","","","","","","","","","","","","","","","","","","","","","","","","","","","","","","","","","","","","","","","","","","","","","","","","","","","","","","","","","","",
"Liechtenstein","LIE","Deposit interest rate (%)","FR.INR.DPST","","","","","","","","","","","","","","","","","","","","","","","","","","","","","","","","","","","","","","","","","","","","","","","","","","","","","","","","","","","","","","","","",
"Sri Lanka","LKA","Deposit interest rate (%)","FR.INR.DPST","","","","","","","","","","","","","","","","","","","","","","","","","","","","","","","","","","","","","","","","","","10.78","9.22083333333333","6.00333333333333","5.07333333333333","5.63666666666667","6.80166666666667","9.08","10.8891666666667","10.6108333333333","6.89916666666667","6.43333333333333","8.66627590608578","10.2308333333333","7.4975","5.98666666666667","7.095","9.0025","8.85324956205854","8.71462418973515","","","","",
"Lower middle income","LMC","Deposit interest rate (%)","FR.INR.DPST","","","","","","","","","","","","","","","","","","","","","","","","","","","","","","","","","","","","","","","","","","","","","","","","","","","","","","","","","","","","","","","","",
"Low & middle income","LMY","Deposit interest rate (%)","FR.INR.DPST","","","","","","","","","","","","","","","","","","","","","","","","","","","","","","","","","","","","","","","","","","","","","","","","","","","","","","","","","","","","","","","","",
"Lesotho","LSO","Deposit interest rate (%)","FR.INR.DPST","","","","","","","","","","","","","","","","","","","","","7.5","","","","9.9","13.8888888888889","10.0416666666667","7","9.58333333333333","12.8166666666667","13","13","10.6083333333333","8.0625","8.425","13.3416666666667","12.7333333333333","11.8125","10.7333333333333","7.45416666666667","4.91666666666667","4.83333333333333","5.1875","5.16166666666667","4.24166666666667","4.21666666666667","4.54333333333333","6.45833333333333","7.64166666666667","4.85","3.68333333333333","2.695","2.85","2.85","2.725","2.33416666666667","1.10666666666667","1.2175","1.39395833333333","1.64969298245614","1.91160087719298","1.6619298245614","1.6511677631579","2.43538377192982",
"Late-demographic dividend","LTE","Deposit interest rate (%)","FR.INR.DPST","","","","","","","","","","","","","","","","","","","","","","","","","","","","","","","","","","","","","","","","","","","","","","","","","","","","","","","","","","","","","","","","",
"Lithuania","LTU","Deposit interest rate (%)","FR.INR.DPST","","","","","","","","","","","","","","","","","","","","","","","","","","","","","","","","","","","","","","","","","","","","","","","","","","","","","","","","","","","","","","","","",
"Luxembourg","LUX","Deposit interest rate (%)","FR.INR.DPST","","","","","","","","","","","","","","","","","","","","","","","","","","","","","","","","","","","","","","","","","","","","","","","","","","","","","","","","","","","","","","","","",
"Latvia","LVA","Deposit interest rate (%)","FR.INR.DPST","","","","","","","","","","","","","","","","","","","","","","","","","","","","","","","","","","","","","","","","","","","","","","","","","","","","","","","","","","","","","","","","",
"Macao SAR, China","MAC","Deposit interest rate (%)","FR.INR.DPST","","","","","","","","","","","","","","","","","","","","","","","","","9.16666666666667","3.91666666666667","3.5","3.5","4.5625","7.04166666666667","7.125","5.875","3.5","2.75","4.20833333333333","5.93358333333333","5.229825","6.219875","7.00319166666667","5.29938333333333","5.33351666666667","2.587","0.631057618394863","0.322883332974775","0.124101539591974","1.57901281062647","2.84714031830121","2.8511448355833","1.0990184945999","0.0285460509504367","0.0175646048257513","0.0526984334519327","0.0628071923917909","0.0445908630339258","0.0504266694869003","0.0391956639002561","0.0382758519971497","0.0455213180596343","0.10468923148429","0.240615736771251","0.207810567161384","0.164187466687535","0.257614815455147","0.635199189610742",
"St. Martin (French part)","MAF","Deposit interest rate (%)","FR.INR.DPST","","","","","","","","","","","","","","","","","","","","","","","","","","","","","","","","","","","","","","","","","","","","","","","","","","","","","","","","","","","","","","","","",
"Morocco","MAR","Deposit interest rate (%)","FR.INR.DPST","","","","","","","","","","","","","","","","","","","4.5","4.5","4.875","6","6.375","6.5","6.5","8","8.5","8.5","8.5","8.5","8.5","8.5","","","6.94166666666667","","","7.98","7.26083333333333","6.3875","5.15833333333333","5.03833333333333","4.54416666666667","3.77916666666667","3.605","3.52333333333333","3.66666666666667","3.66916666666667","3.91416666666667","3.80916666666667","3.69416666666667","3.75666666666667","3.83416666666667","3.91416666666667","3.8925","3.80166666666667","3.4625","3.1225","3.08916666666667","3.01166666666667","2.86583333333333","2.56833333333333","2.4775","2.78666666666667",
"Monaco","MCO","Deposit interest rate (%)","FR.INR.DPST","","","","","","","","","","","","","","","","","","","","","","","","","","","","","","","","","","","","","","","","","","","","","","","","","","","","","","","","","","","","","","","","",
"Moldova","MDA","Deposit interest rate (%)","FR.INR.DPST","","","","","","","","","","","","","","","","","","","","","","","","","","","","","","","","","","","","26.5","25.425","23.4666666666667","21.675","27.5416666666667","24.8666666666667","20.9333333333333","14.2","12.5508333333333","15.115","13.215","11.88","15.01","17.9341666666667","14.9425","7.66916666666667","7.57286680104379","7.63194796606406","7.22833333333333","5.71666666666667","11.9707089285202","10.7260154440301","5.77260502351679","4.49083333333333","4.60416666666667","3.82916666666667","3.455","9.31583333333333","6.96679651766637",
"Madagascar","MDG","Deposit interest rate (%)","FR.INR.DPST","","","","","","","","","","","","","","","","","","","","","","","","","","","","","","17.75","20.5","20.5","20.5","20","19.5","17.625","19.4375","14.41","8.25","11.0825","15.0825","13.275","12","11.765","12.5975","16.375","19.8","16.5","13.25","11.3875","10.2916666666667","10.65","10.4","10.1458333333333","10.9541666666667","14.6666666666667","15","15","12.75","13","13.1875","13.75","13.375","13",
"Maldives","MDV","Deposit interest rate (%)","FR.INR.DPST","","","","","","","","","","","","","","","","","","","","","","","","","","","","","","","","","","","","4.12582153846154","4.12582153846154","4.12582153846154","4.12582153846154","4.20292788461538","4.17132692307692","4.22820865384615","4.55053846153846","4.55053846153846","3.9438","3.9438","3.9438","3.9438","3.9438","3.9438","4.049425","4.17332354550381","3.73076400533636","3.80652972248036","4.13888929175962","4.11708321583319","3.78406818343812","3.5738897568628","3.65894737737916","3.47339906318362","3.71877818949564","3.69030581771254","3.72775331271114","3.99661494648684",
"Middle East & North Africa","MEA","Deposit interest rate (%)","FR.INR.DPST","","","","","","","","","","","","","","","","","","","","","","","","","","","","","","","","","","","","","","","","","","","","","","","","","","","","","","","","","","","","","","","","",
"Mexico","MEX","Deposit interest rate (%)","FR.INR.DPST","","","","","","","","","","","","","","","","","9.94","10.0666666666667","10.9716666666667","15.5691666666667","22.4158333333333","28.1016666666667","41.0525","59.9075","51.3566666666667","57.7441666666667","78.4333333333333","94.9591666666666","55.2241666666667","33.3716666666667","30.4041666666667","17.965","15.8816666666667","16.6858333333333","15.0291666666667","39.8225","26.4041666666667","16.3633333333333","15.4541666666667","11.6016666666667","8.25666666666667","6.23416666666667","3.7575","3.08583333333333","2.695","3.45666666666667","3.29666666666667","3.205","3.0425","2.01083333333333","1.2125","0.955833333333333","1.08166666666667","1.33166666666667","0.84","0.589166666666667","1.2875","2.69583333333333","3.27083333333333","3.52666666666667","1.46333333333333","0.851666666666667","2.57333333333333","4.76916666666667",
"Marshall Islands","MHL","Deposit interest rate (%)","FR.INR.DPST","","","","","","","","","","","","","","","","","","","","","","","","","","","","","","","","","","","","","","","","","","","","","","","","","","","","","","","","","","","","","","","","",
"Middle income","MIC","Deposit interest rate (%)","FR.INR.DPST","","","","","","","","","","","","","","","","","","","","","","","","","","","","","","","","","","","","","","","","","","","","","","","","","","","","","","","","","","","","","","","","",
"North Macedonia","MKD","Deposit interest rate (%)","FR.INR.DPST","","","","","","","","","","","","","","","","","","","","","","","","","","","","","","","","","","","","","","","","","","","","","","5.49714794462969","4.71376501614093","5.02978436420467","6.18532915178467","7.77269432606176","7.46687394928383","6.08582301927461","5.16922182642368","4.44172210232602","3.71124356449484","2.90028545437363","2.50312498405707","2.21548567130651","2.03976381631607","1.87312600792251","1.47436336364664","1.18544081793544","1.07012161776376","1.81395597726592",
"Mali","MLI","Deposit interest rate (%)","FR.INR.DPST","","","","","","","","","","","","","","","","","","","","","","","","","","","","","","","","","","","","","","","","","","","","","","7.6075","7.82166666666667","7.81333333333333","8.12416666666667","8.57916666666667","8.38666666666667","8.50083333333333","7.9925","7.65416666666667","7.25833333333333","6.99833333333333","6.925","6.49","","","","","","",
"Malta","MLT","Deposit interest rate (%)","FR.INR.DPST","","","","","","","","","","","","","","","","","","","","","","","","","","","","","","","","","","","","","","","","","","","","","","","","","","","","","","","","","","","","","","","","",
"Myanmar","MMR","Deposit interest rate (%)","FR.INR.DPST","","","","","","","","","","","","","","","","0.75","0.75","0.875","1.5","1.5","1.5","1.5","1.5","1.5","1.5","1.5","1.5","1.5","1.5","1.5","5.875","9","9","9","9","9.75","12.5","12.5","12.5","11","9.75","9.5","9.5","9.5","9.5","9.5","11.375","12","12","12","12","11.3333333333333","8","8","8","8","8","8","8","8","5.83333333333333","","","",
"Middle East & North Africa (excluding high income)","MNA","Deposit interest rate (%)","FR.INR.DPST","","","","","","","","","","","","","","","","","","","","","","","","","","","","","","","","","","","","","","","","","","","","","","","","","","","","","","","","","","","","","","","","",
"Montenegro","MNE","Deposit interest rate (%)","FR.INR.DPST","","","","","","","","","","","","","","","","","","","","","","","","","","","","","","","","","","","","","","","","","","","5.245","4.8575","4.86520833333333","4.84375","5.0590625","4.96333333333333","3.82231666666667","3.81166666666667","3.699525","3.13214166666667","3.26258333333333","2.91170833333333","2.13936666666667","1.45808333333333","1.06526666666667","0.879166666666667","0.608216666666667","0.46045","0.40455","0.371358333333333","0.288341666666667","0.267766666666667",
"Mongolia","MNG","Deposit interest rate (%)","FR.INR.DPST","","","","","","","","","","","","","","","","","","","","","","","","","","","","","","","","","500","280.2","115.708333333333","74.6166666666667","44.75","36.3708333333333","33.3066666666667","23.4175","16.8","14.3","13.2166666666667","14.0166666666667","14.15","13","13.0066666666667","13.4591666666667","11.3916666666667","13.2821191815202","11.8589785765079","10.474210650715","11.2737826937569","12.0456860948995","12.3149561238522","12.9787416967212","13.2716651523049","12.9558581381624","12.4361633064091","10.9576524558569","10.2570196664466","6.59972279469075","","",
"Northern Mariana Islands","MNP","Deposit interest rate (%)","FR.INR.DPST","","","","","","","","","","","","","","","","","","","","","","","","","","","","","","","","","","","","","","","","","","","","","","","","","","","","","","","","","","","","","","","","",
"Mozambique","MOZ","Deposit interest rate (%)","FR.INR.DPST","","","","","","","","","","","","","","","","","","","","","","","","","","","","","","","","","","","33.3816666666667","38.8383333333333","18.1416666666667","25.4325","8.22333333333333","7.86","9.695","15.0112777777778","17.988125","12.1491666666667","9.90495342624887","7.80157572698962","10.3690113573382","11.850537092014","10.9847672018614","9.52299598243949","9.68444213399616","12.9827651515151","11.4324745961984","8.79509633298215","8.57801807367278","8.53188151095179","10.751365164695","17.0904244877525","13.5529584639509","9.05580294301033","6.78531568962101","7.01524361218551","7.78758881790432","9.33908798364977",
"Mauritania","MRT","Deposit interest rate (%)","FR.INR.DPST","","","","","","","","","","","","","","","","","","","","","5.5","5.5","5.5","5.5","5.5","7.16666666666667","6.58333333333333","6","6","5","5","5","7.51666666666667","8.625","9","9","9","9","9","9","9.41666666666667","8","8","8","8","8","8","8","8","8","8","8","4.0181","3.34043668163","4.46916666666667","4.65659613637606","5.33396684952709","5.66920205707427","","","","","","",
"Mauritius","MUS","Deposit interest rate (%)","FR.INR.DPST","","","","","","","","","","","","","","","","","","","","","9.25","9.25","11.1458333333333","12.0625","10.2916666666667","9.45833333333333","9.5","9.375","10","11.0625","12.5625","12.3125","10.065","8.39583333333333","11.0425","12.2291666666667","10.7708333333333","9.08333333333333","9.28166666666667","10.9166666666667","9.61416666666667","9.78166666666667","9.875","9.525","8.14583333333333","7.25","9.55","11.7708333333333","10.1083333333333","8.44583333333333","8.35","7.10833333333333","6.23333333333334","6.8125","6.78416666666667","6.08583333333333","5.15416666666667","3.05416666666667","3.34333333333333","3.74583333333333","1.72083333333333","0.705","1.21666666666667","4.57916666666667",
"Malawi","MWI","Deposit interest rate (%)","FR.INR.DPST","","","","","","","","","","","","","","","","","","","","","","","","","","","","","","","","","","","","","","","","","","","","","","","","","","","","","","","","","","","","","","","","",
"Malaysia","MYS","Deposit interest rate (%)","FR.INR.DPST","","","","","","","5","5.08333333333333","5.5","5.5","5.5","5.5","5","5.41666666666667","6.375","5.70833333333333","5.5","5.20833333333333","5.04166666666667","5.5","6.22916666666667","9.6775","9.75","8.02083333333333","9.5","8.8125","7.08333333333333","3","3.29166666666667","4.56166666666667","5.72083333333333","7.11083333333333","7.935","7.02583333333333","4.8925","5.93333333333333","7.085","7.77666666666667","8.51333333333333","4.12416666666667","3.3625","3.37416666666667","3.205","3.06666666666667","3","3.00166666666667","3.14916666666667","3.16583333333333","3.12583333333333","2.08166666666667","2.5025","2.91083333333333","2.98083333333333","2.97","3.04810778727445","3.13448717948718","3.02803563034188","2.92451866666667","3.14344372222222","2.983390625","1.95497673611111","1.56172118055556","1.94905","2.65041666666667",
"North America","NAC","Deposit interest rate (%)","FR.INR.DPST","","","","","","","","","","","","","","","","","","","","","","","","","","","","","","","","","","","","","","","","","","","","","","","","","","","","","","","","","","","","","","","","",
"Namibia","NAM","Deposit interest rate (%)","FR.INR.DPST","","","","","","","","","","","","","","","","","","","","","","","","","","","","","","","","12.7741666666667","11.3616666666667","9.61166666666667","9.18083333333333","10.8433333333333","12.56","12.7008333333333","12.94","10.8158333333333","7.39","6.79416666666667","7.80916666666667","8.755","6.35166666666667","6.24","6.29833333333333","7.54666666666667","8.38416666666667","6.24166666666667","4.99666666666667","4.2825","4.20875","3.9775","4.24833333333333","4.71333333333333","5.64659266747309","5.88519650522294","5.86714270068861","5.70527807035692","4.16072902136908","2.93825068168626","3.72223842214602","5.39320935807719",
"New Caledonia","NCL","Deposit interest rate (%)","FR.INR.DPST","","","","","","","","","","","","","","","","","","","","","","","","","","","","","","","","","","","","","","","","","","","","","","","","","","","","","","","","","","","","","","","","",
"Niger","NER","Deposit interest rate (%)","FR.INR.DPST","","","","","","","","","","","","","","","","","","","","","","","","","","","","","","","","","","","","","","","","","","","","","","7.6075","7.82166666666667","7.81333333333333","8.12416666666667","8.57916666666667","8.38666666666667","8.50083333333333","7.9925","7.65416666666667","7.25833333333333","6.99833333333333","6.925","6.49","","","","","","",
"Nigeria","NGA","Deposit interest rate (%)","FR.INR.DPST","","","","","","","","","","","3","3","3.04166666666667","3","3","3","2.66666666666667","2.83333333333333","4.14583333333333","4.46041666604167","5.26666666633333","5.715833333","7.59999999958333","7.41166666591667","8.25416666658333","9.11666666583333","9.235","13.0875","12.95","14.675","19.7833333333333","14.9166666666667","18.0416666666667","23.2416666666667","13.0916666666667","13.5308333333333","13.0591666666667","7.16916666666667","10.1083333333333","12.8108333333333","11.6908333333333","15.2558333333333","16.67","14.2175","13.6983396127821","10.5325","9.75166666666667","10.2883333333333","11.8675","12.9583333333333","6.52083333333333","5.6925","8.405","7.945","9.3375","9.14833333333333","7.49520093404461","9.55448610385377","9.70071208222939","8.90051680291667","4.64662748565005","4.20684802645598","5.96335748938321","7.83855968526663",
"Nicaragua","NIC","Deposit interest rate (%)","FR.INR.DPST","","","","","","","","","","","","","","","","","","","","","","","","","","","","","130591.969638176","1928.7283383337","11.5536773961518","14.1380526031857","14.6072940623452","14.1198099546655","14.2241984434202","13.5563148114847","15.0136997321572","15.0886972871849","13.0958095540055","11.8283333333333","10.7982988572193","11.5594916576681","7.78905065834981","5.55170709730048","4.71597047096443","4.02968832420311","4.86527738443551","6.07520245919856","6.57258715229673","6.00800969756185","2.99132829223272","1.84691917709322","0.995837711057706","1.01051054660565","1.0477467465547","1.047305628517","1.10226695489182","1.25427254346558","1.31697535175134","3.07230335842397","2.14530411255308","1.49426908605282","1.1688089298968","2.12058988335346",
"Netherlands","NLD","Deposit interest rate (%)","FR.INR.DPST","","","","","","","","","","","","","","","","","","","","","","","","","","","","","","","","","","5.05","4.7","4.39583333333333","3.54166666666667","3.175","3.10416666666667","2.74166666666667","2.8875","3.10416666666667","2.76666666666667","2.4875","2.30916666666667","2.34083333333333","2.9822","3.8892","4.37083333333333","2.59751666666667","2.347175","2.60671666666667","2.73704166666667","2.44","","","","","","","","","","",
"Norway","NOR","Deposit interest rate (%)","FR.INR.DPST","","","","","","","","","","","","","","","","","","","","","","","","","","","","","","","","","","","","","","","","","","","","","","","","","","","","","","2.19","2.07166666666667","1.31333333333333","0.761666666666667","0.723333333333333","0.730833333333333","0.928333333333333","0.5975","0.301666666666667","0.883333333333333","2.39416666666667",
"Nepal","NPL","Deposit interest rate (%)","FR.INR.DPST","","","","","","","","","","","","","","","","","","","","","","","","","","","","","","","","","","","","","","","","","","","","","","","","","","","","","","","","","","","","","","","","",
"Nauru","NRU","Deposit interest rate (%)","FR.INR.DPST","","","","","","","","","","","","","","","","","","","","","","","","","","","","","","","","","","","","","","","","","","","","","","","","","","","","","","","","","","","","","","","","",
"New Zealand","NZL","Deposit interest rate (%)","FR.INR.DPST","","","","","","","","","","","","","","","","","","","","","","","","","","","","","","","11.65","8.925","6.58333333333333","6.24166666666667","6.375","8.491325","8.48875","7.26129166666667","6.777225","4.558275","6.35969166666667","5.34950833333333","5.33236666666667","5.097925","5.77011666666667","6.68273333333333","6.91511666666667","7.78399166666667","7.55144166666667","4.0398","4.5832508089838","4.27205584869751","4.10811230061373","3.82701647135181","4.01166666666667","3.73083333333333","3.23166666666667","3.29666666666667","3.26166666666667","3.00416666666667","1.67833333333333","1.015","2.8175","5.51916666666667",
"OECD members","OED","Deposit interest rate (%)","FR.INR.DPST","","","","","","","","","","","","","","","","","","","","","","","","","","","","","","","","","","","","","","","","","","","","","","","","","","","","","","","","","","","","","","","","",
"Oman","OMN","Deposit interest rate (%)","FR.INR.DPST","","","","","","","","","","","","","","","","","","","","","","","","","9.028","9.042","8.4","7.707","7.38975","8.3525","8.28925","7.4595","6.3515","5.03775","3.8025","6.00225","6.44525","6.7005","7.79625","8.13691666666667","7.67525","6.13075","3.33116666666667","2.514","2.25208333333333","2.82241666666667","3.78766666666667","4.18241666666667","3.89575","4.42841666666667","3.76216666666667","3.01191666666667","2.68816666666667","2.55583333333333","2.202","1.899","2.55733333333333","3.44430786195237","3.57168855958085","3.87677023159927","4.03488446079628","4.15152111191993","","",
"Other small states","OSS","Deposit interest rate (%)","FR.INR.DPST","","","","","","","","","","","","","","","","","","","","","","","","","","","","","","","","","","","","","","","","","","","","","","","","","","","","","","","","","","","","","","","","",
"Pakistan","PAK","Deposit interest rate (%)","FR.INR.DPST","","","","","","","","","","","","","","","","","","","","","","","","","","","","","","","","","","","","","","","","","","","","","1.63416666666667","2.59583333333333","4.17416666666667","5.30833333333333","6.91833333333333","8.68083333333333","8.145","8.22583333333333","7.97916666666667","7.17166666666667","7.265","5.9725","4.83416666666667","4.4775","5.225","9.13199012923062","7.47453443568891","5.75153187603233","","",
"Panama","PAN","Deposit interest rate (%)","FR.INR.DPST","","","","","","","","","","","","","","","","","","","","","","","","","","","6.5025","6.5925","7.54","8.49333333333333","8.4","7.7275","5.6725","5.8975","6.1125","7.175","7.1975","7.03166666666667","6.7625","6.92166666666667","7.06916666666667","6.82833333333333","4.965","3.97583333333333","2.23416666666667","2.695","2.8","","","","","","","","","","","","","","","","","",
"Peru","PER","Deposit interest rate (%)","FR.INR.DPST","","","","","","","","","","","","","","","","","","","","","","","","","","","","","161.784025731452","1135.59454168681","2439.56278715509","170.544317815613","59.6502559605338","44.1385427725747","22.347120018037","15.7021426581298","14.9004520278678","15.0146820544002","15.1144425861659","16.2741190562172","13.2916665994917","9.91666666666667","4.19166666666667","3.83333333333333","2.98333333333333","3.42079622453307","4.79294583333333","4.92248833333333","5.44696250043862","4.35445583333333","2.13037916666667","3.66626666666667","3.87793333333333","3.527825","3.82134166666667","4.111175","4.914425","4.45458333333333","3.34155","3.66995","1.86059166666667","0.696583333333333","4.821075","",
"Philippines","PHL","Deposit interest rate (%)","FR.INR.DPST","","","","","","","","","","","","","","","","","8.5","8.5","8.5","8.66666666666667","11.6666666666667","13.8503333333333","13.74225","13.5813333333333","21.1720833333333","18.9140833333333","11.2529166666667","8.2015","11.3154166666667","14.1263333333333","19.53775","18.8015","14.2745","9.60575","10.5390833333333","8.39191666666667","9.68341666666667","10.1938333333333","12.1063333333333","8.167","8.30508333333333","8.74416666666667","4.608","5.22066666666667","6.1775","5.556","5.29416666666667","3.696","4.4895","2.741","3.21966666666667","3.38791666666667","3.15591666666667","1.66183333333333","1.22883333333333","1.592","1.59616666666667","1.8785","3.11671003598467","4.08365194191513","","","","",
"Palau","PLW","Deposit interest rate (%)","FR.INR.DPST","","","","","","","","","","","","","","","","","","","","","","","","","","","","","","","","","","","","","","","","","","","","","","","","","","","","","","","","","","","","","","","","",
"Papua New Guinea","PNG","Deposit interest rate (%)","FR.INR.DPST","","","","","","","","","","","","","","","","","","","","","","","","6.28882575746591","5.35785984842992","6.25312499994508","7.57130681818182","6.32727272727273","6.11306818181818","5.42102272727273","5.71212121212121","5.97301136363637","5.17660984848485","3.316875","3.35257575757576","7.295","7.13083333333333","4.12916666666667","8.36333333333333","8.12666666666667","8.45833333333333","5.46333333333333","3.18416666666667","4.375","1.725","0.854166666666667","0.979166666666667","1.06083333333333","1.31366102093311","2.32333333333333","1.38333333333333","0.92","0.485833333333333","0.33","0.331666666666667","0.425","0.6451205404965","0.515833333333333","0.68","0.88","0.893333333333333","0.45","0.250833333333333","0.338888888888889",
"Poland","POL","Deposit interest rate (%)","FR.INR.DPST","","","","","","","","","","","","","","","","","","","","","","","","","","","","","","","","","","","","","","","","","","","","","","","","","","","","","","","","","","","","","","","","",
"Pre-demographic dividend","PRE","Deposit interest rate (%)","FR.INR.DPST","","","","","","","","","","","","","","","","","","","","","","","","","","","","","","","","","","","","","","","","","","","","","","","","","","","","","","","","","","","","","","","","",
"Puerto Rico","PRI","Deposit interest rate (%)","FR.INR.DPST","","","","","","","","","","","","","","","","","","","","","","","","","","","","","","","","","","","","","","","","","","","","","","","","","","","","","","","","","","","","","","","","",
"Korea, Dem. People's Rep.","PRK","Deposit interest rate (%)","FR.INR.DPST","","","","","","","","","","","","","","","","","","","","","","","","","","","","","","","","","","","","","","","","","","","","","","","","","","","","","","","","","","","","","","","","",
"Portugal","PRT","Deposit interest rate (%)","FR.INR.DPST","","","","","","","","","","","","","","","","","","","","","","","","","","","","","","","","","","","","","","","","","","","","","","","","","","","","","","","","","","","","","","","","",
"Paraguay","PRY","Deposit interest rate (%)","FR.INR.DPST","","","","","","","","","","","","","","","","","","","","","","","","","","","","","","17.28","18","17.6956363636364","15.8249454545455","17.3578909090909","18.1584","16.6162909090909","13.4744727272727","10.2102545454545","16.197803030303","19.7491666666667","15.7208333333333","16.2241666666667","22.8608333333333","15.8308333333333","5.10833333333333","1.66166666666667","6.72","5.0025","3.0775","1.45583333333333","1.2125","4.025","3.91583333333333","4.24","4.30666666666667","3.5125","3.75583333333333","3.5925","3.48166666666667","3.43833333333333","3.3675","3.42444444444444","","",
"West Bank and Gaza","PSE","Deposit interest rate (%)","FR.INR.DPST","","","","","","","","","","","","","","","","","","","","","","","","","","","","","","","","","","","","","","","","","","","","","1.075","2.2375","2.97","3.015","0.805","0.403769071813392","0.29","0.52907055423672","0.457389672449087","0.622638419078218","0.825588478251268","0.938366373731448","1.01470005754218","1.39348126809161","2.26634660229921","2.85211757115153","2.43132854424659","2.23814728610655","","",
"Pacific island small states","PSS","Deposit interest rate (%)","FR.INR.DPST","","","","","","","","","","","","","","","","","","","","","","","","","","","","","","","","","","","","","","","","","","","","","","","","","","","","","","","","","","","","","","","","",
"Post-demographic dividend","PST","Deposit interest rate (%)","FR.INR.DPST","","","","","","","","","","","","","","","","","","","","","","","","","","","","","","","","","","","","","","","","","","","","","","","","","","","","","","","","","","","","","","","","",
"French Polynesia","PYF","Deposit interest rate (%)","FR.INR.DPST","","","","","","","","","","","","","","","","","","","","","","","","","","","","","","","","","","","","","","","","","","","","","","","","","","","","","","","","","","","","","","","","",
"Qatar","QAT","Deposit interest rate (%)","FR.INR.DPST","","","","","","","","","","","","","","","","","","","","5","6","6","6","6","6","6","6","6","6","6","6","6","4.75","4.075","4.84166666666667","6.1875","6.5","6.625","6.5625","6.5","6.5","","","","2.64666666666667","3.185","4.23166666666667","4.425","2.965","4.23666666666667","2.89854191794078","1.74783798612941","1.66721005660568","1.41783879619888","1.35182760396337","1.61199016238632","2.44802942772879","2.9061763109888","3.45193949167197","3.62646892082227","2.51469796719702","1.8783001646825","2.62273924220996","5.007925",
"Romania","ROU","Deposit interest rate (%)","FR.INR.DPST","","","","","","","","","","","","","","","","","","","","","","","","","","","","","","","","","","42.5","57","44.725","37.26","55.8333333333333","37.275","45.8666666666667","33.1083333333333","26.8666666666667","19.2333333333333","11.0241666666667","11.5383333333333","6.415","4.76833333333333","6.7","9.51333333333333","11.9866666666667","7.31333333333333","6.2975","5.505","4.55083333333333","3.02","1.88833333333333","1.11333333333333","0.887671328915552","1.30452595555615","1.78583333333333","1.92807082499468","1.58014108714551","4.18555929126681","6.43682712448769",
"Russian Federation","RUS","Deposit interest rate (%)","FR.INR.DPST","","","","","","","","","","","","","","","","","","","","","","","","","","","","","","","","","","","","","","16.7666666666667","17.05","13.6833333333333","6.50833333333333","4.85","4.95","4.475","3.79166666666667","3.99166666666667","4.075","5.14166666666667","5.75833333333333","8.58333333333333","6.00833333333333","4.44166666666667","5.53333333333333","5.59166666666667","6.04166666666667","9.19583333333333","6.96916666666667","5.86083333333333","5.36416666666667","5.40416666666667","3.76916666666667","3.78833333333333","7.60166666666667","7.56833333333333",
"Rwanda","RWA","Deposit interest rate (%)","FR.INR.DPST","","","","","","","","","","","","","","","","","","","","","","","","","","","","","","","","","","","","","11.0125","8.37975","8.84466666666667","8.45275","9.4855","9.97916666666667","9.64833333333333","9.165","9.23133333333333","8.67275","8.20333333333333","7.62","6.07666666666667","8.10833333333333","6.76416666666667","7.74916666666667","8.84583333333333","9.92485859542517","8.24148079681899","8.23843666450833","7.91439681243181","7.71570378746731","7.50677414341997","7.64317035652639","7.64225","8.05025","7.6635","9.65090541378534",
"South Asia","SAS","Deposit interest rate (%)","FR.INR.DPST","","","","","","","","","","","","","","","","","","","","","","","","","","","","","","","","","","","","","","","","","","","","","","","","","","","","","","","","","","","","","","","","",
"Saudi Arabia","SAU","Deposit interest rate (%)","FR.INR.DPST","","","","","","","","","","","","","","","","","","","","","","","","","","","","","","","","","","","","","","","","","","","","","","","","","","","","","","","","","","","","","","","","",
"Sudan","SDN","Deposit interest rate (%)","FR.INR.DPST","","","","","","","","","","","","","","","","","","","","","","","","","","","","","","","","","","","","","","","","","","","","","","","","","","","","","","","","","","","","","","","","",
"Senegal","SEN","Deposit interest rate (%)","FR.INR.DPST","","","","","","","","","","","","","","","","","","","","","","","","","","","","","","","","","","","","","","","","","","","","","","7.6075","7.82166666666667","7.81333333333333","8.12416666666667","8.57916666666667","8.38666666666667","8.50083333333333","7.9925","7.65416666666667","7.25833333333333","6.99833333333333","6.925","6.49","","","","","","",
"Singapore","SGP","Deposit interest rate (%)","FR.INR.DPST","","","","","","","","","","","","","","","","","","4.064166666","4.748333333","6.200833333","9.368333333","10.71","7.214999999","6.31416666666667","6.975","4.99333333333333","3.91083333333333","2.88583333333333","2.7375","3.2125","4.67166666666667","4.63","2.86916666666667","2.30083333333333","3.00166666666667","3.50416666666667","3.41","3.47166666666667","4.60416666666667","1.68333333333333","1.71166666666667","1.52","0.869166666666667","0.5025","0.403333333333333","0.440833333333333","0.57","0.529166666666667","0.419166666666667","0.2925","0.205833333333333","0.168333333333333","0.135833333333333","0.14","0.144166666666667","0.166666666666667","0.19","0.141666666666667","0.156666666666667","0.1975","0.183333333333333","0.121666666666667","","",
"Solomon Islands","SLB","Deposit interest rate (%)","FR.INR.DPST","","","","","","","","","","","","","","","","","","","","","","","","","","","","","","","","","","","","","","","","","","","","","","","","","","","3.28833333333333","1.99916666666667","0.860833333333333","0.293333333333333","0.246666666666667","0.306666666666667","0.20975","0.306319886707247","0.340634631220594","0.34730118954691","0.495630962002152","0.462678055730472","0.454598840918661","",
"Sierra Leone","SLE","Deposit interest rate (%)","FR.INR.DPST","","","","","","","","","","","","","","","","","","7","7","7.25","9.16666666666667","10","10","11","12","11.3333333333333","14.1666666666667","12.6666666666667","16.3333333333333","20","40.5","47.8","54.6666666666667","27","11.6333333333333","7.02916666666667","13.955","9.905","7.12333333333333","9.50166666666667","9.245","7.765","9.39583333333333","9.67","11.1683333333333","11.7975","11.14","10.7875","10.5925","9.7225","9.46666666666667","10.3113888888889","10.39","8.90916666666667","6.60590277777778","4.48583333333333","5.36136363636363","5.53068181818182","6.07809343434343","6.40451388888889","5.64020202020202","5.36793650793651","5.37845238095238","5.69690476190476",
"El Salvador","SLV","Deposit interest rate (%)","FR.INR.DPST","","","","","","","","","","","","","","","","","","","","","","","","","","","","","","","","","","","","","","","","","","","","","","","","","","","","","","","","","","","","","","","","",
"San Marino","SMR","Deposit interest rate (%)","FR.INR.DPST","","","","","","","","","","","","","","","","","","","","","","","","","","","","","","","","","","","","","","","","","","2.4","2.675","1.6375","1.4375","1.35","2.1275","2.6275","2.2275","0.9625","0.7075","1.0825","1.255","1.0725","1.32392776221434","2.43401408036851","1.88483333333333","1.06528333333333","1.166425","1.01408333333333","0.772883333333333","0.61195","0.6216","2.00113333333333",
"Somalia","SOM","Deposit interest rate (%)","FR.INR.DPST","","","","","","","","","","2","2","2","2","2.458333333","2.5","4","4","4","4","4.041666666","4.5","5.5","7.5","8.5","8.5","14","15.3125","16.25","20.625","25","","","","","","","","","","","","","","","","","","","","","","","","","","","","","","","","","","",
"Serbia","SRB","Deposit interest rate (%)","FR.INR.DPST","","","","","","","","","","","","","","","","","","","","","","","","","","","","","","","","","","","","","","77.97","60.8609343416621","46.0611329231924","6.3","12.9","24.2839655139652","16.48907255693","15.7401629237058","15.4390514917232","18.3232448042763","12.62","16.1265144614352","15.3866666666667","11.2027777777778","","","","","","","","","","","","","",
"Sub-Saharan Africa (excluding high income)","SSA","Deposit interest rate (%)","FR.INR.DPST","","","","","","","","","","","","","","","","","","","","","","","","","","","","","","","","","","","","","","","","","","","","","","","","","","","","","","","","","","","","","","","","",
"South Sudan","SSD","Deposit interest rate (%)","FR.INR.DPST","","","","","","","","","","","","","","","","","","","","","","","","","","","","","","","","","","","","","","","","","","","","","","","","","","","","","1.97918850160558","1.36272997345919","1.39308157727037","1.19666338224756","1.01951629784187","0.711723765065431","0.184202625037353","0.0601209513708148","0.0758297151768067","0.0373822661078679","0.0602272574062917","0.127739577671649",
"Sub-Saharan Africa","SSF","Deposit interest rate (%)","FR.INR.DPST","","","","","","","","","","","","","","","","","","","","","","","","","","","","","","","","","","","","","","","","","","","","","","","","","","","","","","","","","","","","","","","","",
"Small states","SST","Deposit interest rate (%)","FR.INR.DPST","","","","","","","","","","","","","","","","","","","","","","","","","","","","","","","","","","","","","","","","","","","","","","","","","","","","","","","","","","","","","","","","",
"Sao Tome and Principe","STP","Deposit interest rate (%)","FR.INR.DPST","","","","","","","","","","","","","","","","","","","","","","","","","","","","","","","","","","","","","","","","","","15","15","9.49","11.49","12.2375","10.75","12.75","12.75","11.9208333333333","11.115","12.3575","12.89","12.5975","8.92416666666667","6.89666666666667","4.13416666666667","4.17333333341667","3.79655463283333","3.38093981481481","2.93294166666666","2.37852616712391","2.48813657407407","",
"Suriname","SUR","Deposit interest rate (%)","FR.INR.DPST","","","","","","","","","","","","","","","","","","","","","","","","","","","","","","","4.6","4.6","4.5","4.75","7.45","21","17.775","17.35","15.95","15.6","15.525","11.8583333333333","9","8.275","8.34166666666667","7.26666666666667","6.625","6.41666666666667","6.34166666666667","6.375","6.16643465068186","6.38880225596049","6.79166666666667","7.09166666666667","7.35","7.53333333333333","8.075","9.05","9.23929691872111","8.98822045866488","7.94099184576738","6.86390630463376","7.2951244864115","8.67205848416744",
"Slovak Republic","SVK","Deposit interest rate (%)","FR.INR.DPST","","","","","","","","","","","","","","","","","","","","","","","","","","","","","","","","","","","","","","","","","","","","","","","","","","","","","","","","","","","","","","","","",
"Slovenia","SVN","Deposit interest rate (%)","FR.INR.DPST","","","","","","","","","","","","","","","","","","","","","","","","","","","","","","","","","","","","","","","","","","","","","","","","","","","","","","","","","","","","","","","","",
"Sweden","SWE","Deposit interest rate (%)","FR.INR.DPST","","","","","","","","","","","","","","","","","","","","","","","","","","","","","","","","","7.8","5.45","4.755","5.73","3.7","2.375","2.295","1.475","2.055","2.1725","2.3775","1.675","1.07","0.816975","1.08857777777778","","","","","","","","","","","","","","","","","",
"Eswatini","SWZ","Deposit interest rate (%)","FR.INR.DPST","","","","","","","","","","","","","","5.5","7.02083333333333","7.95833333333333","7.75","7.75","7.66666666666667","5.625","4.5","6.58333333333333","11.6666666666667","11.1666666666667","15","14.3816666666667","7.59","4.88833333333333","6.74","9.07583333333333","8.74083333333333","10.5991666666667","10.4933333333333","7.89","7.535","9.43833333333333","11.0833333333333","12","11.9166666666667","9.85916666666667","6.53","6.15","8.01666666666667","7.58833333333333","4.63083333333333","4.0125","4.93","7.05416666666667","8.16666666666667","5.40333333333333","3.85333333333333","2.85","2.465","2.08","2.14","2.27","2.94","3.2","3.76","3.685","2.46583333333333","1.78","2.5425","4.44166666666667",
"Sint Maarten (Dutch part)","SXM","Deposit interest rate (%)","FR.INR.DPST","","","","","","","","","","","","","","","","","","","","","","","","","","","","","","","","","","","","","","","","","","","","","","","","","","","","","","","","","","","","","","","","",
"Seychelles","SYC","Deposit interest rate (%)","FR.INR.DPST","","","","","","","","","","","","","","","","","","","","","","9","9","9.08333333333333","9.5","9.6","10","10","10","9.7325","9.55083333333333","9.50166666666667","9.55833333333333","9.365","8.84583333333333","9.2225","9.90416666666667","9.19583333333333","7.53416666666667","5.1325","4.7675","4.92083333333333","4.93333333333333","3.98916666666667","3.54583333333333","3.72","2.45556333333333","3.06859282044925","3.96616615503841","9.76746400687392","2.85994658221166","2.08331761975456","3.29824626380438","3.42883588986758","2.33304983891299","3.16129128718516","3.4876616007154","3.60741142824611","3.29076548562187","3.5819575237988","3.46722598937795","2.79021890411485","1.67030801586187","1.90302119942928",
"Syrian Arab Republic","SYR","Deposit interest rate (%)","FR.INR.DPST","","","","","","","","","","","","","","","","","","","","","","","","","","","","","","","","","","","","","","","","","","","","","","","","","","","","","","","","","","","","","","","","",
"Turks and Caicos Islands","TCA","Deposit interest rate (%)","FR.INR.DPST","","","","","","","","","","","","","","","","","","","","","","","","","","","","","","","","","","","","","","","","","","","","","","","","","","","","","","","","","","","","","","","","",
"Chad","TCD","Deposit interest rate (%)","FR.INR.DPST","","","","","","","","","","","","","","","","","","","","","","","","","","","","","","","7.5","7.5","7.5","7.75","8.08333333333333","5.5","5.45833333333333","5","5","5","5","5","5","5","5","4.91666666666667","4.33333333333333","4.25","3.75","3.25","3.25","3.25","3.25","3.20833333333333","2.6","2.45","2.45","2.45","","","","","","",
"East Asia & Pacific (IDA & IBRD countries)","TEA","Deposit interest rate (%)","FR.INR.DPST","","","","","","","","","","","","","","","","","","","","","","","","","","","","","","","","","","","","","","","","","","","","","","","","","","","","","","","","","","","","","","","","",
"Europe & Central Asia (IDA & IBRD countries)","TEC","Deposit interest rate (%)","FR.INR.DPST","","","","","","","","","","","","","","","","","","","","","","","","","","","","","","","","","","","","","","","","","","","","","","","","","","","","","","","","","","","","","","","","",
"Togo","TGO","Deposit interest rate (%)","FR.INR.DPST","","","","","","","","","","","","","","","","","","","","","","","","","","","","","","","","","","","","","","","","","","","","","","7.6075","7.82166666666667","7.81333333333333","8.12416666666667","8.57916666666667","8.38666666666667","8.50083333333333","7.9925","7.65416666666667","7.25833333333333","6.99833333333333","6.925","6.49","","","","","","",
"Thailand","THA","Deposit interest rate (%)","FR.INR.DPST","","","","","","","","","","","","","","","","","","8","8","8.25","12","12.5","13","13","13","13","9.75","9.5","9.5","9.5","12.25","13.6666666666667","8.875","8.625","8.45833333333333","11.5833333333333","10.3333333333333","10.5208333333333","10.6458333333333","4.77083333333333","3.29166666666667","2.54166666666667","","","1.09836378355252","1.65311094810176","4.33873042661947","2.8407899146902","2.53599795678966","1.02193983408434","1.19967250261727","2.4580602042386","2.60014998247194","2.43305606719736","1.75309614610678","1.43341559553114","1.30034238213158","1.28916187722766","1.2875","1.41666666666667","0.621666666666667","0.405833333333333","0.51","1.37416666666667",
"Tajikistan","TJK","Deposit interest rate (%)","FR.INR.DPST","","","","","","","","","","","","","","","","","","","","","","","","","","","","","","","","","","","","","","","","","","","9.54150323596095","9.83931168042677","10.1667218457432","10.1503557634588","9.517944993933","10.9938508263563","9.3702598365416","7.58063046634046","8.64764011395425","8.23675339049387","7.67463613213552","6.57881884807328","5.48951502356822","4.22619645319521","3.53340793326882","3.67960022595704","3.83711503544425","5.17518323954627","","","","",
"Turkmenistan","TKM","Deposit interest rate (%)","FR.INR.DPST","","","","","","","","","","","","","","","","","","","","","","","","","","","","","","","","","","","","","","","","","","","","","","","","","","","","","","","","","","","","","","","","",
"Latin America & the Caribbean (IDA & IBRD countries)","TLA","Deposit interest rate (%)","FR.INR.DPST","","","","","","","","","","","","","","","","","","","","","","","","","","","","","","","","","","","","","","","","","","","","","","","","","","","","","","","","","","","","","","","","",
"Timor-Leste","TLS","Deposit interest rate (%)","FR.INR.DPST","","","","","","","","","","","","","","","","","","","","","","","","","","","","","","","","","","","","","","","","","","","0.786368707983763","0.774106517708139","0.790287214965808","0.791828655233799","0.795632274572308","0.781387667772213","0.796569190475439","0.83079213198143","0.813286263330464","0.846122688717964","0.905304976735008","0.900322602378128","0.852718198875911","0.777286677650705","0.76","0.693333333333333","0.641846135378346","0.6417795716497","0.650169775864108","0.638847199689009","0.605390473627222","0.599304926581605",
"Middle East & North Africa (IDA & IBRD countries)","TMN","Deposit interest rate (%)","FR.INR.DPST","","","","","","","","","","","","","","","","","","","","","","","","","","","","","","","","","","","","","","","","","","","","","","","","","","","","","","","","","","","","","","","","",
"Tonga","TON","Deposit interest rate (%)","FR.INR.DPST","","","","","","","","","","","","","","","","","","","","","","","","","","","","","","","","","","","","","","","","","","","","","","","","","","","","","3.11552650685681","2.82286034908823","2.832816419541","3.021368902847","3.13539021739587","3.01513440026541","2.84180413882467","2.28627227440686","2.07201818483434","1.89364268200428","1.65068335655342","1.54305460414344",
"South Asia (IDA & IBRD)","TSA","Deposit interest rate (%)","FR.INR.DPST","","","","","","","","","","","","","","","","","","","","","","","","","","","","","","","","","","","","","","","","","","","","","","","","","","","","","","","","","","","","","","","","",
"Sub-Saharan Africa (IDA & IBRD countries)","TSS","Deposit interest rate (%)","FR.INR.DPST","","","","","","","","","","","","","","","","","","","","","","","","","","","","","","","","","","","","","","","","","","","","","","","","","","","","","","","","","","","","","","","","",
"Trinidad and Tobago","TTO","Deposit interest rate (%)","FR.INR.DPST","","","","","","","","","","","","","","","","","","","","","","","","","","5.3133333325","6.0375","6.0325","6.035","6.27583333333333","5.9575","5.7925","6.9875","7.0625","6.90583333333333","6.415","7.94111111111111","6.90916666666667","7.95333333333333","8.51","8.15083333333333","7.6625","4.76","2.91416666666667","2.79166666666667","2.1975","4.78875","5.9","7.37","3.41833333333333","1.505","1.5","1.5","1.5","1.5","1.5","1.5","1.5","1.5","1.5","1.5","1.5","1.5","1.5",
"Tunisia","TUN","Deposit interest rate (%)","FR.INR.DPST","","","","","","","","","","","","","","","","","","","","","","","","","","","","","","","","","","","","","","","","","","","","","","","","","","","","","","","","","","","","","","","","",
"Turkiye","TUR","Deposit interest rate (%)","FR.INR.DPST","","","","","","","","","","","","","","","","","","","6","7.33333333333333","8","26.5","45","45.3333333333333","51.4166666666667","49.25","40.5833333333333","35","49.0833333333333","53.79","47.4833333333333","62.68","68.7366666666667","64.5741666666667","87.7908325","75.9675","80.7516666666667","79.4916666666667","80.1075","78.4325","47.1575","74.6991666666667","50.4916666666667","37.6783333333333","24.2591666666667","20.3966666666667","21.6475","22.5591666666667","22.9133333333333","17.6491666666667","15.2691666666667","14.105","17.1933333333333","15.295","16.935","14.9166666666667","14.61","15.2883333333333","23.2833333333333","25.4091666666667","13.3566666666667","20.7","27.0408333333333","51.325",
"Tuvalu","TUV","Deposit interest rate (%)","FR.INR.DPST","","","","","","","","","","","","","","","","","","","","","","","","","","","","","","","","","","","","","","","","","","","","","","","","","","","","","","","","","","","","","","","","",
"Tanzania","TZA","Deposit interest rate (%)","FR.INR.DPST","","","","","","","","","","","","","","","4","4","4","4","4","4","4","4","4","4","4","4.5","8.5","15.75","17.4583333333333","17","","","17","17.7777777777778","21.8833333333333","24.625","13.5916666666667","7.83333333333333","7.75333333333333","7.75","7.38666666666667","4.81082773697271","3.28902810226042","3.04789465378034","4.20066614744214","4.73280324664541","6.72651692296632","8.67953680782008","8.25265193666667","7.97180226069304","6.62333333333333","6.77833333333333","9.545","9.96833333333333","9.855","9.8975","10.4958333333333","11.185","8.2","7.10416666666667","6.68192455967231","","","",
"Uganda","UGA","Deposit interest rate (%)","FR.INR.DPST","","","","","","","","","","","","","","","","","","","","","","","","","20","20","23.3333333333333","20","21.5","32.1666666666667","31.25","31.1666666666667","35.8333333333333","16.2583333333333","9.9925","7.60833333333333","10.6183333333333","11.84","11.3556666666667","8.7275","9.83938","8.46833333333333","5.56489083333333","9.84916317110295","7.74050878958811","8.7925226473926","9.08536608639042","9.26209470422399","10.6705362316752","9.75250938918253","7.68727600132163","13.3435079816513","16.7983045789603","12.1156726815361","10.8095065889367","12.7676244043396","13.2379552257376","9.69723419871754","9.38495271390456","","","","","",
"Ukraine","UKR","Deposit interest rate (%)","FR.INR.DPST","","","","","","","","","","","","","","","","","","","","","","","","","","","","","","","","","68","148.633333333333","208.625","70.2916666666667","33.6333333333333","18.2083333333333","22.2541666666667","20.7","13.7173416666667","10.9888916666667","7.92675","6.9766","7.79590833333333","8.57121666666667","7.5688","8.12026666666667","9.94879166666667","13.7608666666667","10.5557083333333","7.89835833333333","12.9611916666667","10.77735","12.10025","13.0104833333333","11.4857583333333","9.12695833333333","11.7777583333333","12.8923166666667","6.08589166666667","4.63494166666667","7.415675","12.3407083333333",
"Upper middle income","UMC","Deposit interest rate (%)","FR.INR.DPST","","","","","","","","","","","","","","","","","","","","","","","","","","","","","","","","","","","","","","","","","","","","","","","","","","","","","","","","","","","","","","","","",
"Uruguay","URY","Deposit interest rate (%)","FR.INR.DPST","","","","","","","","","","","","","","","","","48.5824994137258","57.2962479288808","76.5871465647393","67.5784711767637","80.5284420469787","74.1472969804959","80.6356881825498","114.860611196689","110.021129329042","131.751877549144","99.2562984710887","97.8620987086639","109.096131409741","136.256215243131","157.370298183699","121.02726399203","87.6200927616202","63.3556545886501","59.4947937080891","61.5190645169943","45.2578692110204","31.5437696248611","24.2778439399165","22.9203759789248","19.4779090847607","23.0331184789439","62.5763291666667","29.6879341666667","6.19863558333333","2.84322266666667","1.831296","2.36118066666667","3.23125725","4.40058373693104","4.16579986199277","4.55463122784372","4.44982667719485","4.64794078959411","4.8980549817206","5.60230410030744","5.56579577494518","5.06613181686738","5.12184363055967","5.06717854887154","4.79461605851154","3.79903837862317","6.2350042332006","8.10136060934534",
"United States","USA","Deposit interest rate (%)","FR.INR.DPST","","","","","","","","","","","","","","","","","","","","","","","","","","","","","","","","","","","","","","","","","","","","","","","","","","","","","","","","","","","","","","","","",
"Uzbekistan","UZB","Deposit interest rate (%)","FR.INR.DPST","","","","","","","","","","","","","","","","","","","","","","","","","","","","","","","","","","","","","","","","","","","","","","","","","","","","","","15.3673562997037","17.2858969321267","13.5877412535697","14.7511218004232","14.6728857315924","14.2555014048143","16.1559811741028","16.3109876908414","16.3177556422062","17.7259472276736","18.0170941772754",
"St. Vincent and the Grenadines","VCT","Deposit interest rate (%)","FR.INR.DPST","","","","","","","","","","","","","","","","","","","","","","","4.83911995021522","5.60897994229492","5.27903994568933","5.38901994455786","5.1690599468208","5.15072994700938","5.27903994568933","4.83911995021522","4.28921995587258","4.05711156692755","3.93855122858142","3.8953554558865","3.88522827226236","4.338390284337","4.13927643896332","4.21058473420125","4.27321433997699","4.45864713547915","4.5385766336113","4.55726849717136","4.35438513265039","4.56088983685506","3.29959153269029","2.89357837353902","2.9230645270407","2.82009823367523","2.79156656353012","2.93935813963752","2.85959053880217","2.99205474004285","2.87588175810801","2.7331220152054","2.63710122473827","2.11941666666667","1.895","1.865","1.82420491666667","1.80399266666667","1.72890325","1.72559075","1.35908325","1.238412",
"Venezuela, RB","VEN","Deposit interest rate (%)","FR.INR.DPST","","","","","","","","","","","","","","","","","","","","","","","","","12.2891666666667","10.5166666666667","8.92583333333333","8.9425","8.94833333333333","28.9108333333333","27.8216666666667","31.1041666666667","35.4316666666667","53.745","39.0212333333333","24.7185333333333","27.5783333333333","14.6958333333333","34.8416666666667","21.2783333333333","16.3","15.5116666666667","29.0008333333333","17.2083333333333","12.5991666666667","11.6258333333333","10.2625","10.7066666666667","16.1533333333333","16.4091666666667","14.8008333333333","14.59","14.5091666666667","14.5033333333333","14.6816666666667","14.8866666666667","15.085","14.7325","","","","","","",
"British Virgin Islands","VGB","Deposit interest rate (%)","FR.INR.DPST","","","","","","","","","","","","","","","","","","","","","","","","","","","","","","","","","","","","","","","","","","","","","","","","","","","","","","","","","","","","","","","","",
"Virgin Islands (U.S.)","VIR","Deposit interest rate (%)","FR.INR.DPST","","","","","","","","","","","","","","","","","","","","","","","","","","","","","","","","","","","","","","","","","","","","","","","","","","","","","","","","","","","","","","","","",
"Viet Nam","VNM","Deposit interest rate (%)","FR.INR.DPST","","","","","","","","","","","","","","","","","","","","","","","","","","","","","","","","","","22.04","","","","8.5125","9.23","7.3725","3.65333333333333","5.30416666666667","6.4475","6.62166666666667","6.17125","7.145","7.63","7.4925","12.7304166666667","7.91","11.19375","13.9935","10.5036666666667","7.14","5.7575","4.7475","5.035","4.80916666666667","4.73825","4.975","4.12020833333333","3.375","3.8175","4.781",
"Vanuatu","VUT","Deposit interest rate (%)","FR.INR.DPST","","","","","","","","","","","","","","","","","","","","","","","","","","","","","","","","","","","","","","","","","","","","","","","","","","","","","","2.24833333333333","2.05916666666667","2.42978984496147","1.96583333333333","1.46916666666667","1.35","1.06416666666667","0.6475","0.5175","0.444166666666667","0.398333333333333",
"World","WLD","Deposit interest rate (%)","FR.INR.DPST","","","","","","","","","","","","","","","","","","","","","","","","","","","","","","","","","","","","","","","","","","","","","","","","","","","","","","","","","","","","","","","","",
"Samoa","WSM","Deposit interest rate (%)","FR.INR.DPST","","","","","","","","","","","","","","","","","","","","","","","","","","","","","","","","","","","","","","","","","","4.5","4.50666666666667","4.52","4.39416666666667","4.3475","4.87083333333333","6.4425","6.06083333333333","4.80583333333333","2.70083333333333","2.285","2.46916666666667","2.88083333333333","3.02","2.48166666666667","2.37083333333333","2.60657985070325","2.75635089611899","2.685","2.66333333333333","2.11166666666667","1.80522307502064","1.79220427062257",
"Kosovo","XKX","Deposit interest rate (%)","FR.INR.DPST","","","","","","","","","","","","","","","","","","","","","","","","","","","","","","","","","","","","","","","","","","","","","2.81170394269361","2.88909710482536","2.95926330319991","3.31602928576835","4.21281869038544","4.32365199529742","3.69562136937427","3.49196609970368","3.6","3.42166666666667","1.11166666666667","0.904166666666667","1.00905833333333","1.035125","1.30986666666667","","","","","",
"Yemen, Rep.","YEM","Deposit interest rate (%)","FR.INR.DPST","","","","","","","","","","","","","","","","","","","","","","","","","","","","","","","","","","","","","23.75","14.9166666666667","11.3333333333333","18.25","14","13","13","13","13","13","13","13","13","10.6666666666667","18.6666666666667","20","19.5","15.25","","","","","","","","","","",
"South Africa","ZAF","Deposit interest rate (%)","FR.INR.DPST","","","","","","","","","","","","","","","","","","","","","","","","","","","","","","","","","","","","","","","","","","8.99","10.7741666666667","9.76083333333333","6.55416666666667","6.04333333333333","7.14166666666667","9.155","11.6125","8.53666666666667","6.465","5.6725","5.43666666666667","5.1525","5.80083333333333","6.15333333333333","7.17166666666667","7.24583333333333","6.99833333333333","7.00833333333333","4.88083333333333","3.815","5.06666666666667","6.63166666666667",
"Zambia","ZMB","Deposit interest rate (%)","FR.INR.DPST","","","","","","","","","","","","","","","","","","","6.25","6.75","7","6.16666666666667","6","7","7.70833333333333","15.3333333333333","17.7416666666667","13.2341666666667","11.44","11.44","25.6541666666667","31.5","48.5","88.1333333333333","46.1416666666667","30.2416666666667","42.125","34.475","13.0833333333333","20.2666666666667","20.2416666666667","23.4083333333333","23.325","21.95","11.5102272727273","11.1891666666667","10.325","9.21666666666667","6.55083333333333","7.09","7.4","7.02416666666667","7","6.49083333333333","7.87666666666667","8.99333333333333","10.7841666666667","8.8875","6.8","8.28583333333333","8.71592682661453","","","",
"Zimbabwe","ZWE","Deposit interest rate (%)","FR.INR.DPST","","","","","","","","","","","","","","","","","","","","","3.52083333333333","7.45833333333333","14.4583333333333","12.7958333331667","10.3041666666667","10.0416666666667","10.2791666666667","9.57666666666667","9.67916666666667","8.85166666666667","8.8025","14.195","28.625","29.4458333333333","26.7508333333333","25.9183333333333","21.5791666666667","18.5983333333333","29.0591666666667","38.5066666666667","50.1666666666667","13.9479166666667","18.375","35.9166666666667","103.208333333333","91.075","203.375","121.5","129","","","","","","","6.70452964814815","4.09083333333333","3.27416666666667","2.5325","2.975","4.51833333333333","8.05916666666667","34.72","62.8208333333333",
